-- MySQL dump 10.13  Distrib 8.0.39, for Linux (x86_64)
--
-- Host: localhost    Database: manage_graduation_se_iuh
-- ------------------------------------------------------
-- Server version	8.0.39-0ubuntu0.24.04.2

/*!40101 SET @OLD_CHARACTER_SET_CLIENT=@@CHARACTER_SET_CLIENT */;
/*!40101 SET @OLD_CHARACTER_SET_RESULTS=@@CHARACTER_SET_RESULTS */;
/*!40101 SET @OLD_COLLATION_CONNECTION=@@COLLATION_CONNECTION */;
/*!50503 SET NAMES utf8mb4 */;
/*!40103 SET @OLD_TIME_ZONE=@@TIME_ZONE */;
/*!40103 SET TIME_ZONE='+00:00' */;
/*!40014 SET @OLD_UNIQUE_CHECKS=@@UNIQUE_CHECKS, UNIQUE_CHECKS=0 */;
/*!40014 SET @OLD_FOREIGN_KEY_CHECKS=@@FOREIGN_KEY_CHECKS, FOREIGN_KEY_CHECKS=0 */;
/*!40101 SET @OLD_SQL_MODE=@@SQL_MODE, SQL_MODE='NO_AUTO_VALUE_ON_ZERO' */;
/*!40111 SET @OLD_SQL_NOTES=@@SQL_NOTES, SQL_NOTES=0 */;

--
-- Table structure for table `achievements`
--

DROP TABLE IF EXISTS `achievements`;
/*!40101 SET @saved_cs_client     = @@character_set_client */;
/*!50503 SET character_set_client = utf8mb4 */;
CREATE TABLE `achievements` (
  `id` char(36) CHARACTER SET utf8mb4 COLLATE utf8mb4_bin NOT NULL,
  `name` varchar(255) NOT NULL,
  `bonus_score` float NOT NULL,
  `created_at` datetime NOT NULL,
  `updated_at` datetime NOT NULL,
  `student_term_id` char(36) CHARACTER SET utf8mb4 COLLATE utf8mb4_bin DEFAULT NULL,
  PRIMARY KEY (`id`),
  KEY `student_term_id` (`student_term_id`),
  CONSTRAINT `achievements_ibfk_1` FOREIGN KEY (`student_term_id`) REFERENCES `student_terms` (`id`) ON DELETE SET NULL ON UPDATE CASCADE
) ENGINE=InnoDB DEFAULT CHARSET=utf8mb4 COLLATE=utf8mb4_0900_ai_ci;
/*!40101 SET character_set_client = @saved_cs_client */;

--
-- Dumping data for table `achievements`
--

LOCK TABLES `achievements` WRITE;
/*!40000 ALTER TABLE `achievements` DISABLE KEYS */;
/*!40000 ALTER TABLE `achievements` ENABLE KEYS */;
UNLOCK TABLES;

--
-- Table structure for table `assigns`
--

DROP TABLE IF EXISTS `assigns`;
/*!40101 SET @saved_cs_client     = @@character_set_client */;
/*!50503 SET character_set_client = utf8mb4 */;
CREATE TABLE `assigns` (
  `id` char(36) CHARACTER SET utf8mb4 COLLATE utf8mb4_bin NOT NULL,
  `type` enum('REVIEWER','REPORT_POSTER','REPORT_COUNCIL') NOT NULL,
  `created_at` datetime NOT NULL,
  `updated_at` datetime NOT NULL,
  `group_lecturer_id` char(36) CHARACTER SET utf8mb4 COLLATE utf8mb4_bin DEFAULT NULL,
  `group_student_id` char(36) CHARACTER SET utf8mb4 COLLATE utf8mb4_bin DEFAULT NULL,
  PRIMARY KEY (`id`),
  KEY `group_lecturer_id` (`group_lecturer_id`),
  KEY `group_student_id` (`group_student_id`),
  CONSTRAINT `assigns_ibfk_1` FOREIGN KEY (`group_lecturer_id`) REFERENCES `group_lecturers` (`id`) ON DELETE SET NULL ON UPDATE CASCADE,
  CONSTRAINT `assigns_ibfk_2` FOREIGN KEY (`group_student_id`) REFERENCES `group_students` (`id`) ON DELETE SET NULL ON UPDATE CASCADE
) ENGINE=InnoDB DEFAULT CHARSET=utf8mb4 COLLATE=utf8mb4_0900_ai_ci;
/*!40101 SET character_set_client = @saved_cs_client */;

--
-- Dumping data for table `assigns`
--

LOCK TABLES `assigns` WRITE;
/*!40000 ALTER TABLE `assigns` DISABLE KEYS */;
/*!40000 ALTER TABLE `assigns` ENABLE KEYS */;
UNLOCK TABLES;

--
-- Table structure for table `evaluations`
--

DROP TABLE IF EXISTS `evaluations`;
/*!40101 SET @saved_cs_client     = @@character_set_client */;
/*!50503 SET character_set_client = utf8mb4 */;
CREATE TABLE `evaluations` (
  `id` char(36) CHARACTER SET utf8mb4 COLLATE utf8mb4_bin NOT NULL,
  `name` varchar(255) NOT NULL,
  `score_max` int NOT NULL,
  `description` text,
  `type` enum('ADVISOR','REVIEWER','REPORT') DEFAULT 'REVIEWER',
  `created_at` datetime NOT NULL,
  `updated_at` datetime NOT NULL,
  `term_id` char(36) CHARACTER SET utf8mb4 COLLATE utf8mb4_bin DEFAULT NULL,
  PRIMARY KEY (`id`),
  KEY `term_id` (`term_id`),
  CONSTRAINT `evaluations_ibfk_1` FOREIGN KEY (`term_id`) REFERENCES `terms` (`id`) ON DELETE SET NULL ON UPDATE CASCADE
) ENGINE=InnoDB DEFAULT CHARSET=utf8mb4 COLLATE=utf8mb4_0900_ai_ci;
/*!40101 SET character_set_client = @saved_cs_client */;

--
-- Dumping data for table `evaluations`
--

LOCK TABLES `evaluations` WRITE;
/*!40000 ALTER TABLE `evaluations` DISABLE KEYS */;
INSERT INTO `evaluations` VALUES ('0793021e-1b90-4c85-abfb-4289dacbda77','Write the project documentation according to predefined regulations.',10,'[0 - 2) - Incomplete writing of the required chapters of a graduation thesis report.\r\n- There are no references cited.\r\n- Copy other thesis topics without citing them. ; [2 - 5) - Incomplete writing of the required chapters of a graduation thesis report.\r\n- References are cited but not in the correct format.\r\n- There are more than 3 spelling errors on any page.\r\n- Confusing, confusing sentences, translated verbatim from English on any page. ; [5 - 8) - Can write all the necessary chapters of a graduation thesis report.\r\n- Write citations in the correct format and in the correct location.\r\n- There are no more than 3 spelling errors on any page. ; [8 - 10] - There should not be more than 1 spelling error on any page.\r\n- The layout of the chapters is clear; There are transition sentences between chapters and paragraphs.\r\n- Font, line, and paragraph formatting must be consistent.','REVIEWER','2024-10-25 08:39:59','2024-10-25 08:39:59','8fb8fbda-37ed-4861-a3a2-236500e62ee6'),('0a70cdde-fa0e-42d8-8929-09b0dd8afbb2','Identify the requirements of the project.',10,'[0 - 2) - Identify less than 30% of requirements.\r\n- Failure to state the urgency, goals, and scope of the topic.\r\n- Unable to provide a plan to implement the project. ; [2 - 5) - Identify less than 50% of requirements.\r\n- State the urgency, goals, and scope of the topic but are not clear.\r\n- Unable to provide a plan to implement the project. ; [5 - 8) - Recognized less than 80% of requests.\r\n- State the urgency, goals, and scope of the topic.\r\n- Provide a plan to implement the project. ; [8 - 10]- Identify more than 80% of requests and collect information that needs to be stored.\r\n- State the urgency, goals, and scope of the topic.\r\n- Provide a plan to implement the project.','REPORT','2024-10-25 08:40:17','2024-10-25 08:40:17','8fb8fbda-37ed-4861-a3a2-236500e62ee6'),('0adcba27-aa7c-42ef-807b-82990b53afea','Analyze and model the requirements of the project.',10,'[0 - 2) - Unable to identify and analyze basic functional requirements of the system to be built in the project.\r\n- Do not model the current status and operations included in the requirements of the topic to be implemented. ; [2 - 5) - Identify and analyze up to 30% of the basic functional requirements of the system to be built in the project. ; [5 - 8) - Identify and analyze up to 60% of the basic functional requirements of the system to be built in the project.\r\n- Identify and analyze up to 60% of the main business processes of the system that need to be built in the project.\r\n- Model the basic functional requirements and main operations identified in the system to be built in the project. ; [8 - 10] - Identify and analyze over 60% of the basic functional requirements of the system to be built in the project.\r\n- Identify and analyze over 60% of the main business processes of the system that need to be built in the project.\r\n- Model the basic functional requirements and main operations identified in the system to be built in the project.','REVIEWER','2024-10-25 08:39:59','2024-10-25 08:39:59','8fb8fbda-37ed-4861-a3a2-236500e62ee6'),('1c8f12b4-f266-4ffd-ae5a-11a8c5a349bb','Analyze and model the requirements of the project.',20,'[0 - 4) - Unable to identify and analyze basic functional requirements of the system to be built in the project.\r\n- Do not model the current status and operations included in the requirements of the topic to be implemented. ; [4 - 10) - Identify and analyze up to 30% of the basic functional requirements of the system to be built in the project. ; [10 - 16) - Identify and analyze up to 60% of the basic functional requirements of the system to be built in the project.\r\n- Identify and analyze up to 60% of the main business processes of the system that need to be built in the project.\r\n- Model the basic functional requirements and main operations identified in the system to be built in the project. ; [16 - 20] - Identify and analyze over 60% of the basic functional requirements of the system to be built in the project.\r\n- Identify and analyze over 60% of the main business processes of the system that need to be built in the project.\r\n- Model the basic functional requirements and main operations identified in the system to be built in the project.','ADVISOR','2024-10-25 08:39:40','2024-10-25 08:39:40','8fb8fbda-37ed-4861-a3a2-236500e62ee6'),('22306dcc-4f34-4c22-97f9-4c6286e96ffe','Identify the requirements of the project.',10,'[0 - 2) - Identify less than 30% of requirements.\r\n- Failure to state the urgency, goals, and scope of the topic.\r\n- Unable to provide a plan to implement the project. ; [2 - 5) - Identify less than 50% of requirements.\r\n- State the urgency, goals, and scope of the topic but are not clear.\r\n- Unable to provide a plan to implement the project. ; [5 - 8) - Recognized less than 80% of requests.\r\n- State the urgency, goals, and scope of the topic.\r\n- Provide a plan to implement the project. ; [8 - 10] - Identify more than 80% of requests and collect information that needs to be stored.\r\n- State the urgency, goals, and scope of the topic.\r\n- Provide a plan to implement the project.','ADVISOR','2024-10-25 08:39:40','2024-10-25 08:39:40','8fb8fbda-37ed-4861-a3a2-236500e62ee6'),('2893484e-06fc-49e6-82e3-b9ed6056254a','Write the project documentation according to predefined regulations.',10,'[0 - 2) - Incomplete writing of the required chapters of a graduation thesis report.\r\n- There are no references cited.\r\n- Copy other thesis topics without citing them. ; [2 - 5) - Incomplete writing of the required chapters of a graduation thesis report.\r\n- References are cited but not in the correct format.\r\n- There are more than 3 spelling errors on any page.\r\n- Confusing, confusing sentences, translated verbatim from English on any page. ; [5 - 8) - Can write all the necessary chapters of a graduation thesis report.\r\n- Write citations in the correct format and in the correct location.\r\n- There are no more than 3 spelling errors on any page. ; [8 - 10] - There should not be more than 1 spelling error on any page.\r\n- The layout of the chapters is clear; There are transition sentences between chapters and paragraphs.\r\n- Font, line, and paragraph formatting must be consistent.','ADVISOR','2024-10-25 08:39:40','2024-10-25 08:39:40','8fb8fbda-37ed-4861-a3a2-236500e62ee6'),('31859e98-87f6-4695-b46f-028e84ce53fe','Evaluate the implemented results.',10,'[0 - 2) - Failure to design and execute tests. ; [2 - 5) - Create incorrect test cases tables or do not test. ; [5 - 8) - Create a table of test cases for at least 3 main functions of the program.\r\n- Execute test cases. ; [8 - 10] - Create test cases for a business process.','ADVISOR','2024-10-25 08:39:40','2024-10-25 08:39:40','8fb8fbda-37ed-4861-a3a2-236500e62ee6'),('536a74b5-1146-4220-8760-f5ea02d7bfa0','Implement the project according to the designed solution.',20,'[0 - 4) - Implement less than 10% of the information system as designed. ; [4 - 10) - Implement up to 30% of the information system as designed. ; [10 - 16) - Implement up to 70% of the information system as designed. ; [16 - 20] - Implement over 70% of the information system as designed.','REVIEWER','2024-10-25 08:39:59','2024-10-25 08:39:59','8fb8fbda-37ed-4861-a3a2-236500e62ee6'),('55c33f48-b6f2-4408-8659-9fd243a49992','Evaluate the implemented results.',10,'[0 - 2) - Failure to design and execute tests. ; [2 - 5) - Create incorrect test cases tables or do not test. ; [5 - 8) - Create a table of test cases for at least 3 main functions of the program.\r\n- Execute test cases. ; [8 - 10] - Create test cases for a business process.','REPORT','2024-10-25 08:40:17','2024-10-25 08:40:17','8fb8fbda-37ed-4861-a3a2-236500e62ee6'),('5d8c1c76-d925-47b9-8dcc-5999e50bd89f','Analyze and model the requirements of the project.',10,'[0 - 2) - Unable to identify and analyze basic functional requirements of the system to be built in the project.\r\n- Do not model the current status and operations included in the requirements of the topic to be implemented. ; [2 - 5) - Identify and analyze up to 30% of the basic functional requirements of the system to be built in the project. ; [5 - 8) - Identify and analyze up to 60% of the basic functional requirements of the system to be built in the project.\r\n- Identify and analyze up to 60% of the main business processes of the system that need to be built in the project.\r\n- Model the basic functional requirements and main operations identified in the system to be built in the project. ; [8 - 10] - Identify and analyze over 60% of the basic functional requirements of the system to be built in the project.\r\n- Identify and analyze over 60% of the main business processes of the system that need to be built in the project.\r\n- Model the basic functional requirements and main operations identified in the system to be built in the project.','REPORT','2024-10-25 08:40:17','2024-10-25 08:40:17','8fb8fbda-37ed-4861-a3a2-236500e62ee6'),('71dc352a-f0b3-45d3-808d-21793831f61f','Evaluate the implemented results.',10,'[0 - 2) - Failure to design and execute tests. ; [2 - 5) - Create incorrect test cases tables or do not test. ; [5 - 8) - Create a table of test cases for at least 3 main functions of the program.\r\n- Execute test cases. ; [8 - 10] - Create test cases for a business process.','REVIEWER','2024-10-25 08:39:59','2024-10-25 08:39:59','8fb8fbda-37ed-4861-a3a2-236500e62ee6'),('734e97af-80d8-443a-9d51-6f9f934e7724','Design an engineering-based solution to meet the requirements of the project.',10,'[0 - 2) - Can\'t design anything. ; [2 - 5) - Design a solution that meets less than 30% of the identified requirements of the system in the topic. ; [5 - 8) - Design a solution that meets up to 70% of the identified requirements of the system in the project. ; [8 - 10] - Design a solution that meets over 70% of the identified requirements of the system in the project.','REVIEWER','2024-10-25 08:39:59','2024-10-25 08:39:59','8fb8fbda-37ed-4861-a3a2-236500e62ee6'),('7382523c-6d53-46e8-905a-7715b62c9f23','Defend the results of the project before critics.',20,'[0 - 4) - Present with a low voice, not clear, not logical, not confident.\r\n- Unable to answer or answer correctly up to 1/3 of the total questions asked by the critics. ; [4 - 10) - Just read the slide without any further explanation or presentation that is not complete or clear\r\n- Presentation exceeds the allotted time.\r\n- Correctly answer over 1/3 to 2/3 of the total questions asked by the critics. ; [10 - 16) - Present fully, loudly, clearly, logically and confidently\r\n- At regulation time.\r\n- Correctly answer more than 2/3 of the total questions with reasonable and accurate explanations from the critics. ; [16 - 20] - Present loudly, clearly, logically, confidently and attractively.\r\n- At regulation time.\r\n- Answer the questions of the critics with reasonable and accurate explanations and practical connections.','REPORT','2024-10-25 08:40:17','2024-10-25 08:40:17','8fb8fbda-37ed-4861-a3a2-236500e62ee6'),('858055b0-2e1d-4910-af69-63d7bb6c4a7b','Determine the techniques and technologies to address the identified requirements.',10,'[0 - 2) Failure to provide techniques and technologies to address identified requirements. ; [2 - 5) Provide less than 40% of the techniques and technologies to address the identified requirements. ; [5 - 8) - Provide adequate techniques and technologies to address identified requirements.\r\n- Reasonably explain the reasons for choosing that technique and technology to solve the requirements. ; [8 - 10] - Provide adequate techniques and technologies to address identified requirements.\r\n- Reasonably explain the reasons for choosing that technique and technology to solve the requirements.\r\n- The techniques and technologies used to solve the identified requirements are new and follow future trends.','ADVISOR','2024-10-25 08:39:40','2024-10-25 08:39:40','8fb8fbda-37ed-4861-a3a2-236500e62ee6'),('8a51e6ba-4008-45bd-843f-a7e69e1878ef','Design an engineering-based solution to meet the requirements of the project.',20,'[0 - 4) - Can\'t design anything. ; [4 - 10) - Design a solution that meets less than 30% of the identified requirements of the system in the topic. ; [10 - 16) - Design a solution that meets up to 70% of the identified requirements of the system in the project. ; [16 - 20] - Design a solution that meets over 70% of the identified requirements of the system in the project.','ADVISOR','2024-10-25 08:39:40','2024-10-25 08:39:40','8fb8fbda-37ed-4861-a3a2-236500e62ee6'),('932c594a-4b08-4809-9438-d46bc57e8cae','Implement the project according to the designed solution.',20,'[0 - 4) - Implement less than 10% of the information system as designed. ; [4 - 10) - Implement up to 30% of the information system as designed. ; [10 - 16) - Implement up to 70% of the information system as designed. ; [16 - 20] - Implement over 70% of the information system as designed.','REPORT','2024-10-25 08:40:17','2024-10-25 08:40:17','8fb8fbda-37ed-4861-a3a2-236500e62ee6'),('b58031f1-a18b-4aaa-91d0-557781f84f36','Determine the techniques and technologies to address the identified requirements.',10,'[0 - 2) - Failure to provide techniques and technologies to address identified requirements. ; [2 - 5) - Provide less than 40% of the techniques and technologies to address the identified requirements. ; [5 - 8) - Provide adequate techniques and technologies to address identified requirements.\r\n- Reasonably explain the reasons for choosing that technique and technology to solve the requirements. ; [8 - 10] - Provide adequate techniques and technologies to address identified requirements.\r\n- Reasonably explain the reasons for choosing that technique and technology to solve the requirements.\r\n- The techniques and technologies used to solve the identified requirements are new and follow future trends.','REVIEWER','2024-10-25 08:39:59','2024-10-25 08:39:59','8fb8fbda-37ed-4861-a3a2-236500e62ee6'),('c35d34d2-8ff4-42a8-9eb4-3ea3fe11ee6f','Determine the techniques and technologies to address the identified requirements.',10,'[0 - 2) - Failure to provide techniques and technologies to address identified requirements. ; [2 - 5) - Provide less than 40% of the techniques and technologies to address the identified requirements. ; [5 - 8) - Provide adequate techniques and technologies to address identified requirements.\r\n- Reasonably explain the reasons for choosing that technique and technology to solve the requirements. ; [8 - 10] - Provide adequate techniques and technologies to address identified requirements.\r\n- Reasonably explain the reasons for choosing that technique and technology to solve the requirements.\r\n- The techniques and technologies used to solve the identified requirements are new and follow future trends.','REPORT','2024-10-25 08:40:17','2024-10-25 08:40:17','8fb8fbda-37ed-4861-a3a2-236500e62ee6'),('cb4a0ac9-488e-4c9e-b176-c10e4844e143','Implement the project according to the designed solution.',20,'[0 - 4) - Implement less than 10% of the information system as designed. ; [4 - 10) - Implement up to 30% of the information system as designed. ; [10 - 16) - Implement up to 70% of the information system as designed. ; [16 - 20] - Implement over 70% of the information system as designed.','ADVISOR','2024-10-25 08:39:40','2024-10-25 08:39:40','8fb8fbda-37ed-4861-a3a2-236500e62ee6'),('e1cdd09d-c350-4b5c-b90c-bf59b51d6990','Identify the requirements of the project.',10,'[0 - 2) - Identify less than 30% of requirements.\r\n- Failure to state the urgency, goals, and scope of the topic.\r\n- Unable to provide a plan to implement the project. ; [2 - 5) - Identify less than 50% of requirements.\r\n- State the urgency, goals, and scope of the topic but are not clear.\r\n- Unable to provide a plan to implement the project. ; [5 - 8) - Recognized less than 80% of requests.\r\n- State the urgency, goals, and scope of the topic.\r\n- Provide a plan to implement the project. ; [8 - 10]- Identify more than 80% of requests and collect information that needs to be stored.\r\n- State the urgency, goals, and scope of the topic.\r\n- Provide a plan to implement the project.','REVIEWER','2024-10-25 08:39:59','2024-10-25 08:39:59','8fb8fbda-37ed-4861-a3a2-236500e62ee6'),('efc9a388-6383-4d0d-aa31-abef51338d69','Defend the results of the project before critics.',20,'[0 - 4) - Present with a low voice, not clear, not logical, not confident.\r\n- Unable to answer or answer correctly up to 1/3 of the total questions asked by the critics. ; [4 - 10) - Just read the slide without any further explanation or presentation that is not complete or clear\r\n- Presentation exceeds the allotted time.\r\n- Correctly answer over 1/3 to 2/3 of the total questions asked by the critics. ; [10 - 16) - Present fully, loudly, clearly, logically and confidently\r\n- At regulation time.\r\n- Correctly answer more than 2/3 of the total questions with reasonable and accurate explanations from the critics. ; [16 - 20] - Present loudly, clearly, logically, confidently and attractively.\r\n- At regulation time.\r\n- Answer the questions of the critics with reasonable and accurate explanations and practical connections.','REVIEWER','2024-10-25 08:39:59','2024-10-25 08:39:59','8fb8fbda-37ed-4861-a3a2-236500e62ee6'),('f4ff8351-2c94-4574-8ad8-79aa68cfb014','Design an engineering-based solution to meet the requirements of the project.',10,'[0 - 2) - Can\'t design anything. ; [2 - 5) - Design a solution that meets less than 30% of the identified requirements of the system in the topic. ; [5 - 8) - Design a solution that meets up to 70% of the identified requirements of the system in the project. ; [8 - 10] - Design a solution that meets over 70% of the identified requirements of the system in the project.','REPORT','2024-10-25 08:40:17','2024-10-25 08:40:17','8fb8fbda-37ed-4861-a3a2-236500e62ee6'),('fbb0094f-538d-4895-ae15-364d600e185b','Write the project documentation according to predefined regulations.',10,'[0 - 2) - Incomplete writing of the required chapters of a graduation thesis report.\r\n- There are no references cited.\r\n- Copy other thesis topics without citing them. ; [2 - 5) - Incomplete writing of the required chapters of a graduation thesis report.\r\n- References are cited but not in the correct format.\r\n- There are more than 3 spelling errors on any page.\r\n- Confusing, confusing sentences, translated verbatim from English on any page. ; [5 - 8) - Can write all the necessary chapters of a graduation thesis report.\r\n- Write citations in the correct format and in the correct location.\r\n- There are no more than 3 spelling errors on any page. ; [8 - 10] - There should not be more than 1 spelling error on any page.\r\n- The layout of the chapters is clear; There are transition sentences between chapters and paragraphs.\r\n- Font, line, and paragraph formatting must be consistent.','REPORT','2024-10-25 08:40:17','2024-10-25 08:40:17','8fb8fbda-37ed-4861-a3a2-236500e62ee6');
/*!40000 ALTER TABLE `evaluations` ENABLE KEYS */;
UNLOCK TABLES;

--
-- Table structure for table `group_lecturer_members`
--

DROP TABLE IF EXISTS `group_lecturer_members`;
/*!40101 SET @saved_cs_client     = @@character_set_client */;
/*!50503 SET character_set_client = utf8mb4 */;
CREATE TABLE `group_lecturer_members` (
  `id` char(36) CHARACTER SET utf8mb4 COLLATE utf8mb4_bin NOT NULL,
  `created_at` datetime NOT NULL,
  `updated_at` datetime NOT NULL,
  `lecturer_term_id` char(36) CHARACTER SET utf8mb4 COLLATE utf8mb4_bin DEFAULT NULL,
  `group_lecturer_id` char(36) CHARACTER SET utf8mb4 COLLATE utf8mb4_bin DEFAULT NULL,
  PRIMARY KEY (`id`),
  KEY `lecturer_term_id` (`lecturer_term_id`),
  KEY `group_lecturer_id` (`group_lecturer_id`),
  CONSTRAINT `group_lecturer_members_ibfk_1` FOREIGN KEY (`lecturer_term_id`) REFERENCES `lecturer_terms` (`id`) ON DELETE SET NULL ON UPDATE CASCADE,
  CONSTRAINT `group_lecturer_members_ibfk_2` FOREIGN KEY (`group_lecturer_id`) REFERENCES `group_lecturers` (`id`) ON DELETE SET NULL ON UPDATE CASCADE
) ENGINE=InnoDB DEFAULT CHARSET=utf8mb4 COLLATE=utf8mb4_0900_ai_ci;
/*!40101 SET character_set_client = @saved_cs_client */;

--
-- Dumping data for table `group_lecturer_members`
--

LOCK TABLES `group_lecturer_members` WRITE;
/*!40000 ALTER TABLE `group_lecturer_members` DISABLE KEYS */;
INSERT INTO `group_lecturer_members` VALUES ('049ec401-f160-4584-8b18-720ffee3a9bd','2024-10-25 08:34:57','2024-10-25 08:34:57','c2461deb-0f4d-4666-bc84-57d26993cf0d','732daae5-758c-4a91-ae4d-1e9b8c99e15a'),('0fd8bb1d-da61-4121-8f4d-1e407e24e858','2024-10-25 08:33:53','2024-10-25 08:33:53','91bc8486-b8c0-4d29-aedc-a18ab867a534','cf2294cd-b8d9-4285-84cf-f248f72e3b1e'),('15de51e4-4067-4fb8-b5bc-d378eeb85303','2024-10-25 08:33:28','2024-10-25 08:33:28','ade39f51-5c1f-494e-b068-f4be124f6767','459623e8-89b1-4afe-86f0-b22f0f6515f9'),('1d5add0a-f151-4ae7-957a-12d179ee2f93','2024-10-25 08:34:06','2024-10-25 08:34:06','deb0b8f3-aef7-4cdb-b88a-adb87b4e8e75','3087db32-309e-49b3-86a1-cb899d7667db'),('1e728afa-68ac-45c1-8d7a-4c17024718b1','2024-10-25 08:37:15','2024-10-25 08:37:15','91bc8486-b8c0-4d29-aedc-a18ab867a534','c7d77ce1-3fcb-4789-8e18-f47194de5822'),('232c47d8-cad8-4a4d-bea3-1dafbf74ebd2','2024-10-25 08:35:07','2024-10-25 08:35:07','eaca5efd-9875-4c37-a32c-ce4abdaaa168','6a2e12ff-5294-4237-b9df-1a563837693a'),('3330e4ed-6672-424b-974f-d901b09c3137','2024-10-25 08:34:39','2024-10-25 08:34:39','77ed790c-4441-47b1-bec7-2e963072e015','9dc64648-b3da-4836-b2fc-3245c109adb7'),('36d76d67-4757-4ccf-afa4-32dee9f223c8','2024-10-25 08:33:14','2024-10-25 08:33:14','a7ab968e-6d34-41f5-b85d-d219f209798d','df6f27f0-f3c4-4818-8430-326b660e2a5a'),('4e7105f3-c3ed-48ce-bdf1-be10808c55c5','2024-10-25 08:34:57','2024-10-25 08:34:57','de73f2b5-f0f9-4b16-86ac-d52852d3e672','732daae5-758c-4a91-ae4d-1e9b8c99e15a'),('572112c7-3c21-4045-824c-0a712ee17964','2024-10-25 08:33:53','2024-10-25 08:33:53','7fb58e30-8a15-4adb-ae04-b7b4024dac06','cf2294cd-b8d9-4285-84cf-f248f72e3b1e'),('600ed873-d07d-4cfd-9683-47662a602330','2024-10-25 08:36:54','2024-10-25 08:36:54','c11e126e-fdea-4e26-b088-d726d492eb15','af9586b1-1576-41dd-8971-b37fa6d8015d'),('6214592a-04a3-4799-aeec-f77c40128495','2024-10-25 08:36:19','2024-10-25 08:36:19','a7ab968e-6d34-41f5-b85d-d219f209798d','aa01ec0c-7ffb-4f7e-8285-1672aa5dede1'),('6668ac4a-7013-4bc8-a05b-8aae5f36ed19','2024-10-25 08:33:14','2024-10-25 08:33:14','c6ce4103-ef78-4a68-9bc8-f5a07711aef0','df6f27f0-f3c4-4818-8430-326b660e2a5a'),('69974f0f-0ef6-4b18-a45b-359985b15f9d','2024-10-25 08:34:39','2024-10-25 08:34:39','eaca5efd-9875-4c37-a32c-ce4abdaaa168','9dc64648-b3da-4836-b2fc-3245c109adb7'),('6fd9fd21-c168-4b12-8ad2-8156130cb14f','2024-10-25 08:35:07','2024-10-25 08:35:07','8e2d3539-06fb-4c37-ae54-43e90083be5d','6a2e12ff-5294-4237-b9df-1a563837693a'),('75991bf1-baec-4c8f-90d2-68dd218f6fd3','2024-10-25 08:36:43','2024-10-25 08:36:43','7fb58e30-8a15-4adb-ae04-b7b4024dac06','c16cb4ba-c18b-4efe-93c4-597428e086bd'),('7a4f5624-c1eb-4e0f-a2d5-ed98696776f1','2024-10-25 08:36:54','2024-10-25 08:36:54','8a6eb974-d9e9-4d25-898f-1f7691fbfef4','af9586b1-1576-41dd-8971-b37fa6d8015d'),('7ac9f730-8238-44c6-b845-f352dbc1af26','2024-10-25 08:36:07','2024-10-25 08:36:07','22f506c6-2db7-4bb5-be55-a5548bcf523c','1993a020-5170-44bb-8d8e-69a96f8b7683'),('7ef86e3e-7adf-4ac6-887f-2964f7661302','2024-10-25 08:37:25','2024-10-25 08:37:25','77ed790c-4441-47b1-bec7-2e963072e015','8eeea8e2-3c10-4b38-b7e7-ee8168d8490d'),('83218cd2-a264-4ae2-a1cd-a6cbe45885d7','2024-10-25 08:34:06','2024-10-25 08:34:06','8d81ec71-666d-43cb-823f-3c0fe12bb03c','3087db32-309e-49b3-86a1-cb899d7667db'),('8eed7900-ff60-48d1-bde0-65ff7aad3a00','2024-10-25 08:36:31','2024-10-25 08:36:31','0f9533e5-b3d5-4f50-a5b9-499a6d760855','f98f4e16-9b01-43a3-b451-77d4e224d0f7'),('8fe0e5d7-dcb8-4931-b0f1-b8e5bc32b38d','2024-10-25 08:37:25','2024-10-25 08:37:25','eaca5efd-9875-4c37-a32c-ce4abdaaa168','8eeea8e2-3c10-4b38-b7e7-ee8168d8490d'),('9a3ca344-ee5e-45a7-8ea8-9f57da35c64f','2024-10-25 08:36:43','2024-10-25 08:36:43','91bc8486-b8c0-4d29-aedc-a18ab867a534','c16cb4ba-c18b-4efe-93c4-597428e086bd'),('a97222f0-7ada-4352-8778-512ed8e7e36c','2024-10-25 08:33:28','2024-10-25 08:33:28','0f9533e5-b3d5-4f50-a5b9-499a6d760855','459623e8-89b1-4afe-86f0-b22f0f6515f9'),('ad44add4-618e-4c7e-a1c7-eab9f678ed0e','2024-10-25 08:37:41','2024-10-25 08:37:41','eaca5efd-9875-4c37-a32c-ce4abdaaa168','8d57e3ee-84c0-4644-9c53-d520131a7bff'),('b4b676ed-5e9b-4fcd-b6fd-dc66da87e7ac','2024-10-25 08:37:15','2024-10-25 08:37:15','c2461deb-0f4d-4666-bc84-57d26993cf0d','c7d77ce1-3fcb-4789-8e18-f47194de5822'),('bee0eee8-7f3f-41d3-963e-cb5c614c0a10','2024-10-25 08:32:55','2024-10-25 08:32:55','4a3eb48d-9f8c-4635-a3d5-e15ee458e414','5f303798-577e-4ed0-9cb3-06308c32ff92'),('c48b5e56-0561-4a81-b218-c3751e784408','2024-10-25 08:37:41','2024-10-25 08:37:41','8e2d3539-06fb-4c37-ae54-43e90083be5d','8d57e3ee-84c0-4644-9c53-d520131a7bff'),('c5db7f73-96c7-494f-a87c-e2168e2ccf61','2024-10-25 08:32:55','2024-10-25 08:32:55','22f506c6-2db7-4bb5-be55-a5548bcf523c','5f303798-577e-4ed0-9cb3-06308c32ff92'),('ce7c8b52-3cc5-4815-963b-deb7da8da7dd','2024-10-25 08:37:06','2024-10-25 08:37:06','deb0b8f3-aef7-4cdb-b88a-adb87b4e8e75','010b0795-bb56-40c9-b3c7-31cb124f7b2d'),('dac0cfdc-7d20-4572-935e-99b8e0f26100','2024-10-25 08:36:19','2024-10-25 08:36:19','c6ce4103-ef78-4a68-9bc8-f5a07711aef0','aa01ec0c-7ffb-4f7e-8285-1672aa5dede1'),('ea8c9ccc-a1db-4f77-a152-d9eacd98e2a7','2024-10-25 08:36:31','2024-10-25 08:36:31','ade39f51-5c1f-494e-b068-f4be124f6767','f98f4e16-9b01-43a3-b451-77d4e224d0f7'),('ec51f640-460e-43b2-8a85-bd6cd440d4a4','2024-10-25 08:37:06','2024-10-25 08:37:06','8d81ec71-666d-43cb-823f-3c0fe12bb03c','010b0795-bb56-40c9-b3c7-31cb124f7b2d'),('fa5b650d-5cb1-4445-8a0a-66dceb786579','2024-10-25 08:36:07','2024-10-25 08:36:07','4a3eb48d-9f8c-4635-a3d5-e15ee458e414','1993a020-5170-44bb-8d8e-69a96f8b7683');
/*!40000 ALTER TABLE `group_lecturer_members` ENABLE KEYS */;
UNLOCK TABLES;

--
-- Table structure for table `group_lecturers`
--

DROP TABLE IF EXISTS `group_lecturers`;
/*!40101 SET @saved_cs_client     = @@character_set_client */;
/*!50503 SET character_set_client = utf8mb4 */;
CREATE TABLE `group_lecturers` (
  `id` char(36) CHARACTER SET utf8mb4 COLLATE utf8mb4_bin NOT NULL,
  `name` varchar(255) NOT NULL,
  `type` enum('REVIEWER','REPORT_POSTER','REPORT_COUNCIL') DEFAULT 'REVIEWER',
  `created_at` datetime NOT NULL,
  `updated_at` datetime NOT NULL,
  `term_id` char(36) CHARACTER SET utf8mb4 COLLATE utf8mb4_bin DEFAULT NULL,
  PRIMARY KEY (`id`),
  KEY `term_id` (`term_id`),
  CONSTRAINT `group_lecturers_ibfk_1` FOREIGN KEY (`term_id`) REFERENCES `terms` (`id`) ON DELETE SET NULL ON UPDATE CASCADE
) ENGINE=InnoDB DEFAULT CHARSET=utf8mb4 COLLATE=utf8mb4_0900_ai_ci;
/*!40101 SET character_set_client = @saved_cs_client */;

--
-- Dumping data for table `group_lecturers`
--

LOCK TABLES `group_lecturers` WRITE;
/*!40000 ALTER TABLE `group_lecturers` DISABLE KEYS */;
INSERT INTO `group_lecturers` VALUES ('010b0795-bb56-40c9-b3c7-31cb124f7b2d','06','REPORT_POSTER','2024-10-25 08:37:04','2024-10-25 08:37:04','8fb8fbda-37ed-4861-a3a2-236500e62ee6'),('1993a020-5170-44bb-8d8e-69a96f8b7683','01','REPORT_POSTER','2024-10-25 08:36:07','2024-10-25 08:36:07','8fb8fbda-37ed-4861-a3a2-236500e62ee6'),('3087db32-309e-49b3-86a1-cb899d7667db','05','REVIEWER','2024-10-25 08:34:05','2024-10-25 08:34:05','8fb8fbda-37ed-4861-a3a2-236500e62ee6'),('459623e8-89b1-4afe-86f0-b22f0f6515f9','03','REVIEWER','2024-10-25 08:33:28','2024-10-25 08:33:28','8fb8fbda-37ed-4861-a3a2-236500e62ee6'),('5f303798-577e-4ed0-9cb3-06308c32ff92','01','REVIEWER','2024-10-25 08:32:55','2024-10-25 08:32:55','8fb8fbda-37ed-4861-a3a2-236500e62ee6'),('6a2e12ff-5294-4237-b9df-1a563837693a','08','REVIEWER','2024-10-25 08:35:07','2024-10-25 08:35:07','8fb8fbda-37ed-4861-a3a2-236500e62ee6'),('732daae5-758c-4a91-ae4d-1e9b8c99e15a','07','REVIEWER','2024-10-25 08:34:57','2024-10-25 08:34:57','8fb8fbda-37ed-4861-a3a2-236500e62ee6'),('8d57e3ee-84c0-4644-9c53-d520131a7bff','09','REPORT_POSTER','2024-10-25 08:37:39','2024-10-25 08:37:39','8fb8fbda-37ed-4861-a3a2-236500e62ee6'),('8eeea8e2-3c10-4b38-b7e7-ee8168d8490d','08','REPORT_POSTER','2024-10-25 08:37:24','2024-10-25 08:37:24','8fb8fbda-37ed-4861-a3a2-236500e62ee6'),('9dc64648-b3da-4836-b2fc-3245c109adb7','06','REVIEWER','2024-10-25 08:34:39','2024-10-25 08:34:39','8fb8fbda-37ed-4861-a3a2-236500e62ee6'),('aa01ec0c-7ffb-4f7e-8285-1672aa5dede1','02','REPORT_POSTER','2024-10-25 08:36:18','2024-10-25 08:36:18','8fb8fbda-37ed-4861-a3a2-236500e62ee6'),('af9586b1-1576-41dd-8971-b37fa6d8015d','05','REPORT_POSTER','2024-10-25 08:36:53','2024-10-25 08:36:53','8fb8fbda-37ed-4861-a3a2-236500e62ee6'),('c16cb4ba-c18b-4efe-93c4-597428e086bd','04','REPORT_POSTER','2024-10-25 08:36:43','2024-10-25 08:36:43','8fb8fbda-37ed-4861-a3a2-236500e62ee6'),('c7d77ce1-3fcb-4789-8e18-f47194de5822','07','REPORT_POSTER','2024-10-25 08:37:14','2024-10-25 08:37:14','8fb8fbda-37ed-4861-a3a2-236500e62ee6'),('cf2294cd-b8d9-4285-84cf-f248f72e3b1e','04','REVIEWER','2024-10-25 08:33:53','2024-10-25 08:33:53','8fb8fbda-37ed-4861-a3a2-236500e62ee6'),('df6f27f0-f3c4-4818-8430-326b660e2a5a','02','REVIEWER','2024-10-25 08:33:14','2024-10-25 08:33:14','8fb8fbda-37ed-4861-a3a2-236500e62ee6'),('f98f4e16-9b01-43a3-b451-77d4e224d0f7','03','REPORT_POSTER','2024-10-25 08:36:31','2024-10-25 08:36:31','8fb8fbda-37ed-4861-a3a2-236500e62ee6');
/*!40000 ALTER TABLE `group_lecturers` ENABLE KEYS */;
UNLOCK TABLES;

--
-- Table structure for table `group_students`
--

DROP TABLE IF EXISTS `group_students`;
/*!40101 SET @saved_cs_client     = @@character_set_client */;
/*!50503 SET character_set_client = utf8mb4 */;
CREATE TABLE `group_students` (
  `id` char(36) CHARACTER SET utf8mb4 COLLATE utf8mb4_bin NOT NULL,
  `name` varchar(255) NOT NULL,
  `created_at` datetime NOT NULL,
  `updated_at` datetime NOT NULL,
  `topic_id` char(36) CHARACTER SET utf8mb4 COLLATE utf8mb4_bin DEFAULT NULL,
  `term_id` char(36) CHARACTER SET utf8mb4 COLLATE utf8mb4_bin DEFAULT NULL,
  PRIMARY KEY (`id`),
  KEY `topic_id` (`topic_id`),
  KEY `term_id` (`term_id`),
  CONSTRAINT `group_students_ibfk_1` FOREIGN KEY (`topic_id`) REFERENCES `topics` (`id`) ON DELETE SET NULL ON UPDATE CASCADE,
  CONSTRAINT `group_students_ibfk_2` FOREIGN KEY (`term_id`) REFERENCES `terms` (`id`) ON DELETE SET NULL ON UPDATE CASCADE
) ENGINE=InnoDB DEFAULT CHARSET=utf8mb4 COLLATE=utf8mb4_0900_ai_ci;
/*!40101 SET character_set_client = @saved_cs_client */;

--
-- Dumping data for table `group_students`
--

LOCK TABLES `group_students` WRITE;
/*!40000 ALTER TABLE `group_students` DISABLE KEYS */;
INSERT INTO `group_students` VALUES ('038d959c-fa92-43b1-80eb-fe15e92d30dc','054','2024-08-10 17:53:03','2024-08-14 07:00:11','43a4b05d-8e63-45a4-adea-efc1478418b4','8fb8fbda-37ed-4861-a3a2-236500e62ee6'),('03d7afd7-16a5-4cb7-a54b-6d4cb0a432bc','058','2024-08-10 17:53:03','2024-08-13 21:42:39','4fa2c646-08f3-48c2-8b35-31f39fb5f430','8fb8fbda-37ed-4861-a3a2-236500e62ee6'),('0826c99d-65a5-4cde-a3eb-28bae41be81d','106','2024-08-10 17:53:04','2024-10-28 11:50:16','7c00997b-db29-4d7a-9ea0-3433929ba4a1','8fb8fbda-37ed-4861-a3a2-236500e62ee6'),('0b7186be-7d82-48f2-be1e-a4c7d689ac09','075','2024-08-10 17:53:03','2024-08-14 07:13:26','208e11ea-4a5c-48dc-a7dd-a76d38181400','8fb8fbda-37ed-4861-a3a2-236500e62ee6'),('0d31d3d2-a17c-4910-a54b-65bd2814927a','066','2024-08-10 17:53:03','2024-08-14 07:01:37','bbf2ceaf-9f3b-4884-b178-6bf81144b220','8fb8fbda-37ed-4861-a3a2-236500e62ee6'),('0e1cec50-7151-4df9-a1a7-006e4e302f0d','012','2024-08-10 17:53:02','2024-08-13 20:30:25','2e995112-3fa1-4f5e-af3f-a2db537660a3','8fb8fbda-37ed-4861-a3a2-236500e62ee6'),('0ff9e8bb-cde4-43ee-a644-b1f7655730f4','095','2024-08-10 17:53:04','2024-08-13 20:41:12','b4bc5f2b-9458-437f-985a-e0bd909fe375','8fb8fbda-37ed-4861-a3a2-236500e62ee6'),('1085b79b-3a22-42c2-a938-bb1f66717036','011','2024-08-10 17:53:02','2024-08-13 20:53:11','5b73be75-a09a-455a-8386-261715fd7a70','8fb8fbda-37ed-4861-a3a2-236500e62ee6'),('10be4bd6-dab7-4eab-9b07-2afd99005f48','015','2024-08-10 17:53:02','2024-08-14 07:00:16','b787237b-f76c-4d4e-b006-cb2c21fb3941','8fb8fbda-37ed-4861-a3a2-236500e62ee6'),('11eeb29f-4af5-4942-a468-819068a7fbef','040','2024-08-10 17:53:02','2024-08-14 12:23:08','2d220297-e222-4f8a-97ec-d0faa9de48ff','8fb8fbda-37ed-4861-a3a2-236500e62ee6'),('1223c553-9112-48de-b0bf-cd2b67f9971d','126','2024-08-14 09:28:14','2024-08-14 10:10:46','9a087e0b-be31-4116-b7cc-dee053d60056','8fb8fbda-37ed-4861-a3a2-236500e62ee6'),('1251ae9e-f21c-4df1-86f8-41c41ecbdaab','020','2024-08-10 17:53:02','2024-08-14 07:01:12','39e0449a-bb45-4af2-9fbe-d5950b003907','8fb8fbda-37ed-4861-a3a2-236500e62ee6'),('134be128-4a86-4087-a9a0-ab52e8524943','055','2024-08-10 17:53:03','2024-08-14 07:07:34','c6f7c9af-cf7c-48a7-bc85-bfb4a13195bd','8fb8fbda-37ed-4861-a3a2-236500e62ee6'),('14299fe6-df41-4ee9-bcbf-b55f99fbe57b','098','2024-08-10 17:53:04','2024-08-14 07:00:07','a5779041-9969-4925-816a-e4c1683dc9ad','8fb8fbda-37ed-4861-a3a2-236500e62ee6'),('16198312-cfca-4631-8399-d9a07f36f7bd','024','2024-08-10 17:53:02','2024-08-14 07:00:35','ccccfea6-a5cb-4735-a99c-54279e5b1c76','8fb8fbda-37ed-4861-a3a2-236500e62ee6'),('16372bf0-8269-41d5-a250-2129dec5fee5','087','2024-08-10 17:53:03','2024-08-14 07:02:22','56af2893-bbe7-41ed-89f9-9fdc9ba610c7','8fb8fbda-37ed-4861-a3a2-236500e62ee6'),('184f5efa-7edc-42ac-b8a8-7d4fcb574815','072','2024-08-10 17:53:03','2024-08-13 20:29:46','90160ca3-1eb6-4cb6-b0da-0bf105a1ac83','8fb8fbda-37ed-4861-a3a2-236500e62ee6'),('18705d73-8f4c-4a58-82b2-f81949b90200','084','2024-08-10 17:53:03','2024-08-14 07:00:27','5a385879-84e4-443f-b187-f8a78f502d13','8fb8fbda-37ed-4861-a3a2-236500e62ee6'),('18b8649f-fd4c-4941-a273-5993aec21be2','109','2024-08-10 17:53:04','2024-08-14 07:02:30','7e59e8cd-6866-40d9-85a6-be346d7e0688','8fb8fbda-37ed-4861-a3a2-236500e62ee6'),('1b1dfe23-e54e-485b-b860-c58466199e06','022','2024-08-10 17:53:02','2024-08-14 07:00:06','a5779041-9969-4925-816a-e4c1683dc9ad','8fb8fbda-37ed-4861-a3a2-236500e62ee6'),('1b3c7dd3-2a69-4991-9e25-0fe33b81400a','079','2024-08-10 17:53:03','2024-08-14 07:00:29','0ecf4f9f-2787-41e8-bfd6-4a9ed3701554','8fb8fbda-37ed-4861-a3a2-236500e62ee6'),('1bb9215f-457f-4012-90f5-35427d0e7f30','099','2024-08-10 17:53:04','2024-08-13 22:14:55','7a5bda2a-f7ad-47f4-863e-0a7a783ccfdd','8fb8fbda-37ed-4861-a3a2-236500e62ee6'),('1cad5d58-9712-45c6-a9aa-2e4928c42e28','097','2024-08-10 17:53:04','2024-08-14 07:34:41','23220b8b-1be5-47a9-a76a-e4ad9566f5fb','8fb8fbda-37ed-4861-a3a2-236500e62ee6'),('1d98aee7-ecce-45c6-a823-c1ace65cd925','025','2024-08-10 17:53:02','2024-08-14 07:20:12','0ecf4f9f-2787-41e8-bfd6-4a9ed3701554','8fb8fbda-37ed-4861-a3a2-236500e62ee6'),('1ee18472-f134-44d4-8583-e11c9ff38b67','014','2024-08-10 17:53:02','2024-08-14 07:02:57','db2ff6c0-46d4-4c74-98f1-2392159e07e1','8fb8fbda-37ed-4861-a3a2-236500e62ee6'),('1f6aa216-cec6-4f4b-9086-f56ea564e47e','041','2024-08-10 17:53:02','2024-08-14 07:00:12','7e7b7dd3-a86a-429c-8400-cf37d5278206','8fb8fbda-37ed-4861-a3a2-236500e62ee6'),('21d9f66d-739b-450c-8caa-70060b06e2c4','129','2024-10-28 11:45:21','2024-10-28 11:48:38','8ebbe533-09ff-4f3e-a93a-584a7c3d4da6','8fb8fbda-37ed-4861-a3a2-236500e62ee6'),('22320124-69b4-46ff-9916-c20e82835bf7','029','2024-08-10 17:53:02','2024-08-14 15:29:32','7d86a0a2-e489-4802-990f-dfec991920d1','8fb8fbda-37ed-4861-a3a2-236500e62ee6'),('2339408a-f389-4a52-879e-8a5c3f5c00c6','120','2024-08-10 17:53:04','2024-08-14 14:27:49','7cbfbc25-ff0a-48bc-a96e-75ab1b7444cf','8fb8fbda-37ed-4861-a3a2-236500e62ee6'),('238bc4f9-6e42-44f9-87e8-cc148ae86611','113','2024-08-10 17:53:04','2024-08-13 19:49:29','66e1e1ea-0ad0-4c4a-9972-2fdc45c92c58','8fb8fbda-37ed-4861-a3a2-236500e62ee6'),('23e4ba75-8f85-4f99-9426-e6441a70d9f4','086','2024-08-10 17:53:03','2024-08-14 07:00:05','672dbc20-af0f-48a1-bfb5-6428b481e418','8fb8fbda-37ed-4861-a3a2-236500e62ee6'),('24a3747f-9458-48f6-b8a4-310e03524c14','083','2024-08-10 17:53:03','2024-08-14 07:00:08','67dcd67b-b2de-4c2a-abe0-79d98dfa7e65','8fb8fbda-37ed-4861-a3a2-236500e62ee6'),('2568b40d-18d1-4616-9904-2fb2d0758985','123','2024-08-10 17:53:04','2024-08-14 07:04:25','7e59e8cd-6866-40d9-85a6-be346d7e0688','8fb8fbda-37ed-4861-a3a2-236500e62ee6'),('25f8fb31-d9d8-44a0-b771-32e42d6e33ae','128','2024-08-14 09:32:19','2024-08-14 09:32:19',NULL,'8fb8fbda-37ed-4861-a3a2-236500e62ee6'),('27c3bb8c-3ab2-4b61-84dc-7fab286c0d3e','069','2024-08-10 17:53:03','2024-08-14 07:00:07','38c67892-7a85-429f-9cef-589315a88dff','8fb8fbda-37ed-4861-a3a2-236500e62ee6'),('27e687e7-50ee-4a44-acbc-425923ce7bc5','116','2024-08-10 17:53:04','2024-08-14 07:04:10','7c00997b-db29-4d7a-9ea0-3433929ba4a1','8fb8fbda-37ed-4861-a3a2-236500e62ee6'),('28a0c74e-36cb-4616-99e8-1b2413d25b7d','064','2024-08-10 17:53:03','2024-08-14 07:00:09','1153a7f3-4280-4ff1-881d-548282cbca27','8fb8fbda-37ed-4861-a3a2-236500e62ee6'),('2919c750-d254-4fde-9d83-3ec8a4a9f0cb','063','2024-08-10 17:53:03','2024-08-13 19:48:44','2750dcde-ad60-4e99-b439-7d10b17033bd','8fb8fbda-37ed-4861-a3a2-236500e62ee6'),('2a515a56-f54a-407c-8f00-3c6557404f44','042','2024-08-10 17:53:02','2024-08-13 22:16:07','4278a22d-3cb5-456e-9cd2-44ca8c91407c','8fb8fbda-37ed-4861-a3a2-236500e62ee6'),('2b6bd1fd-411d-4a57-9dca-6568a1968226','006','2024-08-10 17:53:02','2024-08-14 07:08:55','787851b4-df98-4837-895d-4230102ae0fe','8fb8fbda-37ed-4861-a3a2-236500e62ee6'),('2bd1d80d-0f26-49a4-b844-3c428a8e2f41','119','2024-08-10 17:53:04','2024-08-14 08:34:04','0835b8d2-5153-4843-adce-73eac37519c2','8fb8fbda-37ed-4861-a3a2-236500e62ee6'),('3305ae07-f1d3-4e9b-985d-9d51cecebc55','044','2024-08-10 17:53:03','2024-08-14 07:56:24','6842f217-6fe0-4b95-b115-f188437b5c0e','8fb8fbda-37ed-4861-a3a2-236500e62ee6'),('344b227a-1eb3-460b-b9dc-958b2cfe88f4','001','2024-08-10 17:53:02','2024-08-13 20:42:12','1f3f6f22-a55f-4557-9473-941838cb3696','8fb8fbda-37ed-4861-a3a2-236500e62ee6'),('35f2e4ee-fcd9-4eb8-b663-9f79a05707ed','010','2024-08-10 17:53:02','2024-08-14 07:00:06','c91b5e54-eb9f-4c16-9f53-af83b49c1a3e','8fb8fbda-37ed-4861-a3a2-236500e62ee6'),('37da9e03-098a-4bcd-b787-eb215056fc09','013','2024-08-10 17:53:02','2024-08-13 20:46:45','9a087e0b-be31-4116-b7cc-dee053d60056','8fb8fbda-37ed-4861-a3a2-236500e62ee6'),('397d8300-5620-4f47-a3a4-5ccd23ad5416','047','2024-08-10 17:53:03','2024-08-14 13:08:36','461ba06e-a9f4-4667-98df-66b7ca706648','8fb8fbda-37ed-4861-a3a2-236500e62ee6'),('3db1146c-39b4-457e-83f2-1c163f175e4b','092','2024-08-10 17:53:03','2024-08-13 20:45:15','60c8df72-2aa4-4281-86fa-e6eda62aa19a','8fb8fbda-37ed-4861-a3a2-236500e62ee6'),('3e169e01-b2e1-4900-9a2b-4164c642fdaa','017','2024-08-10 17:53:02','2024-08-14 07:20:19','13f6adfa-6651-45bb-be85-1ac7b4a09944','8fb8fbda-37ed-4861-a3a2-236500e62ee6'),('3e87a91b-a1e8-4e0d-87f9-2e1bf5205968','114','2024-08-10 17:53:04','2024-08-13 20:59:27','c91b5e54-eb9f-4c16-9f53-af83b49c1a3e','8fb8fbda-37ed-4861-a3a2-236500e62ee6'),('4143e527-3894-417e-bb8c-431376242dc0','081','2024-08-10 17:53:03','2024-08-14 07:00:42','99aa3bd8-1492-46c8-9783-3239324b965d','8fb8fbda-37ed-4861-a3a2-236500e62ee6'),('41f83ea1-c262-4d2d-9adc-b3614a705b2a','003','2024-08-10 17:53:02','2024-08-14 07:00:58','998359a5-70c7-404b-96a3-40a733894a7d','8fb8fbda-37ed-4861-a3a2-236500e62ee6'),('4332c659-fb2a-4e9f-886f-d03480fdb68c','093','2024-08-10 17:53:03','2024-08-14 07:00:07','702951c7-d483-48d1-b81a-f1ba1f7d6274','8fb8fbda-37ed-4861-a3a2-236500e62ee6'),('43b639d7-c6b6-489e-850a-3bd63d007b3f','102','2024-08-10 17:53:04','2024-08-14 07:01:58','a304db17-4140-470a-848f-366cf4aaa1dd','8fb8fbda-37ed-4861-a3a2-236500e62ee6'),('4652351e-9aec-4d22-89d3-a5d9b57113a1','122','2024-08-10 17:53:04','2024-08-14 07:42:05','702951c7-d483-48d1-b81a-f1ba1f7d6274','8fb8fbda-37ed-4861-a3a2-236500e62ee6'),('471b4b7a-c3d7-4dce-88fe-fc28c5df692c','073','2024-08-10 17:53:03','2024-08-13 20:02:58','8dd85a6a-c9bc-4d59-a670-dc6638ee5098','8fb8fbda-37ed-4861-a3a2-236500e62ee6'),('4811c4ad-f461-4e7c-823d-677d85ae25a1','036','2024-08-10 17:53:02','2024-08-14 07:12:09','05110e8a-c2af-4dd1-9a3f-52c1b841a4a6','8fb8fbda-37ed-4861-a3a2-236500e62ee6'),('48e9f4b4-f030-4112-90ee-87728bffa06c','127','2024-08-14 09:31:16','2024-08-14 14:41:36','1ed8afe2-22eb-4f74-b3a0-fb5fba56aa58','8fb8fbda-37ed-4861-a3a2-236500e62ee6'),('4ec1fe55-c444-4707-9353-4b4276aff5ea','023','2024-08-10 17:53:02','2024-08-14 09:21:45','4c488d96-86ff-4e2c-9970-c0680cc17024','8fb8fbda-37ed-4861-a3a2-236500e62ee6'),('507f844a-78e6-4b0c-8a65-769ce4ae3674','004','2024-08-10 17:53:02','2024-08-14 07:06:08','b13b1fa3-6e5a-4ac2-abbc-cdd04c4f97c7','8fb8fbda-37ed-4861-a3a2-236500e62ee6'),('52e7d4a3-5948-42c2-a690-ebd467c49672','062','2024-08-10 17:53:03','2024-08-14 07:00:15','ddcb81d1-1b01-490a-a857-e419e979e4e2','8fb8fbda-37ed-4861-a3a2-236500e62ee6'),('53ddda9a-85f0-4189-8088-775ad39c6944','053','2024-08-10 17:53:03','2024-08-14 07:39:07','a8369014-0038-4b63-9568-f28a3aa149f2','8fb8fbda-37ed-4861-a3a2-236500e62ee6'),('54b3bd28-8a77-4561-95da-a2d035afb4d8','074','2024-08-10 17:53:03','2024-08-14 07:00:13','67dcd67b-b2de-4c2a-abe0-79d98dfa7e65','8fb8fbda-37ed-4861-a3a2-236500e62ee6'),('5e4ee0a9-1579-4f09-9ba9-017ae48c3efd','005','2024-08-10 17:53:02','2024-08-13 21:43:54','61b7c4bb-ddce-4f69-9055-1720e39c41e7','8fb8fbda-37ed-4861-a3a2-236500e62ee6'),('621f5ecc-74af-4df0-bb83-8a0371068fa6','046','2024-08-10 17:53:03','2024-08-13 20:59:57','a304db17-4140-470a-848f-366cf4aaa1dd','8fb8fbda-37ed-4861-a3a2-236500e62ee6'),('62a954d7-5c08-4a9f-9f16-eeb8011bf499','018','2024-08-10 17:53:02','2024-08-14 07:07:01','13f6adfa-6651-45bb-be85-1ac7b4a09944','8fb8fbda-37ed-4861-a3a2-236500e62ee6'),('67ec9992-4b1f-4b0e-a378-942d8558ad86','059','2024-08-10 17:53:03','2024-08-13 20:51:03','4278a22d-3cb5-456e-9cd2-44ca8c91407c','8fb8fbda-37ed-4861-a3a2-236500e62ee6'),('684a9d1a-4294-455c-adc2-73e19caaff37','034','2024-08-10 17:53:02','2024-08-14 07:27:42','5a385879-84e4-443f-b187-f8a78f502d13','8fb8fbda-37ed-4861-a3a2-236500e62ee6'),('6d91e1ba-df09-464d-a20e-b202a5555b16','016','2024-08-10 17:53:02','2024-08-13 20:08:02','b787237b-f76c-4d4e-b006-cb2c21fb3941','8fb8fbda-37ed-4861-a3a2-236500e62ee6'),('70e286db-f361-4021-89a0-287a6db1f9e0','107','2024-08-10 17:53:04','2024-08-13 21:40:59','d70772d3-fd89-44a3-917c-6d9203ed72ac','8fb8fbda-37ed-4861-a3a2-236500e62ee6'),('7172c9cc-565c-4609-96d0-bdfd8811519e','065','2024-08-10 17:53:03','2024-08-14 07:32:56','8dd85a6a-c9bc-4d59-a670-dc6638ee5098','8fb8fbda-37ed-4861-a3a2-236500e62ee6'),('7209ba60-a34c-464d-a292-d3cc1d066b56','009','2024-08-10 17:53:02','2024-08-13 20:08:53','928030a1-b7bf-4222-946b-76282c24ecba','8fb8fbda-37ed-4861-a3a2-236500e62ee6'),('776c11e2-8115-4da7-8785-a9d81bb299d4','002','2024-08-10 17:53:02','2024-08-14 12:47:22','66e1e1ea-0ad0-4c4a-9972-2fdc45c92c58','8fb8fbda-37ed-4861-a3a2-236500e62ee6'),('781464f3-b172-48f1-98ab-ab421945055f','037','2024-08-10 17:53:02','2024-08-14 07:04:04','b1ecfd26-e05c-48dd-841d-e96ce8eef41e','8fb8fbda-37ed-4861-a3a2-236500e62ee6'),('7a3c2203-f45b-4488-882c-425a246762ab','104','2024-08-10 17:53:04','2024-08-14 07:04:34','b23f4de6-5c00-4fd3-b6db-23d265bdeb30','8fb8fbda-37ed-4861-a3a2-236500e62ee6'),('7bdda363-8663-4cbf-b681-38d9f58e0bee','096','2024-08-10 17:53:04','2024-08-14 08:05:28','230e3c03-1a18-4d61-bf74-69067d3d793c','8fb8fbda-37ed-4861-a3a2-236500e62ee6'),('7cf7dd6a-9861-43c7-ad3a-3e8bb86f74de','060','2024-08-10 17:53:03','2024-08-14 15:40:54','1f3f6f22-a55f-4557-9473-941838cb3696','8fb8fbda-37ed-4861-a3a2-236500e62ee6'),('7e84a15c-549b-4f0c-83ad-098f2079e38f','056','2024-08-10 17:53:03','2024-08-14 07:00:14','672dbc20-af0f-48a1-bfb5-6428b481e418','8fb8fbda-37ed-4861-a3a2-236500e62ee6'),('7ee21c65-b597-4d62-8a8e-afd12b002ce7','112','2024-08-10 17:53:04','2024-08-14 07:06:05','db2ff6c0-46d4-4c74-98f1-2392159e07e1','8fb8fbda-37ed-4861-a3a2-236500e62ee6'),('7f68ead4-0b5b-4710-a44c-28f743fa45fc','094','2024-08-10 17:53:03','2024-08-12 18:33:43','6fb67b3d-78ae-4123-aad1-9d27ca1d87d6','8fb8fbda-37ed-4861-a3a2-236500e62ee6'),('809e3573-8aa7-4fde-8927-2f995d8d47e2','067','2024-08-10 17:53:03','2024-08-14 07:00:09','4f98d72b-9d9f-4cbe-a0e8-0aa31ab1e0ad','8fb8fbda-37ed-4861-a3a2-236500e62ee6'),('810ae766-3db7-4cd7-855e-1ab73f3eeb4d','115','2024-08-10 17:53:04','2024-08-14 07:14:01','5d67250d-aa1a-4f62-b23b-75a79f40c938','8fb8fbda-37ed-4861-a3a2-236500e62ee6'),('860f77a1-56e6-4eec-838b-59295daa97dd','033','2024-08-10 17:53:02','2024-08-14 16:36:47','111496b2-d9f0-4c4b-8a04-2c1fc0f448ac','8fb8fbda-37ed-4861-a3a2-236500e62ee6'),('86c37faf-1660-4e5d-9f2b-b7c1198ec797','108','2024-08-10 17:53:04','2024-08-14 07:00:30','b1ecfd26-e05c-48dd-841d-e96ce8eef41e','8fb8fbda-37ed-4861-a3a2-236500e62ee6'),('8928b214-d304-4c31-8be6-008efef25e54','043','2024-08-10 17:53:02','2024-08-14 04:33:06','b4bc5f2b-9458-437f-985a-e0bd909fe375','8fb8fbda-37ed-4861-a3a2-236500e62ee6'),('8a11effc-7a37-4008-bc3e-85601ac5d3c7','026','2024-08-10 17:53:02','2024-08-14 07:04:32','89978db6-9d87-4d30-b81f-ab06cf5ed644','8fb8fbda-37ed-4861-a3a2-236500e62ee6'),('8b1d245b-8a05-4cbe-bc5b-d380239fa67c','076','2024-08-10 17:53:03','2024-08-13 21:44:27','cb8e3e5b-3736-4889-be38-2903e2767849','8fb8fbda-37ed-4861-a3a2-236500e62ee6'),('8e2453ef-5554-4c99-8647-8c949bd2c487','118','2024-08-10 17:53:04','2024-08-14 07:58:50','38c67892-7a85-429f-9cef-589315a88dff','8fb8fbda-37ed-4861-a3a2-236500e62ee6'),('905eab1b-83ed-4a83-8313-edc4883cd1c9','124','2024-08-10 17:53:04','2024-08-14 06:59:08','1111d4cd-980a-42d4-aad1-daac3eb29def','8fb8fbda-37ed-4861-a3a2-236500e62ee6'),('923d142e-c126-4d68-9f20-b99e05aaf56e','039','2024-08-10 17:53:02','2024-08-14 07:02:04','d3dab269-2d6d-4451-bd90-dde1308a6789','8fb8fbda-37ed-4861-a3a2-236500e62ee6'),('95bfd0b0-c11a-4012-be21-72d3d24d3750','121','2024-08-10 17:53:04','2024-08-14 07:27:38','998359a5-70c7-404b-96a3-40a733894a7d','8fb8fbda-37ed-4861-a3a2-236500e62ee6'),('9731a853-0cea-4eda-ae8e-10a25225fc72','057','2024-08-10 17:53:03','2024-08-14 07:44:41','b4a35e2d-c5d8-416d-9719-e645ea2c6ec6','8fb8fbda-37ed-4861-a3a2-236500e62ee6'),('9751c257-2a3f-48f9-a3b7-4526fad985cd','082','2024-08-10 17:53:03','2024-08-14 07:02:19','1153a7f3-4280-4ff1-881d-548282cbca27','8fb8fbda-37ed-4861-a3a2-236500e62ee6'),('98c67af8-3a87-41d3-bbcf-15b32140bc6e','111','2024-08-10 17:53:04','2024-08-13 20:24:17','99aa3bd8-1492-46c8-9783-3239324b965d','8fb8fbda-37ed-4861-a3a2-236500e62ee6'),('9c0f35cb-5141-4500-84dc-3557e8e46ee0','048','2024-08-10 17:53:03','2024-08-14 07:00:18','787851b4-df98-4837-895d-4230102ae0fe','8fb8fbda-37ed-4861-a3a2-236500e62ee6'),('a26ca22b-9946-4e66-9299-bb29581aa0aa','045','2024-08-10 17:53:03','2024-08-14 07:08:35','43a4b05d-8e63-45a4-adea-efc1478418b4','8fb8fbda-37ed-4861-a3a2-236500e62ee6'),('a8a7cd91-5a20-4ec0-8248-a898934da51f','085','2024-08-10 17:53:03','2024-08-14 07:19:01','5e21843d-c4ff-4155-8956-850b83283d22','8fb8fbda-37ed-4861-a3a2-236500e62ee6'),('a8ccb1af-61bd-4abe-afce-aeb44c3a3b86','071','2024-08-10 17:53:03','2024-08-14 04:33:53','7a5bda2a-f7ad-47f4-863e-0a7a783ccfdd','8fb8fbda-37ed-4861-a3a2-236500e62ee6'),('b07837cb-40df-48c6-b030-faab5e443c89','050','2024-08-10 17:53:03','2024-08-13 20:09:38','928030a1-b7bf-4222-946b-76282c24ecba','8fb8fbda-37ed-4861-a3a2-236500e62ee6'),('b0d72796-faaf-416c-aa81-0dfbdcf6e355','103','2024-08-10 17:53:04','2024-08-14 08:42:42','ccccfea6-a5cb-4735-a99c-54279e5b1c76','8fb8fbda-37ed-4861-a3a2-236500e62ee6'),('b686fd7a-d7fc-42b3-b1fb-7cbebda7db5d','101','2024-08-10 17:53:04','2024-08-14 07:02:33','4f98d72b-9d9f-4cbe-a0e8-0aa31ab1e0ad','8fb8fbda-37ed-4861-a3a2-236500e62ee6'),('b8370a36-a8fa-4e9b-a273-e7e6ec859c5a','070','2024-08-10 17:53:03','2024-08-14 07:16:52','6842f217-6fe0-4b95-b115-f188437b5c0e','8fb8fbda-37ed-4861-a3a2-236500e62ee6'),('b97fbf67-b88d-466c-8f48-6c1a36157fc5','078','2024-08-10 17:53:03','2024-08-14 07:00:21','b6c665d8-df0d-43b3-886d-b7145a91044f','8fb8fbda-37ed-4861-a3a2-236500e62ee6'),('bb7578a9-728c-45ea-b240-e1ade9b40e43','080','2024-08-10 17:53:03','2024-10-28 11:51:00','b787237b-f76c-4d4e-b006-cb2c21fb3941','8fb8fbda-37ed-4861-a3a2-236500e62ee6'),('bf706342-cb7d-4726-be6f-caa99c7db582','091','2024-08-10 17:53:03','2024-08-14 07:54:38','23220b8b-1be5-47a9-a76a-e4ad9566f5fb','8fb8fbda-37ed-4861-a3a2-236500e62ee6'),('c3cc3dbc-7516-499e-b585-ad196b3fd67e','077','2024-08-10 17:53:03','2024-08-14 07:00:22','fbe69248-992f-4995-a198-9937305bebbc','8fb8fbda-37ed-4861-a3a2-236500e62ee6'),('c8a0a2e1-8de7-416f-b714-4df774a76d0a','052','2024-08-10 17:53:03','2024-08-14 07:01:22','500492c8-3410-4dd5-8313-e77de9f6d153','8fb8fbda-37ed-4861-a3a2-236500e62ee6'),('c9925644-f313-4b70-b755-16a5f3adcce3','030','2024-08-10 17:53:02','2024-08-13 22:37:52','2d220297-e222-4f8a-97ec-d0faa9de48ff','8fb8fbda-37ed-4861-a3a2-236500e62ee6'),('cdac0650-42e5-4c4a-b65b-059e72e2f94c','117','2024-08-10 17:53:04','2024-08-14 07:08:50','2750dcde-ad60-4e99-b439-7d10b17033bd','8fb8fbda-37ed-4861-a3a2-236500e62ee6'),('cdc406fc-a34e-4fe3-9318-fc0ea72a8a70','051','2024-08-10 17:53:03','2024-08-14 08:36:28','7af1e2d7-f684-4bfc-a55b-032fa62649e0','8fb8fbda-37ed-4861-a3a2-236500e62ee6'),('cf068d5c-de36-492f-b553-ce5525ac7ffa','049','2024-08-10 17:53:03','2024-08-14 07:02:04','1111d4cd-980a-42d4-aad1-daac3eb29def','8fb8fbda-37ed-4861-a3a2-236500e62ee6'),('d0401d09-955f-4563-b273-0709e63984be','125','2024-08-13 14:29:19','2024-08-14 07:25:01','b23f4de6-5c00-4fd3-b6db-23d265bdeb30','8fb8fbda-37ed-4861-a3a2-236500e62ee6'),('d2caae58-fe1d-4bd3-a9ec-0db6d4da6881','089','2024-08-10 17:53:03','2024-08-14 07:22:43','500492c8-3410-4dd5-8313-e77de9f6d153','8fb8fbda-37ed-4861-a3a2-236500e62ee6'),('d68e4406-6af1-40dc-99cd-d3854680190f','110','2024-08-10 17:53:04','2024-08-14 07:01:48','7c00997b-db29-4d7a-9ea0-3433929ba4a1','8fb8fbda-37ed-4861-a3a2-236500e62ee6'),('d8236dbb-e44e-4d10-b4ad-5b6022e20415','100','2024-08-10 17:53:04','2024-08-14 07:00:11','fbe69248-992f-4995-a198-9937305bebbc','8fb8fbda-37ed-4861-a3a2-236500e62ee6'),('e94236d4-9f3d-44cd-9ca7-53187acbd0d3','007','2024-08-10 17:53:02','2024-08-14 07:05:05','c6f7c9af-cf7c-48a7-bc85-bfb4a13195bd','8fb8fbda-37ed-4861-a3a2-236500e62ee6'),('eaf3c89a-e16f-449d-a4fa-e5a3d6399088','061','2024-08-10 17:53:03','2024-08-14 07:15:04','05110e8a-c2af-4dd1-9a3f-52c1b841a4a6','8fb8fbda-37ed-4861-a3a2-236500e62ee6'),('eb079b9c-b336-422c-9010-4d202735d6f3','032','2024-08-10 17:53:02','2024-08-13 21:43:14','2f1101be-7385-4c87-bc4f-2df962d55274','8fb8fbda-37ed-4861-a3a2-236500e62ee6'),('ec4fef80-78be-4e37-9315-9a5d6275641f','038','2024-08-10 17:53:02','2024-08-13 22:30:08','5b73be75-a09a-455a-8386-261715fd7a70','8fb8fbda-37ed-4861-a3a2-236500e62ee6'),('edbc51d3-6dec-457d-a754-6aaeb7ca58a5','021','2024-08-10 17:53:02','2024-08-14 07:00:10','bbf2ceaf-9f3b-4884-b178-6bf81144b220','8fb8fbda-37ed-4861-a3a2-236500e62ee6'),('efa6393a-893e-4a21-8d2e-e4fd80e9907c','035','2024-08-10 17:53:02','2024-08-13 20:01:57','7e7b7dd3-a86a-429c-8400-cf37d5278206','8fb8fbda-37ed-4861-a3a2-236500e62ee6'),('f012f38a-6875-49e7-a989-30a21f7a4fdb','019','2024-08-10 17:53:02','2024-08-14 07:14:35','d48bc5ca-19cc-4406-916a-2612e73a52c2','8fb8fbda-37ed-4861-a3a2-236500e62ee6'),('f2aec6db-41e2-4bf3-abac-6f965a4f1202','105','2024-08-10 17:53:04','2024-08-14 07:00:24','b6c665d8-df0d-43b3-886d-b7145a91044f','8fb8fbda-37ed-4861-a3a2-236500e62ee6'),('f74c3b7c-9baa-41c1-b336-44b15c35ab89','090','2024-08-10 17:53:03','2024-08-14 07:01:44','5e21843d-c4ff-4155-8956-850b83283d22','8fb8fbda-37ed-4861-a3a2-236500e62ee6'),('f8620466-b448-433a-a133-6886504478c0','028','2024-08-10 17:53:02','2024-08-14 07:15:41','7af1e2d7-f684-4bfc-a55b-032fa62649e0','8fb8fbda-37ed-4861-a3a2-236500e62ee6'),('f8f71954-a15f-4221-98a7-71582bace9a3','031','2024-08-10 17:53:02','2024-08-14 07:35:48','d70772d3-fd89-44a3-917c-6d9203ed72ac','8fb8fbda-37ed-4861-a3a2-236500e62ee6'),('fcd09b2f-07e7-44ef-8c0c-afc75c24dd67','068','2024-08-10 17:53:03','2024-08-14 09:29:12','6200c55b-6ccf-4508-b129-6fc2406a8e6d','8fb8fbda-37ed-4861-a3a2-236500e62ee6'),('fd50cf2b-944f-4ddd-a474-1449ed09832d','027','2024-08-10 17:53:02','2024-08-13 21:39:15','6e2bd8d4-71a1-4e37-90a3-65acdb4877c0','8fb8fbda-37ed-4861-a3a2-236500e62ee6'),('fdd3e544-5bba-4d3b-acdd-3976e9f1853c','088','2024-08-10 17:53:03','2024-08-14 07:02:20','66e1e1ea-0ad0-4c4a-9972-2fdc45c92c58','8fb8fbda-37ed-4861-a3a2-236500e62ee6'),('fefb81a6-6ec4-40d0-9bc1-c5bcb9398a3f','008','2024-08-10 17:53:02','2024-08-14 07:00:27','56af2893-bbe7-41ed-89f9-9fdc9ba610c7','8fb8fbda-37ed-4861-a3a2-236500e62ee6');
/*!40000 ALTER TABLE `group_students` ENABLE KEYS */;
UNLOCK TABLES;

--
-- Table structure for table `lecturer_terms`
--

DROP TABLE IF EXISTS `lecturer_terms`;
/*!40101 SET @saved_cs_client     = @@character_set_client */;
/*!50503 SET character_set_client = utf8mb4 */;
CREATE TABLE `lecturer_terms` (
  `id` char(36) CHARACTER SET utf8mb4 COLLATE utf8mb4_bin NOT NULL,
  `created_at` datetime NOT NULL,
  `updated_at` datetime NOT NULL,
  `lecturer_id` char(36) CHARACTER SET utf8mb4 COLLATE utf8mb4_bin DEFAULT NULL,
  `term_id` char(36) CHARACTER SET utf8mb4 COLLATE utf8mb4_bin DEFAULT NULL,
  PRIMARY KEY (`id`),
  KEY `lecturer_id` (`lecturer_id`),
  KEY `term_id` (`term_id`),
  CONSTRAINT `lecturer_terms_ibfk_1` FOREIGN KEY (`lecturer_id`) REFERENCES `lecturers` (`id`) ON DELETE SET NULL ON UPDATE CASCADE,
  CONSTRAINT `lecturer_terms_ibfk_2` FOREIGN KEY (`term_id`) REFERENCES `terms` (`id`) ON DELETE SET NULL ON UPDATE CASCADE
) ENGINE=InnoDB DEFAULT CHARSET=utf8mb4 COLLATE=utf8mb4_0900_ai_ci;
/*!40101 SET character_set_client = @saved_cs_client */;

--
-- Dumping data for table `lecturer_terms`
--

LOCK TABLES `lecturer_terms` WRITE;
/*!40000 ALTER TABLE `lecturer_terms` DISABLE KEYS */;
INSERT INTO `lecturer_terms` VALUES ('059edbff-01a1-4bee-b91b-abbdbabb1362','2024-10-25 08:31:57','2024-10-25 08:31:57','1939466d-5ec4-4cd7-ac77-805d1ac9e819','8fb8fbda-37ed-4861-a3a2-236500e62ee6'),('0f9533e5-b3d5-4f50-a5b9-499a6d760855','2024-08-10 14:20:39','2024-08-10 14:20:39','0d16e5ea-4a22-4375-a0b7-b187515743c3','8fb8fbda-37ed-4861-a3a2-236500e62ee6'),('19a6ea1c-2864-451f-9b23-44c0acedbda6','2024-10-25 08:22:17','2024-10-25 08:22:17','5a8eec60-b186-4582-b6f8-699598307bb0','f06c31af-5539-46ea-aa03-ef9ed3edba20'),('22f506c6-2db7-4bb5-be55-a5548bcf523c','2024-10-25 08:31:57','2024-10-25 08:31:57','01c5b428-8689-4c5d-b50e-e7d49d034f98','8fb8fbda-37ed-4861-a3a2-236500e62ee6'),('4a3eb48d-9f8c-4635-a3d5-e15ee458e414','2024-08-10 14:20:39','2024-08-10 14:20:39','44203a2a-70fb-4b5c-934f-27bdc38bd009','8fb8fbda-37ed-4861-a3a2-236500e62ee6'),('4d0ec1bc-8fa9-43f3-8837-25cd1f752614','2024-10-25 08:25:19','2024-10-25 08:25:19','1ca5f0a7-2d62-4bb4-8f04-31dc92d836dc','f06c31af-5539-46ea-aa03-ef9ed3edba20'),('646fed61-1b2d-4819-b8d0-ef4b344cbed7','2024-10-25 08:22:17','2024-10-25 08:22:17','781f620e-b55a-4197-8eab-48ccbc904d0f','f06c31af-5539-46ea-aa03-ef9ed3edba20'),('77ed790c-4441-47b1-bec7-2e963072e015','2024-10-25 08:31:57','2024-10-25 08:31:57','5a8eec60-b186-4582-b6f8-699598307bb0','8fb8fbda-37ed-4861-a3a2-236500e62ee6'),('7fb58e30-8a15-4adb-ae04-b7b4024dac06','2024-08-10 14:20:39','2024-08-10 14:20:39','53721bd4-6f76-4b3f-b404-2e03acebecf4','8fb8fbda-37ed-4861-a3a2-236500e62ee6'),('8a6eb974-d9e9-4d25-898f-1f7691fbfef4','2024-08-10 14:20:39','2024-08-10 14:20:39','1523da66-ef24-4a26-b89b-1b9eb1bd9a3c','8fb8fbda-37ed-4861-a3a2-236500e62ee6'),('8b52e7ba-5aff-48ba-b3f3-da372abc84e4','2024-10-25 08:22:17','2024-10-25 08:22:17','09189e81-5834-47b6-b8e4-1981e5fef017','f06c31af-5539-46ea-aa03-ef9ed3edba20'),('8d81ec71-666d-43cb-823f-3c0fe12bb03c','2024-08-10 14:20:39','2024-08-10 14:20:39','e8669f9b-0fa9-47d2-a9aa-cc51804861a0','8fb8fbda-37ed-4861-a3a2-236500e62ee6'),('8e2d3539-06fb-4c37-ae54-43e90083be5d','2024-10-25 08:31:57','2024-10-25 08:31:57','1ca5f0a7-2d62-4bb4-8f04-31dc92d836dc','8fb8fbda-37ed-4861-a3a2-236500e62ee6'),('91bc8486-b8c0-4d29-aedc-a18ab867a534','2024-10-25 08:31:57','2024-10-25 08:31:57','781f620e-b55a-4197-8eab-48ccbc904d0f','8fb8fbda-37ed-4861-a3a2-236500e62ee6'),('a7ab968e-6d34-41f5-b85d-d219f209798d','2024-08-10 14:20:39','2024-08-10 14:20:39','69dd4fdc-97b3-47bf-a8e4-dba378e9a3d7','8fb8fbda-37ed-4861-a3a2-236500e62ee6'),('ade39f51-5c1f-494e-b068-f4be124f6767','2024-08-10 14:20:39','2024-08-10 14:20:39','dfab5a22-1adf-4989-b7dc-60dd7aaf9614','8fb8fbda-37ed-4861-a3a2-236500e62ee6'),('c11e126e-fdea-4e26-b088-d726d492eb15','2024-08-10 14:20:39','2024-08-10 14:20:39','a33509f3-8213-401a-8a0f-6a41b0427736','8fb8fbda-37ed-4861-a3a2-236500e62ee6'),('c2461deb-0f4d-4666-bc84-57d26993cf0d','2024-08-10 14:20:39','2024-08-10 14:20:39','c03e5a93-d31a-4129-bd9f-0ea4c254d7da','8fb8fbda-37ed-4861-a3a2-236500e62ee6'),('c3cc6e05-0ba2-4d99-b18d-1713105abf60','2024-10-25 08:28:06','2024-10-25 08:28:06','5f7c3245-0c7d-4a44-b15b-9798a6a101e0','67419e34-0037-4600-b495-2c2d7443b583'),('c6ce4103-ef78-4a68-9bc8-f5a07711aef0','2024-08-10 14:20:39','2024-08-10 14:20:39','6388a4d9-82cb-4706-9710-c36ad0ed4fbd','8fb8fbda-37ed-4861-a3a2-236500e62ee6'),('d1fbac60-1da1-4d5a-9b07-5b8773c30cbc','2024-10-25 08:28:06','2024-10-25 08:28:06','1939466d-5ec4-4cd7-ac77-805d1ac9e819','67419e34-0037-4600-b495-2c2d7443b583'),('db6e917c-17a9-4486-8fb6-60dee4e42e16','2024-10-25 08:31:57','2024-10-25 08:31:57','5f7c3245-0c7d-4a44-b15b-9798a6a101e0','8fb8fbda-37ed-4861-a3a2-236500e62ee6'),('de73f2b5-f0f9-4b16-86ac-d52852d3e672','2024-08-10 14:20:39','2024-08-10 14:20:39','36c2c907-6520-4092-8c3e-b09654bb35cf','8fb8fbda-37ed-4861-a3a2-236500e62ee6'),('deb0b8f3-aef7-4cdb-b88a-adb87b4e8e75','2024-08-10 14:20:39','2024-08-10 14:20:39','e1cde3ae-79e7-4b0f-bef5-a019c1912037','8fb8fbda-37ed-4861-a3a2-236500e62ee6'),('eaca5efd-9875-4c37-a32c-ce4abdaaa168','2024-10-25 08:31:57','2024-10-25 08:31:57','09189e81-5834-47b6-b8e4-1981e5fef017','8fb8fbda-37ed-4861-a3a2-236500e62ee6'),('f5761d9d-eaed-4d12-8da6-dc4750c09e39','2024-10-25 08:22:17','2024-10-25 08:22:17','01c5b428-8689-4c5d-b50e-e7d49d034f98','f06c31af-5539-46ea-aa03-ef9ed3edba20');
/*!40000 ALTER TABLE `lecturer_terms` ENABLE KEYS */;
UNLOCK TABLES;

--
-- Table structure for table `lecturers`
--

DROP TABLE IF EXISTS `lecturers`;
/*!40101 SET @saved_cs_client     = @@character_set_client */;
/*!50503 SET character_set_client = utf8mb4 */;
CREATE TABLE `lecturers` (
  `id` char(36) CHARACTER SET utf8mb4 COLLATE utf8mb4_bin NOT NULL,
  `username` varchar(255) NOT NULL,
  `password` varchar(255) NOT NULL,
  `full_name` varchar(255) NOT NULL,
  `phone` varchar(255) NOT NULL,
  `email` varchar(255) NOT NULL,
  `gender` enum('MALE','FEMALE') DEFAULT NULL,
  `degree` enum('BACHELOR','MASTER','DOCTOR') DEFAULT 'MASTER',
  `is_active` tinyint(1) NOT NULL DEFAULT '1',
  `created_at` datetime NOT NULL,
  `updated_at` datetime NOT NULL,
  `major_id` char(36) CHARACTER SET utf8mb4 COLLATE utf8mb4_bin DEFAULT NULL,
  PRIMARY KEY (`id`),
  UNIQUE KEY `username` (`username`),
  KEY `major_id` (`major_id`),
  CONSTRAINT `lecturers_ibfk_1` FOREIGN KEY (`major_id`) REFERENCES `majors` (`id`) ON DELETE SET NULL ON UPDATE CASCADE
) ENGINE=InnoDB DEFAULT CHARSET=utf8mb4 COLLATE=utf8mb4_0900_ai_ci;
/*!40101 SET character_set_client = @saved_cs_client */;

--
-- Dumping data for table `lecturers`
--

LOCK TABLES `lecturers` WRITE;
/*!40000 ALTER TABLE `lecturers` DISABLE KEYS */;
INSERT INTO `lecturers` VALUES ('01c5b428-8689-4c5d-b50e-e7d49d034f98','01030615','$2b$10$33jDyq/Gs.9jQa3CiQ8YhePpbHcFqEjcVzBvPyylygvdw75FxtWSq','Nguyn Ngc L','','','MALE','DOCTOR',1,'2024-10-25 08:20:18','2024-10-25 08:20:18','38061a01-0dd1-4224-b15d-d7483c63c8ed'),('09189e81-5834-47b6-b8e4-1981e5fef017','01120041','$2b$10$5YEtITRSxWKvta3YG4zpF.lZATIi80hwKrJ6CWlKRAef3F2SIRR1i','Phm Th Thit','','','FEMALE','MASTER',1,'2024-10-25 08:19:59','2024-10-25 08:19:59','38061a01-0dd1-4224-b15d-d7483c63c8ed'),('0d16e5ea-4a22-4375-a0b7-b187515743c3','06690007','$2b$10$rlXYK.7Vc9eKwENunQvas.ZBBBC1yNSw6IHP9K5OOhS98bwku4Utq','Nguyn Trng Tin','0935020003','nguyentrongtiencntt@gmail.com','MALE','MASTER',1,'2024-07-25 19:04:31','2024-07-25 19:04:31','e4fe02cb-f2b0-4afa-885d-d1b93130d350'),('1523da66-ef24-4a26-b89b-1b9eb1bd9a3c','01120049','$2b$10$Lx7gNSfuHgqnpPzc86QM/u1FzzAoDdqBX5U3lSeWLcWKWJ72AtkS2','Phm Thanh Hng','0918805565','pthung_2002@yahoo.com','MALE','MASTER',1,'2024-07-25 19:04:31','2024-08-14 08:33:53','e4fe02cb-f2b0-4afa-885d-d1b93130d350'),('1939466d-5ec4-4cd7-ac77-805d1ac9e819','01220019','$2b$10$dLHeu1oFhBmih9Jpp.yzgeUisfVjS1pVY0sLn4KPwXQXgd52fxGsG','Trng B Phc','','','MALE','DOCTOR',1,'2024-10-25 08:24:01','2024-10-25 08:24:01','fd81793a-2a0a-494d-8d08-d8faf95db82c'),('1ca5f0a7-2d62-4bb4-8f04-31dc92d836dc','01370029','$2b$10$S96GwYs0Wgi4//GtZdR4Xu.23KYYnsD3CSLFs2RKPMWH0zYIwTKPa','ng Th Phc','','','MALE','DOCTOR',1,'2024-10-25 08:25:05','2024-10-25 08:25:05','38061a01-0dd1-4224-b15d-d7483c63c8ed'),('36c2c907-6520-4092-8c3e-b09654bb35cf','01120016','$2b$10$rlXYK.7Vc9eKwENunQvas.ZBBBC1yNSw6IHP9K5OOhS98bwku4Utq','Nguyn Vn Thng','0988648733','thangvnguyen2001@gmail.com','FEMALE','MASTER',1,'2024-07-25 19:04:31','2024-07-25 19:04:31','e4fe02cb-f2b0-4afa-885d-d1b93130d350'),('44203a2a-70fb-4b5c-934f-27bdc38bd009','01220022','$2b$10$NPySj0pTkxPjRrTe7CR0au3L3qCRghI23pyLJwNBF6n1.C07bxc0e','Nguyn Th Hnh','0773070596','ngthihanh@gmail.com','FEMALE','DOCTOR',1,'2024-07-25 18:08:37','2024-08-13 22:07:01','e4fe02cb-f2b0-4afa-885d-d1b93130d350'),('53721bd4-6f76-4b3f-b404-2e03acebecf4','01120012','$2b$10$rlXYK.7Vc9eKwENunQvas.ZBBBC1yNSw6IHP9K5OOhS98bwku4Utq','ng Th Thu H','0903016048','dtthuha79@gmail.com','FEMALE','MASTER',1,'2024-07-25 19:04:31','2024-07-25 19:04:31','e4fe02cb-f2b0-4afa-885d-d1b93130d350'),('5a8eec60-b186-4582-b6f8-699598307bb0','0199900060','$2b$10$HnK9rlkjfGisvAOnIYonYe7IQzGwpYn3qIczIrBhYzBSR6HksvkrC','L Nht Duy','','','MALE','MASTER',1,'2024-10-25 08:20:44','2024-10-25 08:20:44','38061a01-0dd1-4224-b15d-d7483c63c8ed'),('5f7c3245-0c7d-4a44-b15b-9798a6a101e0','01036018','$2b$10$9OLQFpI73Dr0tybxDKFOsugHESkWptMWSp18hUj1vJ6qZl7LXGpt.','Nguyn Ch Kin','0853848713','nguyenchikien@iuh.edu.vn','MALE','MASTER',1,'2024-10-25 08:23:43','2024-10-28 11:44:56','fd81793a-2a0a-494d-8d08-d8faf95db82c'),('6388a4d9-82cb-4706-9710-c36ad0ed4fbd','01120034','$2b$10$rlXYK.7Vc9eKwENunQvas.ZBBBC1yNSw6IHP9K5OOhS98bwku4Utq','Nguyn Th Hng Lng','0903128350','nguyenluong1603@gmail.com','MALE','MASTER',1,'2024-07-25 19:04:31','2024-07-25 19:04:31','e4fe02cb-f2b0-4afa-885d-d1b93130d350'),('69dd4fdc-97b3-47bf-a8e4-dba378e9a3d7','01120009','$2b$10$rlXYK.7Vc9eKwENunQvas.ZBBBC1yNSw6IHP9K5OOhS98bwku4Utq','Tn Long Phc','0933227272','tonlongphuoc@iuh.edu.vn','MALE','MASTER',1,'2024-07-25 19:04:31','2024-07-25 19:04:31','e4fe02cb-f2b0-4afa-885d-d1b93130d350'),('781f620e-b55a-4197-8eab-48ccbc904d0f','01036010','$2b$10$PRikcbp4fcIIerJ5O8unROTW396VZnH38Cc/1K/PdxOHKg3UCluTS','on Vn Thng','','','MALE','MASTER',1,'2024-10-25 08:21:01','2024-10-25 08:21:01','38061a01-0dd1-4224-b15d-d7483c63c8ed'),('a33509f3-8213-401a-8a0f-6a41b0427736','01120013','$2b$10$rlXYK.7Vc9eKwENunQvas.ZBBBC1yNSw6IHP9K5OOhS98bwku4Utq','Nguyn Th Hong Khnh','0903444795','ngthihoangkhanh@gmail.com','FEMALE','MASTER',1,'2024-07-25 19:04:31','2024-07-25 19:04:31','e4fe02cb-f2b0-4afa-885d-d1b93130d350'),('c03e5a93-d31a-4129-bd9f-0ea4c254d7da','01120050','$2b$10$Fi7DPdVv2Z7A05P5l1CS6.sQ6SF5W1d9ZLOqEoAPDTnP649RXivBm','Chu Th Bo H','0918153584','chauthibaoha@gmail.com','FEMALE','MASTER',1,'2024-07-25 19:04:31','2024-08-10 22:13:05','e4fe02cb-f2b0-4afa-885d-d1b93130d350'),('dfab5a22-1adf-4989-b7dc-60dd7aaf9614','01120014','$2b$10$rlXYK.7Vc9eKwENunQvas.ZBBBC1yNSw6IHP9K5OOhS98bwku4Utq','Trn Th Anh Thi','0985787825','tranthianhthi@iuh.edu.vn','FEMALE','MASTER',1,'2024-07-25 19:04:31','2024-07-25 19:04:31','e4fe02cb-f2b0-4afa-885d-d1b93130d350'),('e1cde3ae-79e7-4b0f-bef5-a019c1912037','01004004','$2b$10$rlXYK.7Vc9eKwENunQvas.ZBBBC1yNSw6IHP9K5OOhS98bwku4Utq','Trn Th Trung','0947 388789','tranthetrung@iuh.edu.vn','MALE','MASTER',1,'2024-07-25 19:04:31','2024-07-25 19:04:31','e4fe02cb-f2b0-4afa-885d-d1b93130d350'),('e8669f9b-0fa9-47d2-a9aa-cc51804861a0','06690051','$2b$10$rlXYK.7Vc9eKwENunQvas.ZBBBC1yNSw6IHP9K5OOhS98bwku4Utq','ng Vn Thun','0979788849','dangvanthuan26@gmail.com','MALE','MASTER',1,'2024-07-25 19:04:31','2024-07-25 19:04:31','e4fe02cb-f2b0-4afa-885d-d1b93130d350');
/*!40000 ALTER TABLE `lecturers` ENABLE KEYS */;
UNLOCK TABLES;

--
-- Table structure for table `majors`
--

DROP TABLE IF EXISTS `majors`;
/*!40101 SET @saved_cs_client     = @@character_set_client */;
/*!50503 SET character_set_client = utf8mb4 */;
CREATE TABLE `majors` (
  `id` char(36) CHARACTER SET utf8mb4 COLLATE utf8mb4_bin NOT NULL,
  `name` varchar(255) NOT NULL,
  `created_at` datetime NOT NULL,
  `updated_at` datetime NOT NULL,
  PRIMARY KEY (`id`)
) ENGINE=InnoDB DEFAULT CHARSET=utf8mb4 COLLATE=utf8mb4_0900_ai_ci;
/*!40101 SET character_set_client = @saved_cs_client */;

--
-- Dumping data for table `majors`
--

LOCK TABLES `majors` WRITE;
/*!40000 ALTER TABLE `majors` DISABLE KEYS */;
INSERT INTO `majors` VALUES ('0db981c5-011e-4395-97f3-30ac8ef3d694','H thng thng tin','2024-08-12 17:46:47','2024-08-12 17:46:47'),('38061a01-0dd1-4224-b15d-d7483c63c8ed','Khoa hc my tnh','2024-08-12 17:53:12','2024-08-12 17:53:12'),('e4fe02cb-f2b0-4afa-885d-d1b93130d350','K thut phn mm','2024-06-12 16:26:50','2024-07-15 23:42:24'),('f993f966-b851-4ac9-a897-8206cc1bdd3e','Cng ngh thng tin','2024-08-12 17:43:17','2024-08-12 17:43:17'),('fd81793a-2a0a-494d-8d08-d8faf95db82c','Khoa hc d liu','2024-06-12 16:27:19','2024-08-12 17:59:10');
/*!40000 ALTER TABLE `majors` ENABLE KEYS */;
UNLOCK TABLES;

--
-- Table structure for table `notification_lecturers`
--

DROP TABLE IF EXISTS `notification_lecturers`;
/*!40101 SET @saved_cs_client     = @@character_set_client */;
/*!50503 SET character_set_client = utf8mb4 */;
CREATE TABLE `notification_lecturers` (
  `id` char(36) CHARACTER SET utf8mb4 COLLATE utf8mb4_bin NOT NULL,
  `is_read` tinyint(1) NOT NULL DEFAULT '0',
  `created_at` datetime NOT NULL,
  `updated_at` datetime NOT NULL,
  `lecturer_id` char(36) CHARACTER SET utf8mb4 COLLATE utf8mb4_bin DEFAULT NULL,
  `notification_id` char(36) CHARACTER SET utf8mb4 COLLATE utf8mb4_bin DEFAULT NULL,
  PRIMARY KEY (`id`),
  KEY `lecturer_id` (`lecturer_id`),
  KEY `notification_id` (`notification_id`),
  CONSTRAINT `notification_lecturers_ibfk_1` FOREIGN KEY (`lecturer_id`) REFERENCES `lecturers` (`id`) ON DELETE SET NULL ON UPDATE CASCADE,
  CONSTRAINT `notification_lecturers_ibfk_2` FOREIGN KEY (`notification_id`) REFERENCES `notifications` (`id`) ON DELETE SET NULL ON UPDATE CASCADE
) ENGINE=InnoDB DEFAULT CHARSET=utf8mb4 COLLATE=utf8mb4_0900_ai_ci;
/*!40101 SET character_set_client = @saved_cs_client */;

--
-- Dumping data for table `notification_lecturers`
--

LOCK TABLES `notification_lecturers` WRITE;
/*!40000 ALTER TABLE `notification_lecturers` DISABLE KEYS */;
INSERT INTO `notification_lecturers` VALUES ('040190da-69af-45b6-9228-d5235ba61cf3',0,'2024-10-25 08:31:57','2024-10-25 08:31:57','781f620e-b55a-4197-8eab-48ccbc904d0f','1462083f-8427-4597-a449-e3a3f48badf6'),('1854a27f-1deb-4c5d-8216-4fc76389539c',0,'2024-10-25 08:31:57','2024-10-25 08:31:57','5f7c3245-0c7d-4a44-b15b-9798a6a101e0','1462083f-8427-4597-a449-e3a3f48badf6'),('32790f49-7e12-4b61-9cab-88eaa249eac7',0,'2024-10-25 08:31:57','2024-10-25 08:31:57','1939466d-5ec4-4cd7-ac77-805d1ac9e819','1462083f-8427-4597-a449-e3a3f48badf6'),('3f883de3-0800-4ac8-9ae2-5f2e176d0dce',0,'2024-10-25 08:31:57','2024-10-25 08:31:57','1ca5f0a7-2d62-4bb4-8f04-31dc92d836dc','1462083f-8427-4597-a449-e3a3f48badf6'),('c876b86b-d2f4-4e59-b6ef-d7d586c50fab',0,'2024-10-25 08:31:57','2024-10-25 08:31:57','01c5b428-8689-4c5d-b50e-e7d49d034f98','1462083f-8427-4597-a449-e3a3f48badf6'),('cd0e3f0e-d5d3-4c82-8e55-7b8d0633c68c',0,'2024-10-25 08:31:57','2024-10-25 08:31:57','09189e81-5834-47b6-b8e4-1981e5fef017','1462083f-8427-4597-a449-e3a3f48badf6'),('eafa4b80-973d-4484-ac5f-090c1e9d4caf',0,'2024-10-25 08:31:57','2024-10-25 08:31:57','5a8eec60-b186-4582-b6f8-699598307bb0','1462083f-8427-4597-a449-e3a3f48badf6');
/*!40000 ALTER TABLE `notification_lecturers` ENABLE KEYS */;
UNLOCK TABLES;

--
-- Table structure for table `notification_students`
--

DROP TABLE IF EXISTS `notification_students`;
/*!40101 SET @saved_cs_client     = @@character_set_client */;
/*!50503 SET character_set_client = utf8mb4 */;
CREATE TABLE `notification_students` (
  `id` char(36) CHARACTER SET utf8mb4 COLLATE utf8mb4_bin NOT NULL,
  `is_read` tinyint(1) NOT NULL DEFAULT '0',
  `created_at` datetime NOT NULL,
  `updated_at` datetime NOT NULL,
  `student_id` char(36) CHARACTER SET utf8mb4 COLLATE utf8mb4_bin DEFAULT NULL,
  `notification_id` char(36) CHARACTER SET utf8mb4 COLLATE utf8mb4_bin DEFAULT NULL,
  PRIMARY KEY (`id`),
  KEY `student_id` (`student_id`),
  KEY `notification_id` (`notification_id`),
  CONSTRAINT `notification_students_ibfk_1` FOREIGN KEY (`student_id`) REFERENCES `students` (`id`) ON DELETE SET NULL ON UPDATE CASCADE,
  CONSTRAINT `notification_students_ibfk_2` FOREIGN KEY (`notification_id`) REFERENCES `notifications` (`id`) ON DELETE SET NULL ON UPDATE CASCADE
) ENGINE=InnoDB DEFAULT CHARSET=utf8mb4 COLLATE=utf8mb4_0900_ai_ci;
/*!40101 SET character_set_client = @saved_cs_client */;

--
-- Dumping data for table `notification_students`
--

LOCK TABLES `notification_students` WRITE;
/*!40000 ALTER TABLE `notification_students` DISABLE KEYS */;
INSERT INTO `notification_students` VALUES ('3a6842bb-fb89-49dd-bd3a-b54c2bed4ead',1,'2024-10-11 13:43:42','2024-10-11 13:46:31','cf4f5a91-404f-4309-8035-d7bc2b3dc874','7e5a1fdc-0ffd-446b-af79-38c691760b77');
/*!40000 ALTER TABLE `notification_students` ENABLE KEYS */;
UNLOCK TABLES;

--
-- Table structure for table `notifications`
--

DROP TABLE IF EXISTS `notifications`;
/*!40101 SET @saved_cs_client     = @@character_set_client */;
/*!50503 SET character_set_client = utf8mb4 */;
CREATE TABLE `notifications` (
  `id` char(36) CHARACTER SET utf8mb4 COLLATE utf8mb4_bin NOT NULL,
  `title` varchar(255) NOT NULL,
  `content` mediumtext NOT NULL,
  `type` enum('LECTURER','STUDENT','GROUP_STUDENT','GROUP_LECTURER','ALL') NOT NULL,
  `created_at` datetime NOT NULL,
  `updated_at` datetime NOT NULL,
  `created_by` char(36) CHARACTER SET utf8mb4 COLLATE utf8mb4_bin DEFAULT NULL,
  PRIMARY KEY (`id`),
  KEY `created_by` (`created_by`),
  CONSTRAINT `notifications_ibfk_1` FOREIGN KEY (`created_by`) REFERENCES `lecturers` (`id`) ON DELETE SET NULL ON UPDATE CASCADE
) ENGINE=InnoDB DEFAULT CHARSET=utf8mb4 COLLATE=utf8mb4_0900_ai_ci;
/*!40101 SET character_set_client = @saved_cs_client */;

--
-- Dumping data for table `notifications`
--

LOCK TABLES `notifications` WRITE;
/*!40000 ALTER TABLE `notifications` DISABLE KEYS */;
INSERT INTO `notifications` VALUES ('1462083f-8427-4597-a449-e3a3f48badf6','Thng bo: Knh mi qu thy (c) tham gia hng dn kha lun tt nghip chuyn ngnh K thut phn mm','<p style=\"font-size: 16px; color: #0052b1;\">Knh mi qu Thy/C tham gia hng dn chuyn ngnh ti khoa CNTT. Vai tr ca Thy/C gm:</p>\n<ul style=\"color: #333; margin-left: 20px;\">\n  <li>Hng dn sinh vin thc hin  ti</li>\n  <li>Chm im cho nhm sinh vin</li>\n</ul>\n<p style=\"font-size: 16px; color: #0052b1;\">Trn trng cm n s ng gp ca Thy/C!</p>\n','LECTURER','2024-10-25 08:31:57','2024-10-25 08:31:57','44203a2a-70fb-4b5c-934f-27bdc38bd009'),('7e5a1fdc-0ffd-446b-af79-38c691760b77','Chc mng','<p> ti  hon thnh xut sc!</p>','STUDENT','2024-10-11 13:43:42','2024-10-11 13:43:42','44203a2a-70fb-4b5c-934f-27bdc38bd009');
/*!40000 ALTER TABLE `notifications` ENABLE KEYS */;
UNLOCK TABLES;

--
-- Table structure for table `roles`
--

DROP TABLE IF EXISTS `roles`;
/*!40101 SET @saved_cs_client     = @@character_set_client */;
/*!50503 SET character_set_client = utf8mb4 */;
CREATE TABLE `roles` (
  `id` char(36) CHARACTER SET utf8mb4 COLLATE utf8mb4_bin NOT NULL,
  `name` enum('ADMIN','HEAD_LECTURER','HEAD_COURSE','LECTURER') DEFAULT 'LECTURER',
  `created_at` datetime NOT NULL,
  `updated_at` datetime NOT NULL,
  `lecturer_id` char(36) CHARACTER SET utf8mb4 COLLATE utf8mb4_bin DEFAULT NULL,
  PRIMARY KEY (`id`),
  KEY `lecturer_id` (`lecturer_id`),
  CONSTRAINT `roles_ibfk_1` FOREIGN KEY (`lecturer_id`) REFERENCES `lecturers` (`id`) ON DELETE SET NULL ON UPDATE CASCADE
) ENGINE=InnoDB DEFAULT CHARSET=utf8mb4 COLLATE=utf8mb4_0900_ai_ci;
/*!40101 SET character_set_client = @saved_cs_client */;

--
-- Dumping data for table `roles`
--

LOCK TABLES `roles` WRITE;
/*!40000 ALTER TABLE `roles` DISABLE KEYS */;
INSERT INTO `roles` VALUES ('0880293a-1b95-49e8-91b4-39d18c672c28','LECTURER','2024-07-25 19:04:31','2024-07-25 19:04:31','6388a4d9-82cb-4706-9710-c36ad0ed4fbd'),('14c20a2c-8eaa-4a5d-ba29-7b4993b1e85d','LECTURER','2024-10-25 08:21:01','2024-10-25 08:21:01','781f620e-b55a-4197-8eab-48ccbc904d0f'),('2b611fa7-80e7-49b8-984d-e70c16b615f3','LECTURER','2024-07-25 19:04:31','2024-07-25 19:04:31','69dd4fdc-97b3-47bf-a8e4-dba378e9a3d7'),('2c9d8453-e847-4c02-851c-22460f4d33e7','LECTURER','2024-10-25 08:23:43','2024-10-25 08:23:43','5f7c3245-0c7d-4a44-b15b-9798a6a101e0'),('38d6ade6-e42f-41b2-9c55-0947abf4343a','LECTURER','2024-08-14 09:17:19','2024-08-14 09:17:19',NULL),('44b3d595-a985-416d-97d9-35352a17e278','LECTURER','2024-07-25 19:04:31','2024-07-25 19:04:31','0d16e5ea-4a22-4375-a0b7-b187515743c3'),('5b5c6791-ce8d-4e0e-9f96-df95b2b6067c','LECTURER','2024-07-25 19:04:31','2024-07-25 19:04:31','53721bd4-6f76-4b3f-b404-2e03acebecf4'),('5c69f5e3-6305-4c5a-ac45-a680d859d3b6','LECTURER','2024-10-25 08:19:59','2024-10-25 08:19:59','09189e81-5834-47b6-b8e4-1981e5fef017'),('6cba9209-35b3-42a3-99dd-9e1460616029','HEAD_COURSE','2024-08-10 14:53:37','2024-08-10 14:53:37','c03e5a93-d31a-4129-bd9f-0ea4c254d7da'),('8251647b-869a-43b6-890d-9b0a4293c587','LECTURER','2024-10-25 08:24:01','2024-10-25 08:24:01','1939466d-5ec4-4cd7-ac77-805d1ac9e819'),('84307fda-23df-4a7f-8c2e-69032cede3e3','LECTURER','2024-07-25 18:37:58','2024-07-25 18:37:58','44203a2a-70fb-4b5c-934f-27bdc38bd009'),('899dede5-9957-40ad-a6b3-736d82865df7','LECTURER','2024-07-25 19:04:31','2024-07-25 19:04:31','e8669f9b-0fa9-47d2-a9aa-cc51804861a0'),('8c362a41-b47d-43b2-b8f5-46213152f102','LECTURER','2024-07-25 19:04:31','2024-07-25 19:04:31','c03e5a93-d31a-4129-bd9f-0ea4c254d7da'),('ac6d4789-3218-4119-b9b6-c3d18989580a','LECTURER','2024-07-25 19:04:31','2024-07-25 19:04:31','a33509f3-8213-401a-8a0f-6a41b0427736'),('aeda2956-a71f-4603-a7dd-423b17bea41d','LECTURER','2024-07-25 19:04:31','2024-07-25 19:04:31','dfab5a22-1adf-4989-b7dc-60dd7aaf9614'),('afa23021-ac99-4273-b1c6-3fe75dd43a03','HEAD_LECTURER','2024-07-25 19:05:38','2024-07-25 19:05:38','44203a2a-70fb-4b5c-934f-27bdc38bd009'),('b0f68e8b-7cd1-42a4-afb8-0178e6f9c9c5','LECTURER','2024-10-25 08:20:44','2024-10-25 08:20:44','5a8eec60-b186-4582-b6f8-699598307bb0'),('b12c1979-f7a5-44e9-9e3f-5eb1dffc5973','LECTURER','2024-07-25 19:04:31','2024-07-25 19:04:31','36c2c907-6520-4092-8c3e-b09654bb35cf'),('b390172c-a080-41a3-ba66-51832d8e2b80','LECTURER','2024-07-25 19:04:31','2024-07-25 19:04:31','1523da66-ef24-4a26-b89b-1b9eb1bd9a3c'),('b3a36ebb-acf2-4393-ac94-879b7a31949d','LECTURER','2024-10-25 08:20:19','2024-10-25 08:20:19','01c5b428-8689-4c5d-b50e-e7d49d034f98'),('cbd79b6f-9b46-4f03-9a8e-554cd48cf905','LECTURER','2024-07-25 19:04:31','2024-07-25 19:04:31','e1cde3ae-79e7-4b0f-bef5-a019c1912037'),('e1f249aa-6b1f-46a6-87ce-60607e0f4c77','LECTURER','2024-10-25 08:25:05','2024-10-25 08:25:05','1ca5f0a7-2d62-4bb4-8f04-31dc92d836dc'),('e89672fd-0138-40f4-a9ed-9edb6dfa1468','ADMIN','2024-07-25 18:37:48','2024-07-25 18:37:48','44203a2a-70fb-4b5c-934f-27bdc38bd009');
/*!40000 ALTER TABLE `roles` ENABLE KEYS */;
UNLOCK TABLES;

--
-- Table structure for table `student_terms`
--

DROP TABLE IF EXISTS `student_terms`;
/*!40101 SET @saved_cs_client     = @@character_set_client */;
/*!50503 SET character_set_client = utf8mb4 */;
CREATE TABLE `student_terms` (
  `id` char(36) CHARACTER SET utf8mb4 COLLATE utf8mb4_bin NOT NULL,
  `status` enum('OPEN','FAIL_ADVISOR','FAIL_REVIEWER','FAIL_REPORT','PASS_ADVISOR','PASS_REVIEWER','PASS_REPORT') NOT NULL DEFAULT 'OPEN',
  `is_admin` tinyint(1) DEFAULT '0',
  `created_at` datetime NOT NULL,
  `updated_at` datetime NOT NULL,
  `term_id` char(36) CHARACTER SET utf8mb4 COLLATE utf8mb4_bin DEFAULT NULL,
  `group_student_id` char(36) CHARACTER SET utf8mb4 COLLATE utf8mb4_bin DEFAULT NULL,
  `student_id` char(36) CHARACTER SET utf8mb4 COLLATE utf8mb4_bin DEFAULT NULL,
  PRIMARY KEY (`id`),
  KEY `term_id` (`term_id`),
  KEY `group_student_id` (`group_student_id`),
  KEY `student_id` (`student_id`),
  CONSTRAINT `student_terms_ibfk_1` FOREIGN KEY (`term_id`) REFERENCES `terms` (`id`) ON DELETE SET NULL ON UPDATE CASCADE,
  CONSTRAINT `student_terms_ibfk_2` FOREIGN KEY (`group_student_id`) REFERENCES `group_students` (`id`) ON DELETE SET NULL ON UPDATE CASCADE,
  CONSTRAINT `student_terms_ibfk_3` FOREIGN KEY (`student_id`) REFERENCES `students` (`id`) ON DELETE SET NULL ON UPDATE CASCADE
) ENGINE=InnoDB DEFAULT CHARSET=utf8mb4 COLLATE=utf8mb4_0900_ai_ci;
/*!40101 SET character_set_client = @saved_cs_client */;

--
-- Dumping data for table `student_terms`
--

LOCK TABLES `student_terms` WRITE;
/*!40000 ALTER TABLE `student_terms` DISABLE KEYS */;
INSERT INTO `student_terms` VALUES ('002c7fd6-de7b-4cee-acd9-1c6f3308ec0f','OPEN',1,'2024-08-10 14:55:05','2024-08-11 22:14:45','8fb8fbda-37ed-4861-a3a2-236500e62ee6','507f844a-78e6-4b0c-8a65-769ce4ae3674','f7dc47ed-b9d0-41e9-8db7-4300660655cf'),('00c7a1af-84d9-470c-b303-d3606145339b','OPEN',1,'2024-08-10 14:55:05','2024-08-11 22:14:11','8fb8fbda-37ed-4861-a3a2-236500e62ee6','d2caae58-fe1d-4bd3-a9ec-0db6d4da6881','519a9ed7-9d4a-4e9b-8d12-15b2c68c7175'),('05d083d3-a473-4949-8951-ddbde8442db6','OPEN',0,'2024-08-10 14:55:06','2024-08-11 22:19:40','8fb8fbda-37ed-4861-a3a2-236500e62ee6','e94236d4-9f3d-44cd-9ca7-53187acbd0d3','9ab7e37e-5454-4b44-89dd-0f75d30b9cd5'),('06051271-a1b7-4ec4-918f-d151bfabbe22','OPEN',0,'2024-08-10 14:55:04','2024-08-11 22:04:28','8fb8fbda-37ed-4861-a3a2-236500e62ee6','11eeb29f-4af5-4942-a468-819068a7fbef','83aa2d61-3111-4960-b0c6-de98576df9ed'),('06e27c51-84e0-4b72-8576-4976070b110b','OPEN',0,'2024-08-10 14:55:07','2024-08-11 22:14:55','8fb8fbda-37ed-4861-a3a2-236500e62ee6','fcd09b2f-07e7-44ef-8c0c-afc75c24dd67','d5fe58fe-9c03-4086-9e51-8159b7729cdb'),('0a717e35-837a-41e7-b2da-ccb675b47638','OPEN',1,'2024-08-10 14:55:06','2024-08-11 22:46:05','8fb8fbda-37ed-4861-a3a2-236500e62ee6','fd50cf2b-944f-4ddd-a474-1449ed09832d','1a2f2424-8904-443e-857c-bcefa7cb301b'),('0cb87853-0ff4-476d-bb20-d4051e041098','OPEN',1,'2024-08-10 14:55:07','2024-08-11 22:11:11','8fb8fbda-37ed-4861-a3a2-236500e62ee6','fcd09b2f-07e7-44ef-8c0c-afc75c24dd67','6373d7ab-0628-407b-b54f-8872cf856aba'),('0d53973c-994b-4bfe-9501-86ea0fb39c8b','OPEN',1,'2024-08-10 14:55:07','2024-08-13 20:21:38','8fb8fbda-37ed-4861-a3a2-236500e62ee6','fefb81a6-6ec4-40d0-9bc1-c5bcb9398a3f','4b6f797a-07cf-47ae-845b-0e49873b5ed1'),('0dc69460-a37c-4abc-86a0-cf0e6d1de90e','OPEN',1,'2024-08-10 14:55:05','2024-08-11 22:50:05','8fb8fbda-37ed-4861-a3a2-236500e62ee6','9751c257-2a3f-48f9-a3b7-4526fad985cd','602a908c-a420-429c-b7fd-6cae620b9a71'),('0de23d9c-71f5-4d08-9bdb-7150f5cd8519','OPEN',1,'2024-08-10 14:55:04','2024-08-14 09:28:14','8fb8fbda-37ed-4861-a3a2-236500e62ee6','1223c553-9112-48de-b0bf-cd2b67f9971d','28ec2a7d-ceab-4404-a7cc-28b5a33b59b5'),('0f7d70ca-5323-4822-8f2a-e48eda294fde','OPEN',1,'2024-08-10 14:55:00','2024-08-11 22:32:11','8fb8fbda-37ed-4861-a3a2-236500e62ee6','f2aec6db-41e2-4bf3-abac-6f965a4f1202','f458ac90-99ab-4d96-810a-e776b9ed34ef'),('0fa5e79e-665c-44c9-91ec-6ed987cb40d6','OPEN',1,'2024-08-10 14:55:02','2024-08-14 05:37:38','8fb8fbda-37ed-4861-a3a2-236500e62ee6','810ae766-3db7-4cd7-855e-1ab73f3eeb4d','fca720ea-490e-4402-8933-c901af743ec3'),('119c0df4-c986-4edf-8ddb-d40ca9934bf1','OPEN',0,'2024-08-13 14:26:46','2024-08-13 14:39:46','8fb8fbda-37ed-4861-a3a2-236500e62ee6','d0401d09-955f-4563-b273-0709e63984be','84250d94-7952-4269-a8ca-4acabb5db413'),('11c1899b-0338-4f54-a7c9-8ec6f6770ffc','OPEN',0,'2024-08-10 14:55:04','2024-08-14 07:36:01','8fb8fbda-37ed-4861-a3a2-236500e62ee6','7bdda363-8663-4cbf-b681-38d9f58e0bee','9b0fe61a-6b55-40cc-9f77-64737e557b9d'),('12a0b8f4-ff5f-4df1-b6ac-7cf40818f577','OPEN',1,'2024-08-10 14:55:03','2024-08-11 22:11:05','8fb8fbda-37ed-4861-a3a2-236500e62ee6','038d959c-fa92-43b1-80eb-fe15e92d30dc','30c5917f-c0bf-4546-b50a-78a2c45deb7c'),('15d8408c-a2fd-45cd-9606-eb3fec4ef365','OPEN',1,'2024-08-10 14:55:01','2024-08-14 09:10:09','8fb8fbda-37ed-4861-a3a2-236500e62ee6','24a3747f-9458-48f6-b8a4-310e03524c14','553edbe1-aba9-4d5f-8919-a1a8c94c8a18'),('15fcdd27-9a08-43a3-b9f3-3d72666383d7','OPEN',1,'2024-08-10 14:55:02','2024-08-12 19:58:47','8fb8fbda-37ed-4861-a3a2-236500e62ee6','7172c9cc-565c-4609-96d0-bdfd8811519e','137e2d1a-8f30-4c76-a9a5-1c6b5e638274'),('16c8f858-f070-4515-850a-9964c152cfdb','OPEN',0,'2024-08-10 14:55:04','2024-08-11 22:05:51','8fb8fbda-37ed-4861-a3a2-236500e62ee6','7209ba60-a34c-464d-a292-d3cc1d066b56','f97418c9-87fd-41ce-9344-cfec13ed7b5c'),('16ee3224-67c1-4467-a4cc-007b59042d1c','OPEN',0,'2024-08-10 14:55:01','2024-08-11 22:14:41','8fb8fbda-37ed-4861-a3a2-236500e62ee6','1085b79b-3a22-42c2-a938-bb1f66717036','7e1f79d1-9ee5-470a-92f7-65443c02f4af'),('177e194e-c75a-45c1-91d2-802b735ae72c','OPEN',0,'2024-08-10 14:55:06','2024-08-13 22:04:35','8fb8fbda-37ed-4861-a3a2-236500e62ee6','1d98aee7-ecce-45c6-a823-c1ace65cd925','bf5cdeca-63a0-40c1-93e4-3327da0fd8ab'),('184dfdab-9fb4-4918-8926-5b26e2480de7','OPEN',0,'2024-08-10 14:55:04','2024-08-12 15:32:25','8fb8fbda-37ed-4861-a3a2-236500e62ee6','4ec1fe55-c444-4707-9353-4b4276aff5ea','0128a252-8ebb-4d94-81a2-1dcf22aebcfd'),('185e5207-b53b-430c-b54b-21b6e92d0735','OPEN',0,'2024-08-10 14:55:07','2024-08-12 00:25:17','8fb8fbda-37ed-4861-a3a2-236500e62ee6','27e687e7-50ee-4a44-acbc-425923ce7bc5','1c996034-8b88-483d-aa4f-edef27a70819'),('18a6acb8-e06d-45cf-a13c-30c246bebc68','OPEN',0,'2024-08-10 14:55:04','2024-08-12 22:52:18','8fb8fbda-37ed-4861-a3a2-236500e62ee6','238bc4f9-6e42-44f9-87e8-cc148ae86611','7e9d2e06-0c70-4a47-b9b3-805bf3b2b703'),('19470d00-a510-4c83-ad21-715799d349da','OPEN',1,'2024-08-10 14:55:01','2024-08-11 22:04:19','8fb8fbda-37ed-4861-a3a2-236500e62ee6','b97fbf67-b88d-466c-8f48-6c1a36157fc5','b7025e4a-7f30-4a76-a244-277e102483e4'),('19b2c2b7-f49e-4bc9-8c70-9c9034686fb2','OPEN',0,'2024-08-10 14:55:06','2024-08-12 02:34:51','8fb8fbda-37ed-4861-a3a2-236500e62ee6','507f844a-78e6-4b0c-8a65-769ce4ae3674','7340110e-a826-48fe-aff7-484fac052f16'),('1a7c3b26-f845-4cc6-89c6-cbddcd798f11','OPEN',0,'2024-08-10 14:55:07','2024-08-12 18:49:30','8fb8fbda-37ed-4861-a3a2-236500e62ee6','54b3bd28-8a77-4561-95da-a2d035afb4d8','8cc36720-538f-4623-8dd0-9070b20e2ffc'),('1c458208-811b-430e-8370-b9ba828ab1aa','OPEN',0,'2024-08-10 14:55:04','2024-08-12 18:51:31','8fb8fbda-37ed-4861-a3a2-236500e62ee6','2b6bd1fd-411d-4a57-9dca-6568a1968226','197655d7-3e49-401b-a5de-443de559c2b5'),('1d117f89-a6f7-42fe-903c-f8aef724e647','OPEN',0,'2024-08-10 14:55:02','2024-08-11 22:04:21','8fb8fbda-37ed-4861-a3a2-236500e62ee6','23e4ba75-8f85-4f99-9426-e6441a70d9f4','828749a3-d333-4f39-93d4-217877d41e75'),('1d8e1498-e6d0-4537-af4a-8fc6d4e31e6d','OPEN',1,'2024-08-12 23:24:32','2024-08-13 19:27:23','8fb8fbda-37ed-4861-a3a2-236500e62ee6','c3cc3dbc-7516-499e-b585-ad196b3fd67e','d2c576cc-174f-4817-bdc8-16e12614a018'),('1dd01658-3900-438c-8554-03b0bce75109','OPEN',0,'2024-08-10 14:55:00','2024-08-11 22:27:39','8fb8fbda-37ed-4861-a3a2-236500e62ee6','27c3bb8c-3ab2-4b61-84dc-7fab286c0d3e','a19d009d-b710-4636-a382-f203946bcafe'),('1e698881-dcac-499d-be78-2f57f76b4450','OPEN',0,'2024-08-10 14:55:02','2024-08-12 20:23:02','8fb8fbda-37ed-4861-a3a2-236500e62ee6','95bfd0b0-c11a-4012-be21-72d3d24d3750','c113ef00-6ef6-420a-8910-24c8faa0654f'),('1ed28784-0851-4ef3-a955-0cc6afd3f29f','OPEN',1,'2024-08-10 14:55:03','2024-08-13 11:09:07','8fb8fbda-37ed-4861-a3a2-236500e62ee6','a8ccb1af-61bd-4abe-afce-aeb44c3a3b86','9d58a303-892e-4f67-9350-5ddbc7493015'),('201173fc-c9a7-4331-b261-72425eaa8d81','OPEN',1,'2024-08-10 14:55:07','2024-08-11 22:08:18','8fb8fbda-37ed-4861-a3a2-236500e62ee6','86c37faf-1660-4e5d-9f2b-b7c1198ec797','bd388abf-7a4e-487f-bdc1-6d07cf9bfd91'),('20b507a1-1bc8-4dd9-b666-6a4c5b5cc352','OPEN',1,'2024-08-10 14:55:06','2024-08-12 09:25:53','8fb8fbda-37ed-4861-a3a2-236500e62ee6','edbc51d3-6dec-457d-a754-6aaeb7ca58a5','69e52d83-468e-4c41-88f0-76ad950a8e7a'),('21204e1f-09aa-42dd-a24a-a07b78fd38a4','OPEN',0,'2024-08-10 14:55:06','2024-08-13 10:02:20','8fb8fbda-37ed-4861-a3a2-236500e62ee6','53ddda9a-85f0-4189-8088-775ad39c6944','df90f322-b79f-4d2f-b8fd-0e25bd2fe913'),('2122e994-14c0-4bc7-bd80-2a79e21fe580','OPEN',1,'2024-08-10 14:55:04','2024-08-11 22:07:26','8fb8fbda-37ed-4861-a3a2-236500e62ee6','0e1cec50-7151-4df9-a1a7-006e4e302f0d','61e04d5d-e22b-4a07-a9be-5bae5d590122'),('216d62f6-fa4d-40a7-b31e-7a4f6114b5b5','OPEN',0,'2024-08-10 14:55:04','2024-08-12 14:03:31','8fb8fbda-37ed-4861-a3a2-236500e62ee6','c8a0a2e1-8de7-416f-b714-4df774a76d0a','5fe2f4a1-f461-4ae5-be7a-8fa28c0cda45'),('2193e883-d67a-4dc4-b64e-4b4794672355','OPEN',1,'2024-08-10 14:55:06','2024-08-11 22:03:37','8fb8fbda-37ed-4861-a3a2-236500e62ee6','d8236dbb-e44e-4d10-b4ad-5b6022e20415','a226851b-40fb-407c-8ab6-659916ecb893'),('238461d5-c678-4330-9cf9-258d9363899b','OPEN',1,'2024-08-10 14:55:05','2024-08-11 23:12:02','8fb8fbda-37ed-4861-a3a2-236500e62ee6','4143e527-3894-417e-bb8c-431376242dc0','b30edaa5-401b-4827-9b75-0b3331247d3e'),('25ce70b3-6985-4e60-97f5-5fc5e5346b88','OPEN',1,'2024-08-10 14:55:01','2024-08-12 12:03:26','8fb8fbda-37ed-4861-a3a2-236500e62ee6','28a0c74e-36cb-4616-99e8-1b2413d25b7d','2a24b0fe-e75c-44ed-808b-ae4d4585f57a'),('2784bdf6-eb1c-47b5-81c8-796bb0fe58c0','OPEN',1,'2024-08-10 14:55:08','2024-08-13 12:18:29','8fb8fbda-37ed-4861-a3a2-236500e62ee6','1cad5d58-9712-45c6-a9aa-2e4928c42e28','a863e37b-ce18-4cb3-9053-a12d3d533826'),('2790f0bc-8b78-4465-8a35-b098a0c9dd01','OPEN',1,'2024-08-10 14:55:03','2024-08-11 22:03:07','8fb8fbda-37ed-4861-a3a2-236500e62ee6','11eeb29f-4af5-4942-a468-819068a7fbef','d807351f-601f-4245-a300-0b5fdc29da05'),('28812f15-7082-4b39-b4ec-3404a86343c2','OPEN',1,'2024-08-10 14:55:01','2024-08-11 22:59:27','8fb8fbda-37ed-4861-a3a2-236500e62ee6','397d8300-5620-4f47-a3a4-5ccd23ad5416','cd70925e-28ba-4d06-bf2a-2275fe6ce1b8'),('2a8acd45-ed74-475a-bffd-8f399f2c19b1','OPEN',0,'2024-08-10 14:55:02','2024-08-13 09:11:44','8fb8fbda-37ed-4861-a3a2-236500e62ee6','7e84a15c-549b-4f0c-83ad-098f2079e38f','08df86a8-4872-4694-84dc-98014e4fd147'),('2ba83f43-2c6b-43a8-8400-cb7424c76806','OPEN',0,'2024-08-10 14:55:02','2024-08-11 22:33:54','8fb8fbda-37ed-4861-a3a2-236500e62ee6','8a11effc-7a37-4008-bc3e-85601ac5d3c7','ddeadfc5-79da-4be6-bb61-84f80612b984'),('2bc3ca50-a302-4ae2-9c24-2f69d983c9de','OPEN',0,'2024-08-10 14:55:08','2024-08-11 22:05:29','8fb8fbda-37ed-4861-a3a2-236500e62ee6','fdd3e544-5bba-4d3b-acdd-3976e9f1853c','470e974d-fe35-454f-a649-c6bad876bb17'),('2be33c6e-afba-4160-ac2b-1b4a46b8007c','OPEN',0,'2024-08-12 23:24:32','2024-08-13 10:59:43','8fb8fbda-37ed-4861-a3a2-236500e62ee6','3e87a91b-a1e8-4e0d-87f9-2e1bf5205968','f91679b9-893d-4be2-844e-48b1eef87f66'),('2d220ecc-90f8-4f9d-9f1c-bf6b6ebc5790','OPEN',1,'2024-08-10 14:55:00','2024-08-12 10:22:33','8fb8fbda-37ed-4861-a3a2-236500e62ee6','eb079b9c-b336-422c-9010-4d202735d6f3','6f9de5e6-0568-4f6e-af44-0c4a607788d0'),('2dd5031c-c157-40de-b921-f7f33c4d16e4','OPEN',0,'2024-08-10 14:55:01','2024-08-11 22:04:42','8fb8fbda-37ed-4861-a3a2-236500e62ee6','2919c750-d254-4fde-9d83-3ec8a4a9f0cb','769b1702-8b85-4254-849d-f3a8d19ba2f1'),('2e28dee2-fd24-4052-aa01-b3c104b970e1','OPEN',1,'2024-08-10 14:55:03','2024-08-11 22:05:33','8fb8fbda-37ed-4861-a3a2-236500e62ee6','4652351e-9aec-4d22-89d3-a5d9b57113a1','bf2e3a4b-5e08-4bb2-8c87-0dcfd6a0b117'),('2f808fec-fb5f-4d75-a742-168d92606d0b','OPEN',0,'2024-08-10 14:55:07','2024-08-11 23:25:42','8fb8fbda-37ed-4861-a3a2-236500e62ee6','d2caae58-fe1d-4bd3-a9ec-0db6d4da6881','8b8f99c9-74bf-4f09-b5b2-9803a57cbb34'),('2f8251d0-eef2-4128-9c9b-72c705ce323c','OPEN',0,'2024-08-10 14:55:04','2024-08-12 06:13:45','8fb8fbda-37ed-4861-a3a2-236500e62ee6','0ff9e8bb-cde4-43ee-a644-b1f7655730f4','723da2e2-8522-4f01-8cc5-d5b414d2f40e'),('30335415-e584-45d2-9708-f96ec36802eb','OPEN',0,'2024-08-10 14:55:04','2024-08-12 08:41:20','8fb8fbda-37ed-4861-a3a2-236500e62ee6','5e4ee0a9-1579-4f09-9ba9-017ae48c3efd','0e1aa821-f557-4654-a19c-6989add258a9'),('3056f395-d8be-44ba-920e-28703630da68','OPEN',0,'2024-08-10 14:55:04','2024-08-13 17:37:10','8fb8fbda-37ed-4861-a3a2-236500e62ee6','edbc51d3-6dec-457d-a754-6aaeb7ca58a5','08860c18-5519-4b51-8bae-25dc42e862c0'),('30b36565-2595-4f22-ad78-03231c2e16c1','OPEN',0,'2024-08-10 14:55:05','2024-08-13 21:55:15','8fb8fbda-37ed-4861-a3a2-236500e62ee6','2a515a56-f54a-407c-8f00-3c6557404f44','cdf84a59-ea99-495e-806e-0b53bbb8c470'),('32b51cb8-22bd-471b-95a8-6a258dd800c3','OPEN',0,'2024-08-10 14:55:07','2024-08-14 16:52:56','8fb8fbda-37ed-4861-a3a2-236500e62ee6','0826c99d-65a5-4cde-a3eb-28bae41be81d','7a684d6b-0269-423c-bf1f-b94a06ba1255'),('3571c11b-056c-4ffc-957a-755673e56fcd','OPEN',0,'2024-08-10 14:55:01','2024-08-11 22:14:41','8fb8fbda-37ed-4861-a3a2-236500e62ee6','98c67af8-3a87-41d3-bbcf-15b32140bc6e','c73d5371-ba18-4f73-95e8-8cfd5c1ce063'),('362d57df-ce9a-4df9-ae04-13007b338d27','OPEN',1,'2024-08-10 14:55:07','2024-08-11 22:05:08','8fb8fbda-37ed-4861-a3a2-236500e62ee6','1bb9215f-457f-4012-90f5-35427d0e7f30','0caa7e55-71b4-4e57-8ece-059f2710f39a'),('3abe1c9e-fd26-4b70-b1f4-1a5c52629e4a','OPEN',0,'2024-08-10 14:55:08','2024-08-13 20:21:38','8fb8fbda-37ed-4861-a3a2-236500e62ee6','fefb81a6-6ec4-40d0-9bc1-c5bcb9398a3f','06392341-728c-47ab-a846-4eed056215e0'),('3aff6940-6ae0-4b4a-bf3b-d45828ebff32','OPEN',1,'2024-08-10 14:55:01','2024-08-12 01:42:00','8fb8fbda-37ed-4861-a3a2-236500e62ee6','52e7d4a3-5948-42c2-a690-ebd467c49672','a60f844b-9747-4e07-8841-bc20a7b49775'),('3bfd3782-8a66-4210-857b-130201b7585b','OPEN',1,'2024-08-10 14:55:02','2024-08-11 23:17:45','8fb8fbda-37ed-4861-a3a2-236500e62ee6','781464f3-b172-48f1-98ab-ab421945055f','0ba3e315-bd51-4563-89ee-507f7c85a240'),('3e2a6e74-3e59-4f4c-a9f4-0d801eed5238','OPEN',0,'2024-08-10 14:55:01','2024-08-14 09:10:09','8fb8fbda-37ed-4861-a3a2-236500e62ee6','24a3747f-9458-48f6-b8a4-310e03524c14','b1aaadc2-3147-4770-b0d0-db3c7a4e8978'),('3ebfe1e0-b877-4619-a5e1-4809c7120226','OPEN',1,'2024-08-10 14:55:04','2024-08-13 20:44:37','8fb8fbda-37ed-4861-a3a2-236500e62ee6','62a954d7-5c08-4a9f-9f16-eeb8011bf499','a33bfa33-5e0d-4486-ad52-67ebaa4bde38'),('41095bdd-f9c9-4d08-ab6b-ba8a0a811589','OPEN',1,'2024-08-10 14:55:02','2024-08-12 19:33:03','8fb8fbda-37ed-4861-a3a2-236500e62ee6','8e2453ef-5554-4c99-8647-8c949bd2c487','4385bb0a-da7f-4e1a-9dd7-a7baf7d86bd1'),('42faeedb-e330-4083-af9f-a3e27f276c8f','OPEN',0,'2024-08-10 14:55:03','2024-08-11 23:21:49','8fb8fbda-37ed-4861-a3a2-236500e62ee6','781464f3-b172-48f1-98ab-ab421945055f','d1044f54-950c-4a93-b94e-421880d38edf'),('43ea1271-6923-41f5-9e13-b233de5f07b5','OPEN',1,'2024-08-10 14:55:06','2024-08-12 18:50:53','8fb8fbda-37ed-4861-a3a2-236500e62ee6','3305ae07-f1d3-4e9b-985d-9d51cecebc55','7f92fef8-9ca6-44a5-a56c-758a2dc8a183'),('44910611-1cd8-4441-9d0b-53ee10f0e749','OPEN',1,'2024-08-10 14:55:04','2024-08-14 16:52:56','8fb8fbda-37ed-4861-a3a2-236500e62ee6','0826c99d-65a5-4cde-a3eb-28bae41be81d','063253fb-5d9d-4777-889d-d5020aad3a71'),('455febcc-c5b8-49b9-b8df-e350745e5e1d','OPEN',1,'2024-08-10 14:55:02','2024-08-11 23:00:34','8fb8fbda-37ed-4861-a3a2-236500e62ee6','3e87a91b-a1e8-4e0d-87f9-2e1bf5205968','a6987469-d1bd-4e00-9ddf-0371fbaaa386'),('4613d938-5e74-427d-912a-78b57ecb4f4c','OPEN',0,'2024-08-10 14:55:07','2024-08-11 22:13:26','8fb8fbda-37ed-4861-a3a2-236500e62ee6','16372bf0-8269-41d5-a250-2129dec5fee5','14ba199a-6194-40fc-82fe-10055cb1575a'),('46212f9e-6143-4992-bffa-f557475f1ed5','OPEN',0,'2024-08-10 14:55:04','2024-08-14 09:28:14','8fb8fbda-37ed-4861-a3a2-236500e62ee6','1223c553-9112-48de-b0bf-cd2b67f9971d','af3af8f2-e3bc-4e1c-90d0-761cf888deae'),('46f1aeb2-6ac2-4de3-a6eb-6473f9ed830c','OPEN',1,'2024-08-10 14:55:03','2024-08-11 22:34:17','8fb8fbda-37ed-4861-a3a2-236500e62ee6','41f83ea1-c262-4d2d-9adc-b3614a705b2a','ae8b0708-69f7-41ea-9eca-e6f9d890cbaa'),('491e9a58-9c59-488c-9831-761fbf222809','OPEN',0,'2024-08-10 14:55:01','2024-08-13 21:00:01','8fb8fbda-37ed-4861-a3a2-236500e62ee6','fd50cf2b-944f-4ddd-a474-1449ed09832d','3c2a1c9a-6034-473f-a520-6687bd65761a'),('499e23dc-25bc-4ae6-95a6-5e68381fa72e','OPEN',1,'2024-08-10 14:55:08','2024-08-11 22:08:27','8fb8fbda-37ed-4861-a3a2-236500e62ee6','18705d73-8f4c-4a58-82b2-f81949b90200','ddb8e583-2213-44fa-949b-8941212189ef'),('49db0a58-cbad-4f83-8971-d30319ac42db','OPEN',1,'2024-08-10 14:55:04','2024-08-11 22:09:58','8fb8fbda-37ed-4861-a3a2-236500e62ee6','684a9d1a-4294-455c-adc2-73e19caaff37','38b901f0-0d27-4e13-a700-77054d6490dd'),('4a4dadc9-7d1c-4855-81bc-2965acea22ea','OPEN',0,'2024-08-10 14:55:07','2024-08-14 19:53:20','8fb8fbda-37ed-4861-a3a2-236500e62ee6','1ee18472-f134-44d4-8583-e11c9ff38b67','5ca58037-2516-4885-99e1-001d39ff5b0e'),('4a853d20-c554-4bb4-a790-416d6c533442','OPEN',0,'2024-08-10 14:55:04','2024-08-12 11:29:17','8fb8fbda-37ed-4861-a3a2-236500e62ee6','0d31d3d2-a17c-4910-a54b-65bd2814927a','bc4a3026-7fb8-481c-8705-45b276a65747'),('4a952441-701e-41d7-86a3-4fbe15201439','OPEN',1,'2024-08-10 14:55:07','2024-08-11 22:57:50','8fb8fbda-37ed-4861-a3a2-236500e62ee6','860f77a1-56e6-4eec-838b-59295daa97dd','245beb15-ddb0-4051-8826-007943c1ec92'),('4c0bb1ee-76a2-4fad-bf09-f99053d7148b','OPEN',1,'2024-08-10 14:55:02','2024-08-12 16:34:20','8fb8fbda-37ed-4861-a3a2-236500e62ee6','471b4b7a-c3d7-4dce-88fe-fc28c5df692c','2b431628-6a32-4324-8d88-e3fa634c10be'),('4d1defb7-a2a9-4ff6-92be-66c07759cd74','OPEN',0,'2024-08-10 14:55:01','2024-08-13 00:05:05','8fb8fbda-37ed-4861-a3a2-236500e62ee6','1b1dfe23-e54e-485b-b860-c58466199e06','bf195f2d-af4c-4234-aa19-924d07493790'),('4e3710ae-ca83-450f-9d6d-e0ce8d722f0e','OPEN',0,'2024-08-10 14:55:01','2024-08-13 22:29:18','8fb8fbda-37ed-4861-a3a2-236500e62ee6','b686fd7a-d7fc-42b3-b1fb-7cbebda7db5d','4b681ef9-44b5-4c6d-bd07-818511c70953'),('4ef764bc-178a-43b7-858d-b8c82faf1a56','OPEN',1,'2024-08-10 14:55:07','2024-08-12 10:57:51','8fb8fbda-37ed-4861-a3a2-236500e62ee6','7f68ead4-0b5b-4710-a44c-28f743fa45fc','b8d83a98-5769-4358-a5ba-709b77a3f750'),('4f5b89d4-d06d-49cd-b3a3-e19be6f6d890','OPEN',1,'2024-08-10 14:55:03','2024-08-13 20:20:37','8fb8fbda-37ed-4861-a3a2-236500e62ee6','35f2e4ee-fcd9-4eb8-b663-9f79a05707ed','dc5138fd-28d7-4374-a726-2dc3bd701eb9'),('4fddf423-6c64-4a5d-9ffc-3cf3db493548','OPEN',1,'2024-08-10 14:55:06','2024-08-14 19:53:20','8fb8fbda-37ed-4861-a3a2-236500e62ee6','1ee18472-f134-44d4-8583-e11c9ff38b67','b460461f-142c-4746-b326-d7fd614dc1cc'),('4ff803f2-05d4-4da9-bf49-5d7636154a4f','OPEN',0,'2024-08-10 14:55:06','2024-08-11 22:17:07','8fb8fbda-37ed-4861-a3a2-236500e62ee6','905eab1b-83ed-4a83-8313-edc4883cd1c9','0a828b46-45be-4dbf-b6a1-77ba49a52349'),('509a811d-6469-424e-97d1-e8d58338e429','OPEN',0,'2024-08-10 14:55:00','2024-08-11 22:16:38','8fb8fbda-37ed-4861-a3a2-236500e62ee6','1251ae9e-f21c-4df1-86f8-41c41ecbdaab','715dbbd7-4811-45f2-86eb-cccd9c3bc065'),('50bc77d7-7d03-452c-b4aa-fb78af69d5f2','OPEN',0,'2024-08-10 14:55:07','2024-08-11 22:50:34','8fb8fbda-37ed-4861-a3a2-236500e62ee6','134be128-4a86-4087-a9a0-ab52e8524943','9e24b741-8a05-4dd8-9c2b-d84eb7cfd70f'),('50fa9a78-ad7b-42fe-abb7-3d5269da5dc1','OPEN',0,'2024-08-10 14:55:04','2024-08-11 22:04:43','8fb8fbda-37ed-4861-a3a2-236500e62ee6','f012f38a-6875-49e7-a989-30a21f7a4fdb','92dc520e-4965-49ca-8226-9dd78d0efded'),('515512fa-4f0f-418d-80b1-31aebe70fddb','OPEN',1,'2024-08-10 14:55:01','2024-08-11 21:40:53','8fb8fbda-37ed-4861-a3a2-236500e62ee6','2339408a-f389-4a52-879e-8a5c3f5c00c6','87bf87ea-ff33-4802-935f-3da16b2b3c3d'),('5244d9be-5f49-491e-bd6c-2859ee25a7fa','OPEN',0,'2024-08-10 14:55:08','2024-08-14 14:22:24','8fb8fbda-37ed-4861-a3a2-236500e62ee6','48e9f4b4-f030-4112-90ee-87728bffa06c','24506fa1-7a29-4ad0-a79e-c84188510bed'),('52d33b8d-3c2b-4c48-aa9e-a06e8293d783','OPEN',0,'2024-08-10 14:55:06','2024-08-12 06:55:45','8fb8fbda-37ed-4861-a3a2-236500e62ee6','43b639d7-c6b6-489e-850a-3bd63d007b3f','3248d390-5063-48ec-904d-0dd1a5e86d14'),('531fc433-def0-4d8e-a8ec-3160aa81ae9c','OPEN',0,'2024-08-10 14:55:06','2024-08-11 22:08:40','8fb8fbda-37ed-4861-a3a2-236500e62ee6','18705d73-8f4c-4a58-82b2-f81949b90200','d91c9430-c8ee-457a-b762-7ca34ab9143e'),('54185364-3c51-438a-80c2-929154eb2a4d','OPEN',0,'2024-08-10 14:55:03','2024-08-12 12:03:26','8fb8fbda-37ed-4861-a3a2-236500e62ee6','28a0c74e-36cb-4616-99e8-1b2413d25b7d','d7b189d5-3010-4b05-aa3a-267b546664c4'),('55a203dd-0c63-46bc-b1d5-a1bbf52df75f','OPEN',0,'2024-08-10 14:55:01','2024-08-11 22:10:25','8fb8fbda-37ed-4861-a3a2-236500e62ee6','344b227a-1eb3-460b-b9dc-958b2cfe88f4','a290c8e6-7090-4e57-8bc5-724622030603'),('5705eef6-4542-4db2-8dc3-0914e03e21ec','OPEN',1,'2024-08-10 14:55:07','2024-08-14 11:01:25','8fb8fbda-37ed-4861-a3a2-236500e62ee6','48e9f4b4-f030-4112-90ee-87728bffa06c','6acbeb68-e7a8-48ab-9e01-98dd13c0f2dd'),('5872afd4-392a-4a68-b510-a71c5d18ec5f','OPEN',0,'2024-08-10 14:55:03','2024-08-11 22:17:58','8fb8fbda-37ed-4861-a3a2-236500e62ee6','184f5efa-7edc-42ac-b8a8-7d4fcb574815','5c6d554f-9c93-49de-9fba-fb5c5ede6002'),('58aeb29c-acd5-439b-845e-36d341035775','OPEN',1,'2024-08-10 14:55:08','2024-08-11 22:06:12','8fb8fbda-37ed-4861-a3a2-236500e62ee6','3e169e01-b2e1-4900-9a2b-4164c642fdaa','b1e7b123-7aab-4156-b2fd-7a4fa2b46e72'),('5d840843-c099-4699-a401-9e5eb67579eb','OPEN',1,'2024-08-10 14:55:06','2024-08-11 22:06:39','8fb8fbda-37ed-4861-a3a2-236500e62ee6','16198312-cfca-4631-8399-d9a07f36f7bd','35ba282b-7fea-4f43-ba77-2516f96f7d57'),('5e3321f2-e25b-4712-9529-34870385ffe6','OPEN',0,'2024-08-10 14:55:02','2024-08-12 19:33:59','8fb8fbda-37ed-4861-a3a2-236500e62ee6','7a3c2203-f45b-4488-882c-425a246762ab','a234df9b-c31c-4772-baf9-c1fe0fa828ff'),('5fa38a4e-4933-4595-a152-8e90cfc5a733','OPEN',0,'2024-08-10 14:55:03','2024-08-12 19:58:47','8fb8fbda-37ed-4861-a3a2-236500e62ee6','7172c9cc-565c-4609-96d0-bdfd8811519e','b448dd14-36e8-425e-874c-3aa68a6695c2'),('6095acc5-87e0-4bcd-9371-4de861815873','OPEN',0,'2024-08-10 14:55:07','2024-08-11 23:43:55','8fb8fbda-37ed-4861-a3a2-236500e62ee6','3db1146c-39b4-457e-83f2-1c163f175e4b','c1b0e79e-00aa-4dd8-af3f-b6bbabf17ca3'),('62dd725e-55ba-4373-9670-ab3e5627b431','OPEN',0,'2024-08-10 14:55:02','2024-08-14 08:01:40','8fb8fbda-37ed-4861-a3a2-236500e62ee6','621f5ecc-74af-4df0-bb83-8a0371068fa6','2fb888a5-a35c-492e-9642-c2c281dccc72'),('62e8cc3d-ebd2-42ef-8a32-66077d5f7b7e','OPEN',1,'2024-08-10 14:55:08','2024-08-11 22:07:19','8fb8fbda-37ed-4861-a3a2-236500e62ee6','923d142e-c126-4d68-9f20-b99e05aaf56e','36fc242a-ee18-4ac1-9c2d-c8760d7a9fea'),('64308639-f76e-4254-b90e-6b9ef14b8771','OPEN',0,'2024-08-10 14:55:04','2024-08-13 08:28:58','8fb8fbda-37ed-4861-a3a2-236500e62ee6','7ee21c65-b597-4d62-8a8e-afd12b002ce7','b089dc35-0139-4b61-b781-fb52a4bc428b'),('6580a918-2839-47b9-8e78-bec63d273de8','OPEN',1,'2024-08-10 14:55:01','2024-10-28 11:45:21','8fb8fbda-37ed-4861-a3a2-236500e62ee6','21d9f66d-739b-450c-8caa-70060b06e2c4','bc6b5512-d7c3-4576-b53a-d7b7d854884d'),('660cb367-1c10-4965-8386-477b9905861e','OPEN',1,'2024-08-10 14:55:06','2024-08-14 07:22:49','8fb8fbda-37ed-4861-a3a2-236500e62ee6','f74c3b7c-9baa-41c1-b336-44b15c35ab89','77c2eb8d-b59d-4ec7-b72d-92b19494d623'),('66c0747d-a730-4301-a20e-670d1a21869a','OPEN',1,'2024-08-10 14:55:01','2024-08-12 06:13:45','8fb8fbda-37ed-4861-a3a2-236500e62ee6','0ff9e8bb-cde4-43ee-a644-b1f7655730f4','2d7ff59b-16c9-4e19-a340-70af7f6ae4d9'),('66f1f381-9b11-424d-b94f-fc1ad018be5b','OPEN',0,'2024-08-10 14:55:07','2024-08-12 12:59:34','8fb8fbda-37ed-4861-a3a2-236500e62ee6','bf706342-cb7d-4726-be6f-caa99c7db582','968cd445-361a-42a5-a2f9-4102c0ed7c9a'),('68674fff-bf7f-4d73-be70-ceb753a6b26d','OPEN',1,'2024-08-10 14:55:04','2024-08-13 09:11:44','8fb8fbda-37ed-4861-a3a2-236500e62ee6','7e84a15c-549b-4f0c-83ad-098f2079e38f','b818f873-2f20-46f1-87bf-8c5ac8c9364e'),('69ff53c4-e9c2-4a80-ae06-e65ead5b7fc7','OPEN',1,'2024-08-10 14:55:07','2024-08-12 10:04:22','8fb8fbda-37ed-4861-a3a2-236500e62ee6','cf068d5c-de36-492f-b553-ce5525ac7ffa','aa510cdc-e9be-4350-8759-6c7616aa2605'),('6a0a0dd6-0bfd-42fa-bd77-bd6408079b64','OPEN',1,'2024-08-10 14:55:00','2024-08-12 08:36:04','8fb8fbda-37ed-4861-a3a2-236500e62ee6','5e4ee0a9-1579-4f09-9ba9-017ae48c3efd','dff79a9a-fc58-4303-bc16-6a60a89cd499'),('6a135d79-1eb3-4022-8545-416b4a7ca41c','OPEN',1,'2024-08-10 14:55:06','2024-08-11 22:39:14','8fb8fbda-37ed-4861-a3a2-236500e62ee6','0b7186be-7d82-48f2-be1e-a4c7d689ac09','1f31374c-6105-406e-8603-33a579436721'),('6b8f17e4-7dfa-4dcb-a116-83c46a1e6ba3','OPEN',0,'2024-08-10 14:55:01','2024-08-11 22:11:28','8fb8fbda-37ed-4861-a3a2-236500e62ee6','7cf7dd6a-9861-43c7-ad3a-3e8bb86f74de','f4a9208f-08ba-4d1e-82ec-32b4578fd1e5'),('6bf65584-e82f-4e51-be71-3f27f022cf4b','OPEN',1,'2024-08-10 14:55:00','2024-08-11 22:10:32','8fb8fbda-37ed-4861-a3a2-236500e62ee6','bb7578a9-728c-45ea-b240-e1ade9b40e43','d81b8cf3-ab35-43d5-b88c-d9d85202b59c'),('6c2a0ca6-d8da-49e0-80a7-465a8da6a6db','OPEN',0,'2024-08-10 14:55:00','2024-08-14 07:34:59','8fb8fbda-37ed-4861-a3a2-236500e62ee6','9731a853-0cea-4eda-ae8e-10a25225fc72','f34d1e50-fcad-44eb-b9b0-466b824311aa'),('6d87ee8e-15ca-4502-ab11-27bbf05e13aa','OPEN',1,'2024-08-10 14:55:02','2024-08-11 22:16:24','8fb8fbda-37ed-4861-a3a2-236500e62ee6','1251ae9e-f21c-4df1-86f8-41c41ecbdaab','dc09dd98-26fe-408f-9e9c-8bcc65b80027'),('6f179a9e-fe5f-4540-abb9-9ca6e7c24111','OPEN',1,'2024-08-10 14:55:01','2024-08-11 22:16:18','8fb8fbda-37ed-4861-a3a2-236500e62ee6','03d7afd7-16a5-4cb7-a54b-6d4cb0a432bc','73eb4c1f-06cf-4bf3-bc24-6566fc2785e5'),('702ef334-ebad-4f80-9358-70e165004c0b','OPEN',1,'2024-08-10 14:55:03','2024-08-11 22:11:46','8fb8fbda-37ed-4861-a3a2-236500e62ee6','8928b214-d304-4c31-8be6-008efef25e54','c7232813-9e34-47ee-8421-2f44d84d4f8d'),('71771f8d-8008-4059-8f03-27817a59f8ed','OPEN',0,'2024-08-10 14:55:01','2024-08-12 14:52:44','8fb8fbda-37ed-4861-a3a2-236500e62ee6','67ec9992-4b1f-4b0e-a378-942d8558ad86','2790fe9e-9f69-42a4-bac9-66fb949b95a0'),('7203f6cf-7ba3-4640-ac3e-c33b2f87d503','OPEN',0,'2024-08-10 14:55:03','2024-08-11 21:43:03','8fb8fbda-37ed-4861-a3a2-236500e62ee6','2339408a-f389-4a52-879e-8a5c3f5c00c6','cf4f5a91-404f-4309-8035-d7bc2b3dc874'),('72b904ea-07cb-4378-b068-01527beae501','OPEN',1,'2024-08-10 14:55:02','2024-08-12 19:49:30','8fb8fbda-37ed-4861-a3a2-236500e62ee6','8b1d245b-8a05-4cbe-bc5b-d380239fa67c','3a4198af-c519-443a-bd84-790407bf3e69'),('737529b1-1893-4341-9786-b6fc2e41110b','OPEN',0,'2024-08-10 14:55:05','2024-08-12 17:17:28','8fb8fbda-37ed-4861-a3a2-236500e62ee6','809e3573-8aa7-4fde-8927-2f995d8d47e2','a3d4d387-a0f9-4f34-8333-1c6ed7b10ac7'),('74c50214-e55e-4a5e-82e5-34908967f711','OPEN',1,'2024-08-10 14:55:05','2024-08-12 12:07:39','8fb8fbda-37ed-4861-a3a2-236500e62ee6','54b3bd28-8a77-4561-95da-a2d035afb4d8','97ec31db-2be2-436b-8856-9a07335912c2'),('754cd9ac-c56f-4a0f-96bc-cb10579aef18','OPEN',0,'2024-08-10 14:55:00','2024-08-12 15:43:54','8fb8fbda-37ed-4861-a3a2-236500e62ee6','37da9e03-098a-4bcd-b787-eb215056fc09','3c084d8f-9434-43ed-bc68-66b94c4d4cad'),('787a4ad3-4a2c-406c-a7e2-ea3f5ac33207','OPEN',1,'2024-08-10 14:55:03','2024-08-12 05:37:50','8fb8fbda-37ed-4861-a3a2-236500e62ee6','c8a0a2e1-8de7-416f-b714-4df774a76d0a','d1f1a736-e298-446e-ac78-a5cba7146bae'),('7897b786-1208-4376-bc21-c7447f1864cd','OPEN',0,'2024-08-10 14:55:03','2024-08-11 22:09:02','8fb8fbda-37ed-4861-a3a2-236500e62ee6','c9925644-f313-4b70-b755-16a5f3adcce3','8a496912-03dd-4eff-9eb2-e1e9a53f4657'),('78c3ff71-45cd-422d-a6ff-e7c4e57532d4','OPEN',1,'2024-08-10 14:55:02','2024-08-11 22:05:14','8fb8fbda-37ed-4861-a3a2-236500e62ee6','b07837cb-40df-48c6-b030-faab5e443c89','ce831524-6711-4c92-ab14-e63666b803c1'),('7af0976c-735d-4906-96d1-0eb8ddfb8037','OPEN',1,'2024-08-10 14:55:01','2024-08-11 22:19:16','8fb8fbda-37ed-4861-a3a2-236500e62ee6','238bc4f9-6e42-44f9-87e8-cc148ae86611','441689ba-a972-4283-aa7d-a3ff483215cf'),('7ce0785b-d1ed-426d-b409-702c903fea11','OPEN',1,'2024-08-10 14:55:07','2024-08-13 21:31:30','8fb8fbda-37ed-4861-a3a2-236500e62ee6','9c0f35cb-5141-4500-84dc-3557e8e46ee0','61909aa1-ca9c-4b4d-975b-65d21a0040fc'),('7fa82761-2ad5-4d3e-a9f7-34be7ac640a9','OPEN',0,'2024-08-10 14:55:06','2024-08-13 21:20:32','8fb8fbda-37ed-4861-a3a2-236500e62ee6','22320124-69b4-46ff-9916-c20e82835bf7','0bc2d42f-cb94-4403-b5fa-5ee36f85f20d'),('7fee5639-9988-4724-9a20-c2e1aef98aab','OPEN',1,'2024-08-10 14:55:06','2024-08-14 07:28:38','8fb8fbda-37ed-4861-a3a2-236500e62ee6','f8f71954-a15f-4221-98a7-71582bace9a3','1e6ac4a5-3824-4c5d-88a8-11ce885aabfb'),('80f44ecc-45db-46e7-b4f2-c9a00f039343','OPEN',1,'2024-08-10 14:55:02','2024-08-11 22:16:55','8fb8fbda-37ed-4861-a3a2-236500e62ee6','27c3bb8c-3ab2-4b61-84dc-7fab286c0d3e','c7516112-3998-4717-bd94-ff9e11da78e5'),('820aa394-4502-4473-9d30-0697ea71fd3e','OPEN',0,'2024-08-10 14:55:03','2024-08-11 22:17:05','8fb8fbda-37ed-4861-a3a2-236500e62ee6','038d959c-fa92-43b1-80eb-fe15e92d30dc','98c555ad-80bc-455c-aa8c-89b429fe6228'),('822cec61-109c-4dfc-8882-4061bdc6d803','OPEN',0,'2024-08-10 14:55:03','2024-08-12 20:20:10','8fb8fbda-37ed-4861-a3a2-236500e62ee6','efa6393a-893e-4a21-8d2e-e4fd80e9907c','88f0828c-e1cd-43dd-8e24-286b9ed64896'),('843877cf-d98e-48b2-be95-d8e5193f8eeb','OPEN',0,'2024-08-10 14:55:00','2024-08-13 19:27:23','8fb8fbda-37ed-4861-a3a2-236500e62ee6','c3cc3dbc-7516-499e-b585-ad196b3fd67e','a96aa37d-c7be-4934-85d1-c49ea75bb6f4'),('852ade64-8078-49ed-96a7-da5224c1b24f','OPEN',0,'2024-08-10 14:55:03','2024-08-14 07:17:27','8fb8fbda-37ed-4861-a3a2-236500e62ee6','cdac0650-42e5-4c4a-b65b-059e72e2f94c','58149cf3-55af-4c90-8bcc-b93d3b7b9dac'),('8600c126-eabe-41c5-b178-257eae8fb949','OPEN',1,'2024-08-10 14:55:03','2024-08-11 22:05:15','8fb8fbda-37ed-4861-a3a2-236500e62ee6','0d31d3d2-a17c-4910-a54b-65bd2814927a','00de64c5-44d3-4d90-b412-5a09a9046e62'),('87f52634-2074-4e4e-8f42-4b62c543e3b9','OPEN',1,'2024-08-10 14:55:07','2024-08-11 22:05:49','8fb8fbda-37ed-4861-a3a2-236500e62ee6','7209ba60-a34c-464d-a292-d3cc1d066b56','a4d903da-f608-4a01-b547-d2b4b0238c94'),('88653175-df9d-450b-af99-d221ae51a905','OPEN',0,'2024-08-10 14:55:01','2024-08-12 10:26:18','8fb8fbda-37ed-4861-a3a2-236500e62ee6','eb079b9c-b336-422c-9010-4d202735d6f3','0ad996dd-4f34-4da5-9924-ab3b41366b96'),('88ada0f0-4f98-404c-a7ea-24e1bbd2d369','OPEN',0,'2024-08-10 14:55:07','2024-08-11 23:25:24','8fb8fbda-37ed-4861-a3a2-236500e62ee6','9751c257-2a3f-48f9-a3b7-4526fad985cd','6fa2a1a9-5381-49dc-bcaf-44e249de6e18'),('89ff47f2-7975-4285-bec0-b21581c3517d','OPEN',0,'2024-08-10 14:55:05','2024-08-12 12:15:58','8fb8fbda-37ed-4861-a3a2-236500e62ee6','7f68ead4-0b5b-4710-a44c-28f743fa45fc','a81b46dd-6a28-41af-9858-562143604923'),('8a87ce2f-ab52-4f28-9b9c-62104c4246e3','OPEN',1,'2024-08-10 14:55:07','2024-08-11 22:03:38','8fb8fbda-37ed-4861-a3a2-236500e62ee6','ec4fef80-78be-4e37-9315-9a5d6275641f','4a15367b-6080-4689-8e29-0048ae5a636c'),('8c963123-6b18-436e-a85e-17ab6735e984','OPEN',1,'2024-08-10 14:55:02','2024-08-13 11:45:26','8fb8fbda-37ed-4861-a3a2-236500e62ee6','a26ca22b-9946-4e66-9299-bb29581aa0aa','a29d0ba0-fe32-43d0-8496-24e25f7571a4'),('8d1cbbc4-e708-461a-bbd1-b9bda1a9c7ad','OPEN',1,'2024-08-10 14:55:03','2024-08-11 22:16:07','8fb8fbda-37ed-4861-a3a2-236500e62ee6','184f5efa-7edc-42ac-b8a8-7d4fcb574815','fc792181-edaf-4291-929b-14b79c4173c4'),('8d4d49c6-92bd-4156-8494-73f4d1b1a45a','OPEN',1,'2024-08-10 14:55:04','2024-08-11 22:09:10','8fb8fbda-37ed-4861-a3a2-236500e62ee6','1085b79b-3a22-42c2-a938-bb1f66717036','da0c4d7e-1b70-43ee-9eb2-bf087272990a'),('8d4fb3d4-d952-46a7-9121-0ebc71560db4','OPEN',0,'2024-08-10 14:55:04','2024-08-11 23:01:04','8fb8fbda-37ed-4861-a3a2-236500e62ee6','397d8300-5620-4f47-a3a4-5ccd23ad5416','5a400c97-9b37-4474-9fe5-6271375d89af'),('8d845a78-5f84-4bca-96a5-a0f3a0680ff3','OPEN',0,'2024-08-10 14:55:08','2024-08-11 23:52:43','8fb8fbda-37ed-4861-a3a2-236500e62ee6','d8236dbb-e44e-4d10-b4ad-5b6022e20415','b78a32d5-4353-4c57-b793-74f68b8ea808'),('8e66591e-b8ea-4a1f-8aa8-e48e922fb310','OPEN',1,'2024-08-10 14:55:03','2024-08-12 20:19:31','8fb8fbda-37ed-4861-a3a2-236500e62ee6','efa6393a-893e-4a21-8d2e-e4fd80e9907c','1b98f50c-64d3-4fd0-a98c-b4761dca1480'),('8f597439-bfaf-41b3-9592-2e98681b5344','OPEN',1,'2024-08-10 14:55:03','2024-08-11 22:04:33','8fb8fbda-37ed-4861-a3a2-236500e62ee6','7cf7dd6a-9861-43c7-ad3a-3e8bb86f74de','c4a9713c-35d3-4eb6-9b87-e10bf6107b84'),('8fe3d386-9420-49d5-b0e2-29779474c0ff','OPEN',0,'2024-08-10 14:55:07','2024-08-13 12:18:29','8fb8fbda-37ed-4861-a3a2-236500e62ee6','1cad5d58-9712-45c6-a9aa-2e4928c42e28','d1aae576-4e92-46ee-8135-173552b51e03'),('8fff0ced-8dad-4863-851e-59f117f5509b','OPEN',1,'2024-08-10 14:55:01','2024-08-14 07:17:27','8fb8fbda-37ed-4861-a3a2-236500e62ee6','cdac0650-42e5-4c4a-b65b-059e72e2f94c','7924d88d-507f-4b6e-bf64-ff2adad31106'),('90433194-269d-47ae-bedf-09725631738b','OPEN',1,'2024-08-10 14:55:03','2024-08-12 12:41:06','8fb8fbda-37ed-4861-a3a2-236500e62ee6','7a3c2203-f45b-4488-882c-425a246762ab','52eb1e14-81b9-4369-882f-01958dd26151'),('956ebc7b-f246-4f9a-97ef-5bb37ad382aa','OPEN',0,'2024-08-12 23:24:32','2024-08-12 23:38:21','8fb8fbda-37ed-4861-a3a2-236500e62ee6','4652351e-9aec-4d22-89d3-a5d9b57113a1','4a460587-eb12-4046-adc7-0ed76ee994f4'),('9604b987-86d1-4e62-87a8-41b92fcf61ea','OPEN',0,'2024-08-10 14:55:04','2024-08-11 22:08:11','8fb8fbda-37ed-4861-a3a2-236500e62ee6','70e286db-f361-4021-89a0-287a6db1f9e0','613c2bfc-27cc-4a5a-a88f-0b819dbecb84'),('9736d076-3258-406d-91a0-b7c0993b9f32','OPEN',0,'2024-08-10 14:55:03','2024-08-11 22:11:46','8fb8fbda-37ed-4861-a3a2-236500e62ee6','8928b214-d304-4c31-8be6-008efef25e54','7b2104cc-1336-441d-a273-175591959104'),('9741da85-7178-4080-8b1e-1f810aaca8cd','OPEN',0,'2024-08-10 14:55:07','2024-08-11 22:09:43','8fb8fbda-37ed-4861-a3a2-236500e62ee6','86c37faf-1660-4e5d-9f2b-b7c1198ec797','4984f73a-7c7c-4cf8-9f46-83066e74db8f'),('98a40891-adb1-452f-bc81-f64f68d1952c','OPEN',1,'2024-08-10 14:55:08','2024-08-12 12:58:10','8fb8fbda-37ed-4861-a3a2-236500e62ee6','bf706342-cb7d-4726-be6f-caa99c7db582','52a05e07-68c4-4f0d-9df3-36a0d53752dc'),('98ed6cc9-716a-44fb-a43b-7a04908fa09b','OPEN',1,'2024-08-10 14:55:05','2024-08-11 23:09:33','8fb8fbda-37ed-4861-a3a2-236500e62ee6','2bd1d80d-0f26-49a4-b844-3c428a8e2f41','fd1fc558-16a0-4dc0-8096-896d625d70da'),('99532418-c929-4b4b-936f-075551f297f5','OPEN',1,'2024-08-10 14:55:07','2024-08-11 22:14:58','8fb8fbda-37ed-4861-a3a2-236500e62ee6','905eab1b-83ed-4a83-8313-edc4883cd1c9','94253996-9399-433b-92ed-1799c9c9bdcc'),('9a5a0962-976e-40a9-870b-875faee9cbb8','OPEN',0,'2024-08-10 14:55:08','2024-08-13 21:31:30','8fb8fbda-37ed-4861-a3a2-236500e62ee6','9c0f35cb-5141-4500-84dc-3557e8e46ee0','62a9f97b-cf7d-40c5-b190-e91c81049de8'),('9b501892-2389-4951-8372-2752e8792b6d','OPEN',0,'2024-08-10 14:55:07','2024-08-12 10:04:22','8fb8fbda-37ed-4861-a3a2-236500e62ee6','cf068d5c-de36-492f-b553-ce5525ac7ffa','fbbbe222-9de7-4f83-99fa-498eca367de8'),('9b9a04cc-3e24-4287-91d2-5cea42e5159f','OPEN',1,'2024-08-10 14:55:07','2024-08-13 22:04:35','8fb8fbda-37ed-4861-a3a2-236500e62ee6','1d98aee7-ecce-45c6-a823-c1ace65cd925','64cab6ba-ece5-4941-ab43-3eb18f71a82b'),('9bc9fcb4-7876-470d-9d15-502bf51c117d','OPEN',1,'2024-08-10 14:55:01','2024-08-11 22:21:11','8fb8fbda-37ed-4861-a3a2-236500e62ee6','d68e4406-6af1-40dc-99cd-d3854680190f','78ff2d18-739f-4414-abfd-298c70614937'),('9d43ff9c-b16f-4974-a865-b96cc54a73e3','OPEN',1,'2024-08-10 14:55:05','2024-08-11 22:47:30','8fb8fbda-37ed-4861-a3a2-236500e62ee6','134be128-4a86-4087-a9a0-ab52e8524943','8cb7185d-2e52-4951-93f1-ce8e2baef57c'),('9e1f0ec7-9dff-4a18-87ed-6e60c6b2fde9','OPEN',1,'2024-08-10 14:55:02','2024-08-11 22:04:42','8fb8fbda-37ed-4861-a3a2-236500e62ee6','2919c750-d254-4fde-9d83-3ec8a4a9f0cb','64d2acb6-cc38-49da-bdd2-b1b95364aa88'),('a065716e-b9d8-4954-8eb2-11a88a116e13','OPEN',1,'2024-08-10 14:55:08','2024-08-12 20:30:51','8fb8fbda-37ed-4861-a3a2-236500e62ee6','cdc406fc-a34e-4fe3-9318-fc0ea72a8a70','3c80dac6-2aed-4300-b742-8addd2a8bbc6'),('a1224487-3792-4e92-8d65-e24a623fd1c9','OPEN',0,'2024-08-10 14:55:02','2024-08-11 22:20:48','8fb8fbda-37ed-4861-a3a2-236500e62ee6','b8370a36-a8fa-4e9b-a273-e7e6ec859c5a','4acdbb39-7a44-4ce5-9caa-51e20d60bee2'),('a1d0e8ed-e315-4782-96f8-8ba25e2dab81','OPEN',0,'2024-08-10 14:55:00','2024-08-13 17:52:28','8fb8fbda-37ed-4861-a3a2-236500e62ee6','a26ca22b-9946-4e66-9299-bb29581aa0aa','a26014bb-d458-4abe-a916-5967889ed22e'),('a2bcf29f-cfab-4905-b56d-a5e28530033e','OPEN',1,'2024-08-10 14:55:05','2024-08-11 22:17:16','8fb8fbda-37ed-4861-a3a2-236500e62ee6','e94236d4-9f3d-44cd-9ca7-53187acbd0d3','7b0400c8-635f-4274-ba06-41c62be5167a'),('a2cb95c6-112a-4e6b-9138-3e4f57a0a7d9','OPEN',0,'2024-08-10 14:55:06','2024-08-13 19:47:57','8fb8fbda-37ed-4861-a3a2-236500e62ee6','2568b40d-18d1-4616-9904-2fb2d0758985','d107000c-8196-4634-b2f3-5a1f2a5edeb5'),('a48539ee-f809-42d3-8750-69462d24e984','OPEN',0,'2024-08-10 14:55:06','2024-08-13 18:14:58','8fb8fbda-37ed-4861-a3a2-236500e62ee6','1f6aa216-cec6-4f4b-9086-f56ea564e47e','224af84a-8d71-456a-a7dd-9ec329459d40'),('a4e1e107-6653-4a17-8ff3-72a8adf84352','OPEN',0,'2024-08-10 14:55:04','2024-08-12 20:11:45','8fb8fbda-37ed-4861-a3a2-236500e62ee6','0b7186be-7d82-48f2-be1e-a4c7d689ac09','ae6568c8-7608-4fa7-9e1a-32fa8b6a4820'),('a5bf6174-46ba-4ee7-8db5-b3eb38279291','OPEN',0,'2024-08-10 14:55:02','2024-08-12 00:45:29','8fb8fbda-37ed-4861-a3a2-236500e62ee6','f2aec6db-41e2-4bf3-abac-6f965a4f1202','24b54e56-3bf0-486a-ba11-bbf4ae301d0e'),('a698bd54-6484-4803-aa86-e68c20494903','OPEN',1,'2024-08-10 14:55:00','2024-08-11 23:55:34','8fb8fbda-37ed-4861-a3a2-236500e62ee6','37da9e03-098a-4bcd-b787-eb215056fc09','a910a43f-13ae-403b-a4e9-9b46137b6582'),('a8c4b124-6f4e-41f5-864b-80b036aa4433','OPEN',1,'2024-08-10 14:55:01','2024-08-11 22:19:17','8fb8fbda-37ed-4861-a3a2-236500e62ee6','b8370a36-a8fa-4e9b-a273-e7e6ec859c5a','1fae7296-c830-4e83-8b49-896bf62a1c5f'),('aa7b4500-cb2e-4bb1-809b-1156cbe4bcd6','OPEN',1,'2024-08-10 14:55:08','2024-08-11 22:41:33','8fb8fbda-37ed-4861-a3a2-236500e62ee6','4332c659-fb2a-4e9f-886f-d03480fdb68c','10927c7e-281a-4ca9-a39f-7b267da9b2d9'),('aaa003f6-8f44-4bf0-b01b-892877fe5ac4','OPEN',1,'2024-08-10 14:55:01','2024-08-11 22:03:19','8fb8fbda-37ed-4861-a3a2-236500e62ee6','23e4ba75-8f85-4f99-9426-e6441a70d9f4','3faa519e-f7e0-4e76-941f-0dda4bf15ae8'),('ab641698-087d-45f5-b198-43aa65e4f0cb','OPEN',0,'2024-08-12 23:24:32','2024-08-12 23:32:58','8fb8fbda-37ed-4861-a3a2-236500e62ee6','18b8649f-fd4c-4941-a273-5993aec21be2','17b8d0e0-8c60-4dc2-a620-71fe349c78cf'),('acb2e92e-54ef-4603-81fb-1a4cf8f91e92','OPEN',0,'2024-08-10 14:55:01','2024-08-12 01:42:55','8fb8fbda-37ed-4861-a3a2-236500e62ee6','52e7d4a3-5948-42c2-a690-ebd467c49672','629d21f3-0943-41ef-90f8-1a0f7e916a1e'),('adb15b12-6c55-47f2-99cc-42d6ffdf615b','OPEN',1,'2024-08-10 14:55:04','2024-08-11 22:11:00','8fb8fbda-37ed-4861-a3a2-236500e62ee6','18b8649f-fd4c-4941-a273-5993aec21be2','a52baf92-3754-4598-841b-1590d0e7dda8'),('adb9eeee-b6e4-48cb-a4a8-5ed460200fb7','OPEN',0,'2024-08-12 23:24:32','2024-08-13 11:09:49','8fb8fbda-37ed-4861-a3a2-236500e62ee6','a8ccb1af-61bd-4abe-afce-aeb44c3a3b86','d478d127-2f10-4e5f-828c-c3314096ccda'),('adff6177-c453-4f62-ab6b-fa026d390e95','OPEN',0,'2024-08-10 14:55:06','2024-08-11 22:36:56','8fb8fbda-37ed-4861-a3a2-236500e62ee6','14299fe6-df41-4ee9-bcbf-b55f99fbe57b','f36d0bba-0dcd-435c-b126-cf9c6d1c8834'),('ae165422-15fc-46bd-9bd4-dfba83dbbe6c','OPEN',0,'2024-08-10 14:55:04','2024-08-11 23:09:28','8fb8fbda-37ed-4861-a3a2-236500e62ee6','10be4bd6-dab7-4eab-9b07-2afd99005f48','29b8b169-2c6a-4cf4-8fa0-443b5516cdee'),('ae4e3df1-32fe-4779-9bdc-6bbe7bbd1a47','OPEN',1,'2024-08-10 14:55:08','2024-08-11 22:04:19','8fb8fbda-37ed-4861-a3a2-236500e62ee6','f012f38a-6875-49e7-a989-30a21f7a4fdb','54c88158-cb93-492c-8d40-7b7568e7aa05'),('af9fce57-7b4a-4f8a-ba01-438b1e84f8bb','OPEN',0,'2024-08-10 14:55:05','2024-08-14 07:22:50','8fb8fbda-37ed-4861-a3a2-236500e62ee6','f74c3b7c-9baa-41c1-b336-44b15c35ab89','c6d4f066-263f-4e00-8517-4d025e659cce'),('afb8672d-25c7-428c-99b3-118bf8808339','OPEN',1,'2024-08-10 14:55:05','2024-08-12 11:01:32','8fb8fbda-37ed-4861-a3a2-236500e62ee6','1f6aa216-cec6-4f4b-9086-f56ea564e47e','dbe8b6e3-02b7-4ae3-a671-5e48c28409bc'),('b01107bb-3e34-4fe8-a927-67d5f8a0157b','OPEN',0,'2024-08-10 14:55:01','2024-08-12 20:16:04','8fb8fbda-37ed-4861-a3a2-236500e62ee6','776c11e2-8115-4da7-8785-a9d81bb299d4','0f8ca3c1-c8f0-40aa-9d01-a721bb33362b'),('b09c90fb-2c80-45c4-94a1-8c64614e8a3c','OPEN',0,'2024-08-10 14:55:03','2024-08-11 22:12:44','8fb8fbda-37ed-4861-a3a2-236500e62ee6','bb7578a9-728c-45ea-b240-e1ade9b40e43','3bc2f82d-6089-4580-8b55-04b292baa84c'),('b0dcd659-f29e-49a9-9278-4abcf6f506a4','OPEN',1,'2024-08-10 14:55:07','2024-08-13 21:20:15','8fb8fbda-37ed-4861-a3a2-236500e62ee6','22320124-69b4-46ff-9916-c20e82835bf7','bcd8e0a9-a325-4618-88b5-ad770e1b914e'),('b2f27d5c-326c-4a38-9a48-89025b75b0be','OPEN',1,'2024-08-10 14:55:05','2024-08-11 23:51:23','8fb8fbda-37ed-4861-a3a2-236500e62ee6','27e687e7-50ee-4a44-acbc-425923ce7bc5','aa374352-a867-4b0e-8bb0-87cf161f915a'),('b30d2dee-a3e6-4552-a4da-19b13173aab7','OPEN',0,'2024-08-10 14:55:03','2024-08-11 22:34:40','8fb8fbda-37ed-4861-a3a2-236500e62ee6','b97fbf67-b88d-466c-8f48-6c1a36157fc5','0eb0ad9b-31c3-4186-a65b-691da7a51fde'),('b56fed93-6075-42d3-ba1d-0208a9e1faff','OPEN',1,'2024-08-10 14:55:04','2024-08-13 20:25:52','8fb8fbda-37ed-4861-a3a2-236500e62ee6','4811c4ad-f461-4e7c-823d-677d85ae25a1','548a65d5-e2df-4211-ba6b-2bd4d3f90ebe'),('b723dddc-6111-4a07-b194-9e2b4aa299c0','OPEN',0,'2024-08-10 14:55:03','2024-08-11 22:08:03','8fb8fbda-37ed-4861-a3a2-236500e62ee6','f8620466-b448-433a-a133-6886504478c0','3f01a1b0-4416-4a34-93f0-c87e00e0b7a4'),('b78e657c-368d-43cd-a174-7041a2ddb5f3','OPEN',1,'2024-08-10 14:55:03','2024-08-14 08:01:40','8fb8fbda-37ed-4861-a3a2-236500e62ee6','621f5ecc-74af-4df0-bb83-8a0371068fa6','437ea45b-23a8-4d4f-8051-fc90f943c676'),('b7f9db79-b339-4931-9c22-f79f158d6200','OPEN',1,'2024-08-10 14:55:07','2024-08-11 22:28:39','8fb8fbda-37ed-4861-a3a2-236500e62ee6','10be4bd6-dab7-4eab-9b07-2afd99005f48','a6d6c339-8bd8-47dd-8260-b489d22f09e9'),('b842c579-75cb-46e4-a1e5-6fe08a6c8eee','OPEN',0,'2024-08-10 14:55:03','2024-08-13 11:45:03','8fb8fbda-37ed-4861-a3a2-236500e62ee6','16198312-cfca-4631-8399-d9a07f36f7bd','14375842-0a3c-449d-ad73-242d2eb093d6'),('b90948c7-c8c1-4486-b8fd-167a482c7f25','OPEN',0,'2024-08-10 14:55:03','2024-08-11 22:16:18','8fb8fbda-37ed-4861-a3a2-236500e62ee6','03d7afd7-16a5-4cb7-a54b-6d4cb0a432bc','56dd419b-97cd-4a4e-8ff3-3f2d370593a9'),('b9ebe3c9-8dc4-478c-8d3e-6b98f37ced3c','OPEN',1,'2024-08-10 14:55:01','2024-08-12 20:14:52','8fb8fbda-37ed-4861-a3a2-236500e62ee6','776c11e2-8115-4da7-8785-a9d81bb299d4','95f41313-3312-4c1a-88dd-585319215a26'),('ba391f05-5aee-4a13-965a-3d595ed809ae','OPEN',0,'2024-08-10 14:55:02','2024-08-12 16:36:15','8fb8fbda-37ed-4861-a3a2-236500e62ee6','471b4b7a-c3d7-4dce-88fe-fc28c5df692c','d23b8deb-99b8-42f5-90e7-9632a82c8783'),('ba88c28e-580a-4991-976f-b64dbab4859b','OPEN',1,'2024-08-10 14:55:00','2024-08-14 07:34:59','8fb8fbda-37ed-4861-a3a2-236500e62ee6','9731a853-0cea-4eda-ae8e-10a25225fc72','306aff0b-a7bb-4866-8134-b20afd2a0c93'),('bb306777-5131-4495-816c-5a978b7fe835','OPEN',1,'2024-08-10 14:55:03','2024-08-12 14:25:18','8fb8fbda-37ed-4861-a3a2-236500e62ee6','1b1dfe23-e54e-485b-b860-c58466199e06','a706b698-31ee-46fd-8f2c-14ab96765b6d'),('bbeb9532-280d-4505-bd1c-403690f4e9cc','OPEN',0,'2024-08-10 14:55:07','2024-08-11 22:07:51','8fb8fbda-37ed-4861-a3a2-236500e62ee6','923d142e-c126-4d68-9f20-b99e05aaf56e','723d341f-2e96-4bcf-9a82-70eb66746471'),('bc1220c7-f093-4bf3-a759-af891c3376be','OPEN',1,'2024-08-10 14:55:04','2024-08-12 15:30:25','8fb8fbda-37ed-4861-a3a2-236500e62ee6','4ec1fe55-c444-4707-9353-4b4276aff5ea','3373f14e-5edf-4a38-b5dc-6a5de1933b82'),('bc5f40d5-7a3b-4e5f-989c-1e6901174765','OPEN',0,'2024-08-10 14:55:07','2024-08-11 22:08:39','8fb8fbda-37ed-4861-a3a2-236500e62ee6','1bb9215f-457f-4012-90f5-35427d0e7f30','0556cbc8-0f2f-460b-bea2-fbb6cad34132'),('bd66c5ae-0e1f-4636-8c75-a9cd07e50121','OPEN',0,'2024-08-10 14:55:01','2024-08-13 20:44:37','8fb8fbda-37ed-4861-a3a2-236500e62ee6','62a954d7-5c08-4a9f-9f16-eeb8011bf499','fb98d76d-3d57-4620-8888-c3e01ff85acd'),('be3037fd-d4c1-4c97-ba84-b979809c1d4a','OPEN',1,'2024-08-10 14:55:01','2024-08-11 22:06:59','8fb8fbda-37ed-4861-a3a2-236500e62ee6','70e286db-f361-4021-89a0-287a6db1f9e0','edb049f6-1610-4d4f-8f74-2c21aa2879a3'),('bfd7cfe4-1d25-4a74-8cc9-f3141ce1f4d0','OPEN',1,'2024-08-12 23:24:32','2024-08-13 14:39:26','8fb8fbda-37ed-4861-a3a2-236500e62ee6','d0401d09-955f-4563-b273-0709e63984be','adcd9b79-1ef6-4bf1-a25f-93d85aa8f35a'),('c319e693-f75f-4823-9eb7-f22ad540f225','OPEN',1,'2024-08-10 14:55:05','2024-08-11 22:34:26','8fb8fbda-37ed-4861-a3a2-236500e62ee6','3db1146c-39b4-457e-83f2-1c163f175e4b','d179f3e8-9934-4794-84b8-f4b1d9969c94'),('c378390a-1ac1-400c-9822-b7adefdc75fc','OPEN',1,'2024-08-10 14:55:08','2024-08-12 20:33:10','8fb8fbda-37ed-4861-a3a2-236500e62ee6','b0d72796-faaf-416c-aa81-0dfbdcf6e355','97917760-7493-44fa-819a-1d662ebdf1d6'),('c7d4a9e1-06bf-4110-886c-3a5df5519aaa','OPEN',0,'2024-08-10 14:55:07','2024-08-11 23:09:45','8fb8fbda-37ed-4861-a3a2-236500e62ee6','2bd1d80d-0f26-49a4-b844-3c428a8e2f41','7ebd08b9-bd48-490a-a787-ff39e0a9fb17'),('c8199a19-1316-4651-93f5-ea11cf9f972e','OPEN',0,'2024-08-10 14:55:08','2024-08-11 22:42:08','8fb8fbda-37ed-4861-a3a2-236500e62ee6','4332c659-fb2a-4e9f-886f-d03480fdb68c','36cccdc1-4b12-4bf9-b2b1-27933f8008b4'),('c97e00bd-1719-4e8b-b6a4-8946dd5ae82d','OPEN',1,'2024-08-10 14:55:01','2024-08-14 07:36:01','8fb8fbda-37ed-4861-a3a2-236500e62ee6','7bdda363-8663-4cbf-b681-38d9f58e0bee','53524d82-985f-4589-9bcd-cf892c6adee4'),('cfba9b11-744e-4f28-9a09-6537dc887542','OPEN',1,'2024-08-10 14:55:08','2024-08-13 08:28:58','8fb8fbda-37ed-4861-a3a2-236500e62ee6','7ee21c65-b597-4d62-8a8e-afd12b002ce7','6e6a3b65-0763-46eb-ab11-62c5605e3354'),('d4319ff1-b2e1-42bd-b00b-3b556f87ff32','OPEN',0,'2024-08-10 14:55:04','2024-08-14 16:24:05','8fb8fbda-37ed-4861-a3a2-236500e62ee6','860f77a1-56e6-4eec-838b-59295daa97dd','6b3e316d-7fa6-42c9-9d40-12a43394e7c6'),('d45f722b-5de2-4f10-becf-531e9ad9b428','OPEN',0,'2024-08-10 14:55:05','2024-08-13 11:17:25','8fb8fbda-37ed-4861-a3a2-236500e62ee6','3305ae07-f1d3-4e9b-985d-9d51cecebc55','bf132310-d193-4d86-ad04-0e1e818d16a4'),('d461f60d-a07c-4499-ac93-8eca9569e923','OPEN',1,'2024-08-10 14:55:06','2024-08-11 22:04:27','8fb8fbda-37ed-4861-a3a2-236500e62ee6','1b3c7dd3-2a69-4991-9e25-0fe33b81400a','2a4924e1-9d06-4ebf-85d0-7eb65844e358'),('df78c0bc-3497-4e11-ad6a-49908ada0c28','OPEN',0,'2024-08-10 14:55:01','2024-08-14 07:28:11','8fb8fbda-37ed-4861-a3a2-236500e62ee6','a8a7cd91-5a20-4ec0-8248-a898934da51f','430929b1-74d5-46b4-832d-ed3067ad6f41'),('e0d9141a-e926-4e69-9c4b-4d1ada3824db','OPEN',0,'2024-08-10 14:55:05','2024-08-13 20:25:52','8fb8fbda-37ed-4861-a3a2-236500e62ee6','4811c4ad-f461-4e7c-823d-677d85ae25a1','9ab87df6-5b25-43e5-a9fe-625967f4e02c'),('e0dbca8f-8381-45d3-afa7-b605c83da6d8','OPEN',0,'2024-08-10 14:55:01','2024-08-11 22:34:17','8fb8fbda-37ed-4861-a3a2-236500e62ee6','41f83ea1-c262-4d2d-9adc-b3614a705b2a','2a3e7975-66d1-4c66-8daf-2a6843492c23'),('e2063cc2-6f75-4b58-a7eb-4e6d6606b5d0','OPEN',1,'2024-08-10 14:55:06','2024-08-12 06:52:20','8fb8fbda-37ed-4861-a3a2-236500e62ee6','43b639d7-c6b6-489e-850a-3bd63d007b3f','931bb132-5bbb-4594-8327-fced557c11f1'),('e3607adf-9962-4f5d-a38b-3d36b43d97fb','OPEN',1,'2024-08-10 14:55:01','2024-08-11 22:13:14','8fb8fbda-37ed-4861-a3a2-236500e62ee6','6d91e1ba-df09-464d-a20e-b202a5555b16','f2323666-c342-4d84-a8a8-796e57fd72fb'),('e362da6b-1c8a-4529-b4ec-5577e76aff0a','OPEN',0,'2024-08-10 14:55:04','2024-08-11 22:10:02','8fb8fbda-37ed-4861-a3a2-236500e62ee6','684a9d1a-4294-455c-adc2-73e19caaff37','604cd711-4980-4a79-961b-fb61cc7ea4d6'),('e3c89571-7c7b-4101-816f-a89c5656d471','OPEN',0,'2024-08-10 14:55:04','2024-08-12 23:07:41','8fb8fbda-37ed-4861-a3a2-236500e62ee6','8b1d245b-8a05-4cbe-bc5b-d380239fa67c','b4eaa61d-fc5f-4aa8-8dca-391d9564965a'),('e48e8a90-2ad9-4df8-920d-030bb0277b75','OPEN',1,'2024-08-10 14:55:03','2024-08-11 22:07:57','8fb8fbda-37ed-4861-a3a2-236500e62ee6','f8620466-b448-433a-a133-6886504478c0','8fd0dfec-77a1-4b6b-8b17-ad273dfd5a91'),('e56f9bb7-8b61-464d-abcd-46ce42739adf','OPEN',0,'2024-08-10 14:55:03','2024-08-14 07:03:51','8fb8fbda-37ed-4861-a3a2-236500e62ee6','b0d72796-faaf-416c-aa81-0dfbdcf6e355','c66403ed-6eaf-4833-800f-74a39b4a17ec'),('e71af0b4-8337-47d8-b9b1-2cd87a26c383','OPEN',1,'2024-08-10 14:55:04','2024-08-13 09:43:41','8fb8fbda-37ed-4861-a3a2-236500e62ee6','53ddda9a-85f0-4189-8088-775ad39c6944','7aaf4764-59cb-401f-8542-b3b106b61b0e'),('e82d7e23-2c80-4955-97d5-5312639ec8ae','OPEN',1,'2024-08-10 14:55:05','2024-08-12 17:17:28','8fb8fbda-37ed-4861-a3a2-236500e62ee6','809e3573-8aa7-4fde-8927-2f995d8d47e2','1f92131f-870a-4379-abcf-fa17188fae06'),('ea9b4d42-b799-4d00-80d3-e927862c8949','OPEN',1,'2024-08-10 14:55:05','2024-08-13 19:47:57','8fb8fbda-37ed-4861-a3a2-236500e62ee6','2568b40d-18d1-4616-9904-2fb2d0758985','dc522545-7df8-4bd9-b4e4-099b080cf393'),('eb81f1ea-7381-4150-a57c-5dcda227f077','OPEN',1,'2024-08-10 14:55:03','2024-08-12 18:43:41','8fb8fbda-37ed-4861-a3a2-236500e62ee6','95bfd0b0-c11a-4012-be21-72d3d24d3750','79f6c4bd-cf5a-4eb8-9f57-d49d683ba84f'),('ed2c7bf8-ed8d-450d-b924-f4e17eaab4fd','OPEN',1,'2024-08-10 14:55:00','2024-08-14 07:28:11','8fb8fbda-37ed-4861-a3a2-236500e62ee6','a8a7cd91-5a20-4ec0-8248-a898934da51f','b40f5271-5109-4c0d-882b-7e24342426ec'),('ed2d7e0a-90f1-4326-a560-a03633409048','OPEN',1,'2024-08-10 14:55:02','2024-08-11 22:09:23','8fb8fbda-37ed-4861-a3a2-236500e62ee6','344b227a-1eb3-460b-b9dc-958b2cfe88f4','56bf480a-8be9-4aa4-8232-1c91f4becc46'),('ed8024b5-ba70-443f-9b66-9cd7c63232d5','OPEN',0,'2024-08-10 14:55:05','2024-08-11 22:04:27','8fb8fbda-37ed-4861-a3a2-236500e62ee6','1b3c7dd3-2a69-4991-9e25-0fe33b81400a','f0798946-bc7b-401b-972d-cff44a2047a9'),('ed89fc80-9e52-41c0-909b-0968c52a4881','OPEN',0,'2024-08-10 14:55:04','2024-08-12 01:43:22','8fb8fbda-37ed-4861-a3a2-236500e62ee6','6d91e1ba-df09-464d-a20e-b202a5555b16','c884ad98-0179-4f2a-aca5-be5bb2d64c56'),('ede57b8c-6fbc-4c4d-b241-13a7da0d2af2','OPEN',1,'2024-08-10 14:55:01','2024-08-13 22:29:18','8fb8fbda-37ed-4861-a3a2-236500e62ee6','b686fd7a-d7fc-42b3-b1fb-7cbebda7db5d','520fdddb-cc00-497e-a60a-904cc10c440c'),('f10b4646-9cfc-4914-8f03-96e0b9a249d4','OPEN',0,'2024-08-10 14:55:05','2024-08-11 23:35:10','8fb8fbda-37ed-4861-a3a2-236500e62ee6','4143e527-3894-417e-bb8c-431376242dc0','2f294438-7524-473e-9d02-caa81fd97938'),('f15f9633-a600-425f-afa4-a729914eb6be','OPEN',1,'2024-08-10 14:55:01','2024-08-11 22:13:44','8fb8fbda-37ed-4861-a3a2-236500e62ee6','98c67af8-3a87-41d3-bbcf-15b32140bc6e','08e5f3ba-c515-4de0-bd1d-96114295d99f'),('f194c3e6-26db-4b64-b5a5-e85bd9cf5ee0','OPEN',1,'2024-08-10 14:55:04','2024-08-13 19:49:19','8fb8fbda-37ed-4861-a3a2-236500e62ee6','eaf3c89a-e16f-449d-a4fa-e5a3d6399088','3ba7c3ee-d923-465b-ab47-51dff0e02c23'),('f20981db-9961-4bac-b5af-73a9818ed71d','OPEN',0,'2024-08-10 14:55:07','2024-08-13 14:20:13','8fb8fbda-37ed-4861-a3a2-236500e62ee6','ec4fef80-78be-4e37-9315-9a5d6275641f','6025918e-5b47-44db-abb8-6ba37e19d978'),('f35a7c09-9585-416e-adcd-61c5f8830bfd','OPEN',1,'2024-08-10 14:55:05','2024-08-13 21:55:14','8fb8fbda-37ed-4861-a3a2-236500e62ee6','2a515a56-f54a-407c-8f00-3c6557404f44','ba649e5b-8c28-4974-914b-1681aa872ab3'),('f35caf9e-b494-4568-8a1a-23a5988373c8','OPEN',0,'2024-08-10 14:55:08','2024-08-12 20:31:12','8fb8fbda-37ed-4861-a3a2-236500e62ee6','cdc406fc-a34e-4fe3-9318-fc0ea72a8a70','c57791d3-04ae-446f-b85a-6a91d50ce09b'),('f39f4e53-5274-4204-9c93-9627ccfca709','OPEN',0,'2024-08-10 14:55:07','2024-08-14 07:28:38','8fb8fbda-37ed-4861-a3a2-236500e62ee6','f8f71954-a15f-4221-98a7-71582bace9a3','69b0295a-9bb4-48cc-8742-f066a2104396'),('f3c96cf9-4855-45db-a128-9e2e2c296b5f','OPEN',0,'2024-08-10 14:55:02','2024-08-11 22:08:21','8fb8fbda-37ed-4861-a3a2-236500e62ee6','b07837cb-40df-48c6-b030-faab5e443c89','81fcaaa9-8975-416c-ac26-47442e2b5115'),('f4b4ca88-9433-4f86-a357-153a53d2760a','OPEN',0,'2024-08-10 14:55:04','2024-08-11 22:21:11','8fb8fbda-37ed-4861-a3a2-236500e62ee6','d68e4406-6af1-40dc-99cd-d3854680190f','f8ce9576-4b8a-4677-ab37-4d0489721e7c'),('f5c2b0dc-206b-4b7f-a65a-86c73a157ce7','OPEN',0,'2024-08-10 14:55:03','2024-08-14 05:37:38','8fb8fbda-37ed-4861-a3a2-236500e62ee6','810ae766-3db7-4cd7-855e-1ab73f3eeb4d','14f95604-5bcd-41ef-8a82-dab1c1e35ebd'),('f5dabd44-c2d2-4d2f-98fe-e411e8e89b0b','OPEN',1,'2024-08-10 14:55:01','2024-08-11 22:08:49','8fb8fbda-37ed-4861-a3a2-236500e62ee6','c9925644-f313-4b70-b755-16a5f3adcce3','37ab5f86-9fa4-4adf-919f-241b4d2ad56f'),('f68b288d-5de8-47bc-87ca-3cfcde6feed0','OPEN',0,'2024-08-10 14:55:02','2024-08-12 19:33:42','8fb8fbda-37ed-4861-a3a2-236500e62ee6','8e2453ef-5554-4c99-8647-8c949bd2c487','4a985db8-15c7-42bd-80d4-aa8ef5ac0c50'),('f6ed284c-9d63-445a-9512-7fee813ea02f','OPEN',0,'2024-08-10 14:55:03','2024-08-13 20:20:37','8fb8fbda-37ed-4861-a3a2-236500e62ee6','35f2e4ee-fcd9-4eb8-b663-9f79a05707ed','a21538d4-0ebd-4726-b724-8ce085688e46'),('f7a08466-eca8-4767-9e79-e8423d8fd161','OPEN',1,'2024-08-10 14:55:07','2024-08-11 22:36:56','8fb8fbda-37ed-4861-a3a2-236500e62ee6','14299fe6-df41-4ee9-bcbf-b55f99fbe57b','ba08a42d-22aa-40d2-9a5b-ba135b364eab'),('f7e4b3b4-b168-4201-8f38-0db772edcd16','OPEN',1,'2024-08-10 14:55:01','2024-08-12 18:49:32','8fb8fbda-37ed-4861-a3a2-236500e62ee6','2b6bd1fd-411d-4a57-9dca-6568a1968226','5454446a-6f84-4d18-bec2-cf445c675a6d'),('f896b09c-9f03-43d7-be7c-5e4b19ee9277','OPEN',1,'2024-08-10 14:55:04','2024-08-12 14:52:44','8fb8fbda-37ed-4861-a3a2-236500e62ee6','67ec9992-4b1f-4b0e-a378-942d8558ad86','c1fa2ba0-ebb0-46c4-ad9f-f6c79ce57d4c'),('f96fd048-42fa-4052-8881-7bc59bc54e26','OPEN',1,'2024-08-10 14:55:00','2024-08-11 22:30:30','8fb8fbda-37ed-4861-a3a2-236500e62ee6','8a11effc-7a37-4008-bc3e-85601ac5d3c7','0eb95482-1ea5-4f26-b1d7-9beb4129a007'),('faed56b0-edf4-4664-b4d9-e1a802aa7a76','OPEN',0,'2024-08-10 14:55:03','2024-08-11 22:08:11','8fb8fbda-37ed-4861-a3a2-236500e62ee6','0e1cec50-7151-4df9-a1a7-006e4e302f0d','7c3d2e1f-d2b0-46a9-b2bf-be54dd1411df'),('fd0a2f50-bf08-4f4b-bdf4-3ba4854dadd6','OPEN',0,'2024-08-10 14:55:04','2024-08-14 07:03:29','8fb8fbda-37ed-4861-a3a2-236500e62ee6','eaf3c89a-e16f-449d-a4fa-e5a3d6399088','f75f903e-661e-42fc-82e7-917da7a8425d'),('fda8aec7-4393-4137-9403-1288580d06a2','OPEN',0,'2024-08-10 14:55:08','2024-08-11 22:07:51','8fb8fbda-37ed-4861-a3a2-236500e62ee6','3e169e01-b2e1-4900-9a2b-4164c642fdaa','6d34eb2c-4ada-4558-9828-11f2db0ecdbb'),('fdf304e0-7377-48a3-8b5f-6c91548f46d6','OPEN',1,'2024-08-10 14:55:06','2024-08-11 22:13:17','8fb8fbda-37ed-4861-a3a2-236500e62ee6','16372bf0-8269-41d5-a250-2129dec5fee5','49d12536-9e80-4805-8021-564c94c69dc4'),('fe0619b9-e25f-40e7-b2e1-e971ef7c2aa2','OPEN',1,'2024-08-10 14:55:06','2024-08-11 22:05:12','8fb8fbda-37ed-4861-a3a2-236500e62ee6','fdd3e544-5bba-4d3b-acdd-3976e9f1853c','a45d0bd9-3a68-4bdc-a5d2-71539ab8f646');
/*!40000 ALTER TABLE `student_terms` ENABLE KEYS */;
UNLOCK TABLES;

--
-- Table structure for table `students`
--

DROP TABLE IF EXISTS `students`;
/*!40101 SET @saved_cs_client     = @@character_set_client */;
/*!50503 SET character_set_client = utf8mb4 */;
CREATE TABLE `students` (
  `id` char(36) CHARACTER SET utf8mb4 COLLATE utf8mb4_bin NOT NULL,
  `username` varchar(255) NOT NULL,
  `password` varchar(255) NOT NULL,
  `full_name` varchar(255) NOT NULL,
  `phone` varchar(255) DEFAULT NULL,
  `email` varchar(255) DEFAULT NULL,
  `gender` enum('MALE','FEMALE') DEFAULT NULL,
  `date_of_birth` datetime DEFAULT NULL,
  `clazz_name` varchar(255) DEFAULT NULL,
  `type_training` enum('COLLEGE','UNIVERSITY') NOT NULL DEFAULT 'UNIVERSITY',
  `is_active` tinyint(1) NOT NULL DEFAULT '1',
  `created_at` datetime NOT NULL,
  `updated_at` datetime NOT NULL,
  `major_id` char(36) CHARACTER SET utf8mb4 COLLATE utf8mb4_bin DEFAULT NULL,
  PRIMARY KEY (`id`),
  UNIQUE KEY `username` (`username`),
  KEY `major_id` (`major_id`),
  CONSTRAINT `students_ibfk_1` FOREIGN KEY (`major_id`) REFERENCES `majors` (`id`) ON DELETE SET NULL ON UPDATE CASCADE
) ENGINE=InnoDB DEFAULT CHARSET=utf8mb4 COLLATE=utf8mb4_0900_ai_ci;
/*!40101 SET character_set_client = @saved_cs_client */;

--
-- Dumping data for table `students`
--

LOCK TABLES `students` WRITE;
/*!40000 ALTER TABLE `students` DISABLE KEYS */;
INSERT INTO `students` VALUES ('00de64c5-44d3-4d90-b412-5a09a9046e62','20051041','$2b$10$43BvTPF/HbtRzbU0wBuxqeT2ddswJBmOlpX2sCFux0eefh2UCYwEu','Trn Minh Thun',NULL,NULL,'MALE','2024-09-16 00:00:00','DHKTPM16A','UNIVERSITY',1,'2024-08-10 14:55:03','2024-08-11 22:04:10','e4fe02cb-f2b0-4afa-885d-d1b93130d350'),('0128a252-8ebb-4d94-81a2-1dcf22aebcfd','19489801','$2b$10$BV4h/ljHHWUywDXKwPcSE.roQtVcK1baR8pNS1JycROd2I5O/qOyW','Nguyn Thi Thin Thu',NULL,NULL,'FEMALE','2024-09-16 00:00:00','DHKTPM15A','UNIVERSITY',1,'2024-08-10 14:55:04','2024-08-10 14:55:04','e4fe02cb-f2b0-4afa-885d-d1b93130d350'),('0556cbc8-0f2f-460b-bea2-fbb6cad34132','20001531','$2b$10$JXaihytsuP8sZ3kDHCbT9OMq1IwqsCpIQ6k1Fu.bTljB16iDAqsky','Nguyn Nht Sang','0396979388','sangnn8@gmail.com','MALE','2024-09-16 00:00:00','DHKTPM16ATT','UNIVERSITY',1,'2024-08-10 14:55:07','2024-08-12 08:46:14','e4fe02cb-f2b0-4afa-885d-d1b93130d350'),('063253fb-5d9d-4777-889d-d5020aad3a71','20074191','$2b$10$BV4h/ljHHWUywDXKwPcSE.roQtVcK1baR8pNS1JycROd2I5O/qOyW','L Xun Tun Anh','0908094398','tuananh19001009@gmail.com','MALE','2024-09-16 00:00:00','DHKTPM16DTT','UNIVERSITY',1,'2024-08-10 14:55:04','2024-08-13 21:41:08','e4fe02cb-f2b0-4afa-885d-d1b93130d350'),('06392341-728c-47ab-a846-4eed056215e0','20080701','$2b$10$9qJZrCpeOQc63VWRbFmBZueVnf/QKCHc5ZT9yvx6HNVpMAzYjbUqK','Nguyn Quang Ton','0396812537','toanguyen200220@gmail.com','MALE','2024-09-16 00:00:00','DHKTPM16ETT','UNIVERSITY',1,'2024-08-10 14:55:07','2024-08-11 22:05:54','e4fe02cb-f2b0-4afa-885d-d1b93130d350'),('08860c18-5519-4b51-8bae-25dc42e862c0','19503521','$2b$10$BV4h/ljHHWUywDXKwPcSE.roQtVcK1baR8pNS1JycROd2I5O/qOyW','H c Pht Tri','0373547929','phattri2000@gmail.com','MALE','2024-09-16 00:00:00','DHKTPM15B','UNIVERSITY',1,'2024-08-10 14:55:04','2024-08-12 22:32:21','e4fe02cb-f2b0-4afa-885d-d1b93130d350'),('08df86a8-4872-4694-84dc-98014e4fd147','20036191','$2b$10$UvdYaejo7jd1DraCPO7n2uAqK.RBRz/78lYYYKiWUdVG7MxHF.iui','Nguyn Quc Khi','0354597106','nguyenquockhoi29122002@gmail.com','MALE','2024-09-16 00:00:00','DHKTPM16B','UNIVERSITY',1,'2024-08-10 14:55:02','2024-08-11 22:07:50','e4fe02cb-f2b0-4afa-885d-d1b93130d350'),('08e5f3ba-c515-4de0-bd1d-96114295d99f','20046631','$2b$10$AcbugV27Npe/lz56uoAtauA5rswxp.Jd9I.pwQbKo5vB8Tx4yl936','Nguyn L M Chu',NULL,NULL,'FEMALE','2024-09-16 00:00:00','DHKTPM16A','UNIVERSITY',1,'2024-08-10 14:55:01','2024-08-11 22:17:10','e4fe02cb-f2b0-4afa-885d-d1b93130d350'),('0a828b46-45be-4dbf-b6a1-77ba49a52349','20105821','$2b$10$dsmkUZucOnFxAiCGpTwNlOdMU8eSEYimCWFrfTBHfGI.7JKMnBcYO','Nguyn c Long',NULL,NULL,'MALE','2024-09-16 00:00:00','DHKTPM16FTT','UNIVERSITY',1,'2024-08-10 14:55:06','2024-08-13 22:43:59','e4fe02cb-f2b0-4afa-885d-d1b93130d350'),('0ad996dd-4f34-4da5-9924-ab3b41366b96','20115701','$2b$10$OhtRtWjtCYbNUcbPqYhSt.l4N9TdKO2swQso459aHq0WKOyBzE6YS','L Hu Hip','0939244869','lehuuhiep2002@gmail.com','MALE','2024-09-16 00:00:00','DHKTPM16A','UNIVERSITY',1,'2024-08-10 14:55:01','2024-08-12 10:27:04','e4fe02cb-f2b0-4afa-885d-d1b93130d350'),('0ba3e315-bd51-4563-89ee-507f7c85a240','20041421','$2b$10$4p7RcYlWyxGaeQzCwOE0G.AShDv/v2BNrlDbjDbNdJBfMCKCTXP/S','L Th Kim Ngn','0375950082','nganlazy02@gmail.com','FEMALE','2024-09-16 00:00:00','DHKTPM16A','UNIVERSITY',1,'2024-08-10 14:55:02','2024-08-11 23:20:42','e4fe02cb-f2b0-4afa-885d-d1b93130d350'),('0bc2d42f-cb94-4403-b5fa-5ee36f85f20d','20091411','$2b$10$BV4h/ljHHWUywDXKwPcSE.roQtVcK1baR8pNS1JycROd2I5O/qOyW','Phm Ngc Huy Hong','0937424704','hoangpham20112002@gmail.com','MALE','2024-09-16 00:00:00','DHKTPM16ETT','UNIVERSITY',1,'2024-08-10 14:55:06','2024-08-13 21:20:46','e4fe02cb-f2b0-4afa-885d-d1b93130d350'),('0caa7e55-71b4-4e57-8ece-059f2710f39a','20019671','$2b$10$cZuExyw5IrYtGqjaRfwoluiYekhMQKLh5xvAw9GQASpONRO9J4Cha','Phm c Nhn','0359594415','phamducnhan.it@gmail.com','MALE','2024-09-16 00:00:00','DHKTPM16ATT','UNIVERSITY',1,'2024-08-10 14:55:07','2024-08-11 22:06:47','e4fe02cb-f2b0-4afa-885d-d1b93130d350'),('0e1aa821-f557-4654-a19c-6989add258a9','20079191','$2b$10$tjg2rj.R0QJxwNgY8Atc8e6iv3BI4SZabqKOp4WDNj/qGwE3MX1ue',' Quc Tun','0338995837','dot048209@gmail.com','MALE','2024-09-16 00:00:00','DHKTPM16A','UNIVERSITY',1,'2024-08-10 14:55:04','2024-08-12 08:46:02','e4fe02cb-f2b0-4afa-885d-d1b93130d350'),('0eb0ad9b-31c3-4186-a65b-691da7a51fde','20067011','$2b$10$AtXkGkRoqvxp78blwgsTmumzanKecsQ4oAVQdxCYnWjQGjqFjfda6','Nguyn Mnh Tr',NULL,NULL,'MALE','2024-09-16 00:00:00','DHKTPM16A','UNIVERSITY',1,'2024-08-10 14:55:03','2024-08-13 13:23:12','e4fe02cb-f2b0-4afa-885d-d1b93130d350'),('0eb95482-1ea5-4f26-b1d7-9beb4129a007','20075851','$2b$10$uoB/ztbt3l.mQ0bJtqS7w.fi4LmND4GVPy26jQ1uL8.F/Q6GqyrN.','Phm Xun Cnh','0934060177','phxuancanh29@gmail.com','MALE','2024-09-16 00:00:00','DHKTPM16A','UNIVERSITY',1,'2024-08-10 14:55:00','2024-08-11 22:46:53','e4fe02cb-f2b0-4afa-885d-d1b93130d350'),('0f8ca3c1-c8f0-40aa-9d01-a721bb33362b','20060681','$2b$10$gXEdWmwddllrUKbPNzfahuhIOk.BSr1obKxBwYQBdNyullqjW8.xK','Phan Lng Trung Chnh','0787847378','trungchanh.kda@gmail.com','MALE','2024-09-16 00:00:00','DHKTPM16B','UNIVERSITY',1,'2024-08-10 14:55:00','2024-08-13 23:18:07','e4fe02cb-f2b0-4afa-885d-d1b93130d350'),('10927c7e-281a-4ca9-a39f-7b267da9b2d9','20031951','$2b$10$xVErksaRVgV9eCFXkuLrrOnAUU/Fhb9QiSA2q/5bBT7G6NJTlTuZa',' Thy Trang','0353653843','ddthtrang025@gmail.com','FEMALE','2024-09-16 00:00:00','DHKTPM16ATT','UNIVERSITY',1,'2024-08-10 14:55:08','2024-08-11 22:17:24','e4fe02cb-f2b0-4afa-885d-d1b93130d350'),('137e2d1a-8f30-4c76-a9a5-1c6b5e638274','20040011','$2b$10$hBYGUi2hVxV1Z8mCTZ26BusS.aq7RZuPf4A0NZIOicyJ8N5yZzVxa','Trn V Linh',NULL,NULL,'MALE','2024-09-16 00:00:00','DHKTPM16A','UNIVERSITY',1,'2024-08-10 14:55:02','2024-08-11 22:53:17','e4fe02cb-f2b0-4afa-885d-d1b93130d350'),('14375842-0a3c-449d-ad73-242d2eb093d6','20108831','$2b$10$BV4h/ljHHWUywDXKwPcSE.roQtVcK1baR8pNS1JycROd2I5O/qOyW','Trnh Ph Qu','0949194600','quy097255@gmail.com','MALE','2024-09-16 00:00:00','DHKTPM16A','UNIVERSITY',1,'2024-08-10 14:55:03','2024-08-11 23:14:45','e4fe02cb-f2b0-4afa-885d-d1b93130d350'),('14ba199a-6194-40fc-82fe-10055cb1575a','20041631','$2b$10$go5iulIOLvA6IwVojfhqwOHeSTXeYfBUro5oYzbZbV.5uP9PWAAra','Trn ng Hoi Nam','0363767820','namwe210@gmail.com','MALE','2024-09-16 00:00:00','DHKTPM16BTT','UNIVERSITY',1,'2024-08-10 14:55:07','2024-08-11 22:04:05','e4fe02cb-f2b0-4afa-885d-d1b93130d350'),('14f95604-5bcd-41ef-8a82-dab1c1e35ebd','20057371','$2b$10$BV4h/ljHHWUywDXKwPcSE.roQtVcK1baR8pNS1JycROd2I5O/qOyW','V Hng Phc','0362497841','vohongphuc57371@gmail.com','MALE','2024-09-16 00:00:00','DHKTPM16A','UNIVERSITY',1,'2024-08-10 14:55:03','2024-08-12 08:50:51','e4fe02cb-f2b0-4afa-885d-d1b93130d350'),('17b8d0e0-8c60-4dc2-a620-71fe349c78cf','20111041','$2b$10$qiycTuD7tRhhJL0.dEcKXubkJlu5z9svDcoK8SFPOt55aNLK6Qgnu','Nguyn Vit Bc','0815615961','vietbacnguyen2002@gmail.com','MALE','2024-09-16 00:00:00','DHKTPM16B','UNIVERSITY',1,'2024-08-12 23:24:32','2024-08-13 11:01:35','e4fe02cb-f2b0-4afa-885d-d1b93130d350'),('197655d7-3e49-401b-a5de-443de559c2b5','20008831','$2b$10$BV4h/ljHHWUywDXKwPcSE.roQtVcK1baR8pNS1JycROd2I5O/qOyW','L Thanh Tng',NULL,NULL,'MALE','2024-09-16 00:00:00','DHKTPM16A','UNIVERSITY',1,'2024-08-10 14:55:04','2024-08-10 14:55:04','e4fe02cb-f2b0-4afa-885d-d1b93130d350'),('1a2f2424-8904-443e-857c-bcefa7cb301b','20043901','$2b$10$BV4h/ljHHWUywDXKwPcSE.roQtVcK1baR8pNS1JycROd2I5O/qOyW','Nguyn V Yn Linh','0928211102','yenlinhthienyet@gmail.com','FEMALE','2024-09-16 00:00:00','DHKTPM16BTT','UNIVERSITY',1,'2024-08-10 14:55:06','2024-08-11 22:58:30','e4fe02cb-f2b0-4afa-885d-d1b93130d350'),('1b98f50c-64d3-4fd0-a98c-b4761dca1480','20098251','$2b$10$BV4h/ljHHWUywDXKwPcSE.roQtVcK1baR8pNS1JycROd2I5O/qOyW','Hunh Hu Phc','0348307336','huuphuoc.2632@gmail.com','MALE','2024-09-16 00:00:00','DHKTPM16A','UNIVERSITY',1,'2024-08-10 14:55:03','2024-08-12 20:18:02','e4fe02cb-f2b0-4afa-885d-d1b93130d350'),('1c996034-8b88-483d-aa4f-edef27a70819','20068421','$2b$10$BV4h/ljHHWUywDXKwPcSE.roQtVcK1baR8pNS1JycROd2I5O/qOyW','Nguyn Bo Thnh','0393967630','nguyenthanh7630@gmail.com','MALE','2024-09-16 00:00:00','DHKTPM16DTT','UNIVERSITY',1,'2024-08-10 14:55:07','2024-08-13 10:55:55','e4fe02cb-f2b0-4afa-885d-d1b93130d350'),('1e6ac4a5-3824-4c5d-88a8-11ce885aabfb','20072881','$2b$10$oLNbQZfqp7qYEk2nKKPUvex5bUrlnwkB0RPTlBwPiMhBJFNYCHMhu','Dng Gia Huy','0937195327','ghuyduong2909@gmail.com','MALE','2024-09-16 00:00:00','DHKTPM16DTT','UNIVERSITY',1,'2024-08-10 14:55:06','2024-08-11 22:30:28','e4fe02cb-f2b0-4afa-885d-d1b93130d350'),('1f31374c-6105-406e-8603-33a579436721','20114291','$2b$10$BV4h/ljHHWUywDXKwPcSE.roQtVcK1baR8pNS1JycROd2I5O/qOyW','Trn nh Khnh','0909957897','trandinhkhanhan@gmail.com','MALE','2024-09-16 00:00:00','DHKTPM16GTT','UNIVERSITY',1,'2024-08-10 14:55:06','2024-08-11 22:38:26','e4fe02cb-f2b0-4afa-885d-d1b93130d350'),('1f92131f-870a-4379-abcf-fa17188fae06','20047151','$2b$10$BV4h/ljHHWUywDXKwPcSE.roQtVcK1baR8pNS1JycROd2I5O/qOyW','ng Mi Ch c','0876040304','duc1211depv@gmail.com','MALE','2024-09-16 00:00:00','DHKTPM16BTT','UNIVERSITY',1,'2024-08-10 14:55:05','2024-08-13 19:03:05','e4fe02cb-f2b0-4afa-885d-d1b93130d350'),('1fae7296-c830-4e83-8b49-896bf62a1c5f','20047071','$2b$10$GsT9FOGujnAXhKBiBAAjO.MIO9cRjx0Hf1ZvvZTdzGIetMq5pcnz6','Trn Thin t','0355435331','tranthiendatlagi@gmail.com','MALE','2024-09-16 00:00:00','DHKTPM16A','UNIVERSITY',1,'2024-08-10 14:55:01','2024-08-11 22:21:56','e4fe02cb-f2b0-4afa-885d-d1b93130d350'),('224af84a-8d71-456a-a7dd-9ec329459d40','20020201','$2b$10$FyzcgBcRBIB6wYwtgqPsO.GJJTh.NQSBje4X9UdfYt6JQ2EOD2ZRC','Hunh Th Ngc Kh','0333405402','Ngockha24052001@gmail.com','FEMALE','2024-09-16 00:00:00','DHKTPM16ATT','UNIVERSITY',1,'2024-08-10 14:55:06','2024-08-11 22:06:57','e4fe02cb-f2b0-4afa-885d-d1b93130d350'),('24506fa1-7a29-4ad0-a79e-c84188510bed','19631071','$2b$10$zN.eU8a8TaDp1hOHhO1Hj.F2W2C.ARG.VSqeFvzDo.PPbhHI/Zs16','ng Phm Thin Khi','0968652303','kelvinnon28092001@gmail.com','MALE','2024-09-16 00:00:00','DHKTPM15ATT','UNIVERSITY',1,'2024-08-10 14:55:08','2024-08-11 22:05:39','e4fe02cb-f2b0-4afa-885d-d1b93130d350'),('245beb15-ddb0-4051-8826-007943c1ec92','20058071','$2b$10$BV4h/ljHHWUywDXKwPcSE.roQtVcK1baR8pNS1JycROd2I5O/qOyW','Bi Vn ng Quang','0373313503','buiquang8627@gmail.com','MALE','2024-09-16 00:00:00','DHKTPM16CTT','UNIVERSITY',1,'2024-08-10 14:55:07','2024-08-11 22:57:33','e4fe02cb-f2b0-4afa-885d-d1b93130d350'),('24b54e56-3bf0-486a-ba11-bbf4ae301d0e','20121801','$2b$10$BV4h/ljHHWUywDXKwPcSE.roQtVcK1baR8pNS1JycROd2I5O/qOyW','Trn Cng Minh','0961264780','minhboy172@gmail.com','MALE','2024-09-16 00:00:00','DHKTPM16A','UNIVERSITY',1,'2024-08-10 14:55:02','2024-08-12 00:43:10','e4fe02cb-f2b0-4afa-885d-d1b93130d350'),('2790fe9e-9f69-42a4-bac9-66fb949b95a0','20000175','$2b$10$BV4h/ljHHWUywDXKwPcSE.roQtVcK1baR8pNS1JycROd2I5O/qOyW','Nguyn Vn Hiu','0975654628','hieurio12@gmail.com','MALE','2024-09-16 00:00:00','DHKTPM16A','UNIVERSITY',1,'2024-08-10 14:55:01','2024-08-11 22:21:01','e4fe02cb-f2b0-4afa-885d-d1b93130d350'),('28ec2a7d-ceab-4404-a7cc-28b5a33b59b5','19473861','$2b$10$9Jx74O8W6hU/fWvYqXtuh.3nGpW4rtOm8hC7fOGMZZvL76SVue/r.','Nguyn c Thnh','0799388878','thinhducnguyen2208@gmail.com','MALE','2024-09-16 00:00:00','DHKTPM15A','UNIVERSITY',1,'2024-08-10 14:55:04','2024-08-14 07:44:52','e4fe02cb-f2b0-4afa-885d-d1b93130d350'),('29b8b169-2c6a-4cf4-8fa0-443b5516cdee','20107181','$2b$10$ElDriAw/pRyZNYyNyczO7uW2Zi4x23c8c7nqq0GnX78ssaCLL.Yne','L Hong An',NULL,NULL,'MALE','2024-09-16 00:00:00','DHKTPM16FTT','UNIVERSITY',1,'2024-08-10 14:55:04','2024-08-11 23:06:27','e4fe02cb-f2b0-4afa-885d-d1b93130d350'),('2a24b0fe-e75c-44ed-808b-ae4d4585f57a','20013831','$2b$10$N7Bo.n0O1WtMb5kqYsnTxuToPF2bprS.r1aTPXDpBdsbJpBvmP3MC','on Thanh Ho','0366516292','doanthanhhao0204@gmail.com','MALE','2024-09-16 00:00:00','DHKTPM16B','UNIVERSITY',1,'2024-08-10 14:55:01','2024-08-11 23:50:07','e4fe02cb-f2b0-4afa-885d-d1b93130d350'),('2a3e7975-66d1-4c66-8daf-2a6843492c23','20073001','$2b$10$O4LdQ0PzIQNLCkURwDr4gOjgwf.bWxCov6zC4oD/GObh1V2b8XEzS','L Thanh Hi','0368983043','1128.lthai@gmail.com','MALE','2024-09-16 00:00:00','DHKTPM16A','UNIVERSITY',1,'2024-08-10 14:55:01','2024-08-11 22:14:05','e4fe02cb-f2b0-4afa-885d-d1b93130d350'),('2a4924e1-9d06-4ebf-85d0-7eb65844e358','20035451','$2b$10$WHGcBJdD3EsmPh9rWtApieyqIEtRnNlzkGbeaJ/TgYyMzrkC3RIGy','Trn Minh Hiu','0846212127','trantran.th8@gmail.com','MALE','2024-09-16 00:00:00','DHKTPM16ATT','UNIVERSITY',1,'2024-08-10 14:55:06','2024-08-11 22:03:13','e4fe02cb-f2b0-4afa-885d-d1b93130d350'),('2b431628-6a32-4324-8d88-e3fa634c10be','20022731','$2b$10$BV4h/ljHHWUywDXKwPcSE.roQtVcK1baR8pNS1JycROd2I5O/qOyW','Vn Quang Phong',NULL,NULL,'MALE','2024-09-16 00:00:00','DHKTPM16A','UNIVERSITY',1,'2024-08-10 14:55:02','2024-08-10 14:55:02','e4fe02cb-f2b0-4afa-885d-d1b93130d350'),('2d7ff59b-16c9-4e19-a340-70af7f6ae4d9','21121781','$2b$10$ShwvsJz2FVxQZ8EADApdAeyKnyKIWoxA3uPuKdpUNrIn/TYhkUNjG','Trn Gia Huy','0367819442','tranhuy12072003@gmail.com','MALE','2024-09-16 00:00:00','DHKTPM17C','UNIVERSITY',1,'2024-08-10 14:55:01','2024-08-14 10:22:01','e4fe02cb-f2b0-4afa-885d-d1b93130d350'),('2f294438-7524-473e-9d02-caa81fd97938','20007141','$2b$10$0ZeY9SIX17koMPTtRY.Kiel6B2ZPRou2y3SgxhMjdSiXQF9NnX2km','Nguyn Khc Cng','0369623925','cuong19012002@gmail.com','MALE','2024-09-16 00:00:00','DHKTPM16ATT','UNIVERSITY',1,'2024-08-10 14:55:05','2024-08-11 23:36:37','e4fe02cb-f2b0-4afa-885d-d1b93130d350'),('2fb888a5-a35c-492e-9642-c2c281dccc72','20005501','$2b$10$K81WiOPhGR7N0/D4HUsoYOikN2P84hq7S5kGITac8sd4DISWztmCi','L Th Ngc Mai','0352594707','ngocmai1522k2@gmail.com','FEMALE','2024-09-16 00:00:00','DHKTPM16A','UNIVERSITY',1,'2024-08-10 14:55:02','2024-08-11 22:03:07','e4fe02cb-f2b0-4afa-885d-d1b93130d350'),('306aff0b-a7bb-4866-8134-b20afd2a0c93','20116041','$2b$10$mPUOOvhDaEoma2q6pRWhdeHjiLjFdPT4UP7PtCQg8yz4.wCzeEw8C','on Hoi An','0963159695','andoan319@gmail.com','MALE','2024-09-16 00:00:00','DHKTPM16A','UNIVERSITY',1,'2024-08-10 14:55:00','2024-08-11 22:11:52','e4fe02cb-f2b0-4afa-885d-d1b93130d350'),('30c5917f-c0bf-4546-b50a-78a2c45deb7c','20108151','$2b$10$LdHKBW6V3cMLSACbwC6kRORj/a1HILVmdOYY1KSUMa6gNph80ei6G','Trn Lm Trung Thnh','0965355043','trungthinh2k2@gmail.com','MALE','2024-09-16 00:00:00','DHKTPM16B','UNIVERSITY',1,'2024-08-10 14:55:03','2024-08-14 07:06:37','e4fe02cb-f2b0-4afa-885d-d1b93130d350'),('3248d390-5063-48ec-904d-0dd1a5e86d14','20084661','$2b$10$.rRpQZCvnLSPoKpvZ4lJ/OJGnbyB4s36KtNYKivtw27.NtSFeAPxm','L Quang Lc','0777632996','quanglocdev@gmail.com','MALE','2024-09-16 00:00:00','DHKTPM16ETT','UNIVERSITY',1,'2024-08-10 14:55:06','2024-08-12 06:58:39','e4fe02cb-f2b0-4afa-885d-d1b93130d350'),('3373f14e-5edf-4a38-b5dc-6a5de1933b82','19505811','$2b$10$LFyRHnWieUJqAxLYzwzSBOnkfxxzZ55lr0Zc5J05tEaimXD3QodI.','Nguyen Minh Vy','0843436282','vynguyen23200137@gmail.com','MALE','2024-09-16 00:00:00','DHKTPM15B','UNIVERSITY',1,'2024-08-10 14:55:04','2024-08-12 15:26:43','e4fe02cb-f2b0-4afa-885d-d1b93130d350'),('35ba282b-7fea-4f43-ba77-2516f96f7d57','20109451','$2b$10$TtfNOd87mhHmvkaXupFn5eBuS2.8XWCz.i4YgRd3iVA8w5DiOIFD6','Phan Phc Hu','0368097153','phanphuchau15@gmail.com','MALE','2024-09-16 00:00:00','DHKTPM16FTT','UNIVERSITY',1,'2024-08-10 14:55:05','2024-08-11 22:08:49','e4fe02cb-f2b0-4afa-885d-d1b93130d350'),('36cccdc1-4b12-4bf9-b2b1-27933f8008b4','20043331','$2b$10$Wnq0g4HpetmDeqbLuuPi2eYnj268QmpERhRoT6UxhCy8uuSH19DjW','L Trn T Uyn','0858404377','letrantuuyenn@gmail.com','FEMALE','2024-09-16 00:00:00','DHKTPM16BTT','UNIVERSITY',1,'2024-08-10 14:55:08','2024-08-11 22:43:50','e4fe02cb-f2b0-4afa-885d-d1b93130d350'),('36fc242a-ee18-4ac1-9c2d-c8760d7a9fea','20004621','$2b$10$RxF/4VenBEENxD7.lhT7Z.XpjcQwYEk9udyfLQvxXm.OgX91gG8zG','L Quang Trung','0886574809','leqtrungggg3105@gmail.com','MALE','2024-09-16 00:00:00','DHKTPM16ATT','UNIVERSITY',1,'2024-08-10 14:55:08','2024-08-11 22:05:54','e4fe02cb-f2b0-4afa-885d-d1b93130d350'),('37ab5f86-9fa4-4adf-919f-241b4d2ad56f','20066981','$2b$10$GxWciYw7ZI957QystgCHKe6GTNKWRK6kxeD04cgGBOslPCauhcqHK','Nguyn c Chin',NULL,NULL,'MALE','2024-09-16 00:00:00','DHKTPM16A','UNIVERSITY',1,'2024-08-10 14:55:01','2024-08-13 09:50:12','e4fe02cb-f2b0-4afa-885d-d1b93130d350'),('38b901f0-0d27-4e13-a700-77054d6490dd','19474781','$2b$10$.Pji.kJzGkReagPhJWfIp.S7c7JomhJAOoBct6bXoDoM/5QoFkB1K','Phm Minh Hng','0589735963','hungviper016@gmail.com','MALE','2024-09-16 00:00:00','DHKTPM15A','UNIVERSITY',1,'2024-08-10 14:55:04','2024-08-11 22:22:57','e4fe02cb-f2b0-4afa-885d-d1b93130d350'),('3a4198af-c519-443a-bd84-790407bf3e69','20045691','$2b$10$sGQhtS8Cao5oSkbjpUIEB.OZXilWZJ6xwQ63syWItxg3jTZlRLhMS','Nguyn Vn Lc','0338710667','nguyenvanloc6756@gmai.com','MALE','2024-09-16 00:00:00','DHKTPM16A','UNIVERSITY',1,'2024-08-10 14:55:02','2024-08-12 19:48:39','e4fe02cb-f2b0-4afa-885d-d1b93130d350'),('3ba7c3ee-d923-465b-ab47-51dff0e02c23','19497751','$2b$10$BV4h/ljHHWUywDXKwPcSE.roQtVcK1baR8pNS1JycROd2I5O/qOyW','Trn Vinh Quang','0336881715','tvq5588@gmail.com','MALE','2024-09-16 00:00:00','DHKTPM15B','UNIVERSITY',1,'2024-08-10 14:55:04','2024-08-13 21:21:41','e4fe02cb-f2b0-4afa-885d-d1b93130d350'),('3bc2f82d-6089-4580-8b55-04b292baa84c','20098151','$2b$10$1YJM2Rq6l0ROUMTVAKK2W.q8enqQcAY0Ljrg3E6dH5A6FNIOykzv2','Nguyn Minh Qun','0354927402','quannguyenminh1001@gmail.com','MALE','2024-09-16 00:00:00','DHKTPM16B','UNIVERSITY',1,'2024-08-10 14:55:03','2024-08-11 22:20:18','e4fe02cb-f2b0-4afa-885d-d1b93130d350'),('3c084d8f-9434-43ed-bc68-66b94c4d4cad','20052221','$2b$10$Uti2.E44GY6j2Gt7jkWpSOEZlkCCpwEe8Ki0H2Z67refoyYBcwXWS','Hunh Quc Bo','0905015627','quocbao.dev@gmail.com','MALE','2024-09-16 00:00:00','DHKTPM16A','UNIVERSITY',1,'2024-08-10 14:55:00','2024-08-12 15:44:51','e4fe02cb-f2b0-4afa-885d-d1b93130d350'),('3c2a1c9a-6034-473f-a520-6687bd65761a','20001555','$2b$10$6UM1s/pkW.9h5oihvtmNPu3f4xfuVoIoHphc.3TUn8/7fqS5iwpQG','V Quc Huy',NULL,NULL,'MALE','2024-09-16 00:00:00','DHKTPM16A','UNIVERSITY',1,'2024-08-10 14:55:01','2024-08-13 20:25:53','e4fe02cb-f2b0-4afa-885d-d1b93130d350'),('3c80dac6-2aed-4300-b742-8addd2a8bbc6','20033521','$2b$10$X478buNoVuxcKyqCQBtnU.dI9MT0ei1eAKRIrNmKGV/5d6pvQZ9dS','Trng Phan nh Trc','0328738710','truongphandinhtruc@gmail.com','MALE','2024-09-16 00:00:00','DHKTPM16ATT','UNIVERSITY',1,'2024-08-10 14:55:08','2024-08-12 19:46:07','e4fe02cb-f2b0-4afa-885d-d1b93130d350'),('3f01a1b0-4416-4a34-93f0-c87e00e0b7a4','20078241','$2b$10$qTP/aCfzT1iJMEOjfcmOj.gl798L2M97Q.ux4VxzoTz3BRg/M1PZ2','V Quc Thnh','0797322972','thinhvq18112002@gmail.com','MALE','2024-09-16 00:00:00','DHKTPM16B','UNIVERSITY',1,'2024-08-10 14:55:03','2024-08-11 22:08:49','e4fe02cb-f2b0-4afa-885d-d1b93130d350'),('3faa519e-f7e0-4e76-941f-0dda4bf15ae8','20078421','$2b$10$bGaL7LR2VtqhGfzkoU1Y5eO9w.hi7FhFZuNRwZVHEbQmrQj8XWr36','Nguyn Phng Cng',NULL,NULL,'MALE','2024-09-16 00:00:00','DHKTPM16B','UNIVERSITY',1,'2024-08-10 14:55:01','2024-08-11 22:06:24','e4fe02cb-f2b0-4afa-885d-d1b93130d350'),('430929b1-74d5-46b4-832d-ed3067ad6f41','20093921','$2b$10$OlvsKvruNrvaR4aZEn2PiO4htI.QoDRQCOpXpwVMrESaA7TOjnZuy','iu Phan Quang Dng','0968771863','quangdungzkh@gmail.com','MALE','2024-09-16 00:00:00','DHKTPM16B','UNIVERSITY',1,'2024-08-10 14:55:01','2024-08-12 23:25:06','e4fe02cb-f2b0-4afa-885d-d1b93130d350'),('437ea45b-23a8-4d4f-8051-fc90f943c676','20009931','$2b$10$tZ98KqtbqjtLLN9dp4bwxeNEJj6uKzbzNrP43RfpzE/dLvM8NzvES','Nguyn Hong Thi','0703328743','thaidp2002@gmail.com','MALE','2024-09-16 00:00:00','DHKTPM16A','UNIVERSITY',1,'2024-08-10 14:55:03','2024-08-11 23:01:11','e4fe02cb-f2b0-4afa-885d-d1b93130d350'),('4385bb0a-da7f-4e1a-9dd7-a7baf7d86bd1','20122841','$2b$10$BV4h/ljHHWUywDXKwPcSE.roQtVcK1baR8pNS1JycROd2I5O/qOyW','Dng nh Long','0372021772','duongdinhlonh123@gmail.com','MALE','2024-09-16 00:00:00','DHKTPM16A','UNIVERSITY',1,'2024-08-10 14:55:02','2024-08-12 19:31:54','e4fe02cb-f2b0-4afa-885d-d1b93130d350'),('441689ba-a972-4283-aa7d-a3ff483215cf','20092731','$2b$10$gk4WobzI7nhP61guhFZpSePvL2apEdP0J78o/9g7LiZsiucJRCYj2','Trn Quang Huy','0357391270','tranquanghuyit09@gmail.com','MALE','2024-09-16 00:00:00','DHKTPM16B','UNIVERSITY',1,'2024-08-10 14:55:01','2024-08-11 22:18:31','e4fe02cb-f2b0-4afa-885d-d1b93130d350'),('470e974d-fe35-454f-a649-c6bad876bb17','20005911','$2b$10$rpUcsH6ieH7iD33V49nKTuBcoYTjiHJ5k9hPiBGImBxktZOKL.q.G','Trng Vn Tun','0375059656','truongtuan2422@gmail.com','MALE','2024-09-16 00:00:00','DHKTPM16ATT','UNIVERSITY',1,'2024-08-10 14:55:08','2024-08-11 22:48:20','e4fe02cb-f2b0-4afa-885d-d1b93130d350'),('4984f73a-7c7c-4cf8-9f46-83066e74db8f','20022421','$2b$10$ppCoAfsFvlumV4ps2Y9hq.eMoV/v7d3TCTfFistOs74Wxy.HJtFra','L Vn Ngc','0326392434','levanngoc2132002@gmail.com','MALE','2024-09-16 00:00:00','DHKTPM16ATT','UNIVERSITY',1,'2024-08-10 14:55:07','2024-08-11 22:11:08','e4fe02cb-f2b0-4afa-885d-d1b93130d350'),('49d12536-9e80-4805-8021-564c94c69dc4','20041071','$2b$10$E67qaOjls85bYq6LBlcovuHJku6EkEp3HleGoztfKtT2AXtLzWkK6','ng Hong Long','0842815579','longkute1018@gmail.com','MALE','2024-09-16 00:00:00','DHKTPM16BTT','UNIVERSITY',1,'2024-08-10 14:55:06','2024-08-11 22:10:14','e4fe02cb-f2b0-4afa-885d-d1b93130d350'),('4a15367b-6080-4689-8e29-0048ae5a636c','20115331','$2b$10$0CE7uhojE6gGRB.RTMNWVew0326b4guRnyt3juHfwxwNZyMrCkcma','Nguyn Vn Ng','0389757147','anhngole1105@gmail.com','MALE','2024-09-16 00:00:00','DHKTPM16GTT','UNIVERSITY',1,'2024-08-10 14:55:07','2024-08-13 23:03:28','e4fe02cb-f2b0-4afa-885d-d1b93130d350'),('4a460587-eb12-4046-adc7-0ed76ee994f4','21002901','$2b$10$5P0qCKpkMJT8f/n/gswVRuyQEkklC.ah/oTIgCLX31iwUMc2tgEoK','Phm Vn Khoa','0339331841','vankhoa2012.it@gmail.com','MALE','2024-09-16 00:00:00','DHKTPM17C','UNIVERSITY',1,'2024-08-12 23:24:32','2024-08-14 16:11:28','e4fe02cb-f2b0-4afa-885d-d1b93130d350'),('4a985db8-15c7-42bd-80d4-aa8ef5ac0c50','20122891','$2b$10$BV4h/ljHHWUywDXKwPcSE.roQtVcK1baR8pNS1JycROd2I5O/qOyW','Nguyn Minh Lun',NULL,NULL,'MALE','2024-09-16 00:00:00','DHKTPM16A','UNIVERSITY',1,'2024-08-10 14:55:02','2024-08-10 14:55:02','e4fe02cb-f2b0-4afa-885d-d1b93130d350'),('4acdbb39-7a44-4ce5-9caa-51e20d60bee2','20048301','$2b$10$FmCsuHoQhqxN7SPGjv77GOJYm32/f7PUD9f/OzL9xr6eVxDUf.v62','Nguyn Trng Tun Kit',NULL,NULL,'MALE','2024-09-16 00:00:00','DHKTPM16B','UNIVERSITY',1,'2024-08-10 14:55:02','2024-08-11 22:24:27','e4fe02cb-f2b0-4afa-885d-d1b93130d350'),('4b681ef9-44b5-4c6d-bd07-818511c70953','20102781','$2b$10$R/iyVYpSgpZoJdn5SScLgOy6nIYOJ/7lNbPZ77Lou0Zkv0bjfnCbW','Nguyn Hu Huy','0396127490','nguyenhuuhuydev@gmail.com','MALE','2024-09-16 00:00:00','DHKTPM16B','UNIVERSITY',1,'2024-08-10 14:55:01','2024-08-12 03:33:31','e4fe02cb-f2b0-4afa-885d-d1b93130d350'),('4b6f797a-07cf-47ae-845b-0e49873b5ed1','20093961','$2b$10$bS9xHidWNICJGiaN.xrg5.pMl.18njYB/X7Kmv/6ML9EbEhQHt22u','Trn Hu Nh','0936343821','huunha21032k2@gmail.com','MALE','2024-09-16 00:00:00','DHKTPM16FTT','UNIVERSITY',1,'2024-08-10 14:55:07','2024-08-11 22:12:48','e4fe02cb-f2b0-4afa-885d-d1b93130d350'),('519a9ed7-9d4a-4e9b-8d12-15b2c68c7175','20116521','$2b$10$j.SbjRbGfTW98UeQQT06XOxgxCX0Okt.6BvebTgVnStzB7t8LeNh2','L Quc t','0366480574','lqdat87@gmail.com','MALE','2024-09-16 00:00:00','DHKTPM16GTT','UNIVERSITY',1,'2024-08-10 14:55:05','2024-08-11 22:16:54','e4fe02cb-f2b0-4afa-885d-d1b93130d350'),('520fdddb-cc00-497e-a60a-904cc10c440c','20107161','$2b$10$BV4h/ljHHWUywDXKwPcSE.roQtVcK1baR8pNS1JycROd2I5O/qOyW','Phm H Gia Huy','0939730322','phamhagiahuy1708@gmail.com','MALE','2024-09-16 00:00:00','DHKTPM16B','UNIVERSITY',1,'2024-08-10 14:55:01','2024-08-11 22:35:48','e4fe02cb-f2b0-4afa-885d-d1b93130d350'),('52a05e07-68c4-4f0d-9df3-36a0d53752dc','20062481','$2b$10$BV4h/ljHHWUywDXKwPcSE.roQtVcK1baR8pNS1JycROd2I5O/qOyW','Nguyn ang Trng','0326923816','nguyendangtruong22042002@gmail.com','MALE','2024-09-16 00:00:00','DHKTPM16CTT','UNIVERSITY',1,'2024-08-10 14:55:08','2024-08-13 16:13:03','e4fe02cb-f2b0-4afa-885d-d1b93130d350'),('52eb1e14-81b9-4369-882f-01958dd26151','20088361','$2b$10$BV4h/ljHHWUywDXKwPcSE.roQtVcK1baR8pNS1JycROd2I5O/qOyW','Bui Tri Thuc','0963015348','trithucbuittb@gmail.com','MALE','2024-09-16 00:00:00','DHKTPM16A','UNIVERSITY',1,'2024-08-10 14:55:03','2024-08-12 12:41:54','e4fe02cb-f2b0-4afa-885d-d1b93130d350'),('53524d82-985f-4589-9bcd-cf892c6adee4','20002345','$2b$10$Ef/ByxBmgFoxqFDXxcMeCug08LtNlpSvygwp48uT4SGD2abiaMD7O','V Cng','0396547135','cuongvo.26022020@gmail.com','MALE','2024-09-16 00:00:00','DHKTPM16A','UNIVERSITY',1,'2024-08-10 14:55:01','2024-10-13 15:26:21','e4fe02cb-f2b0-4afa-885d-d1b93130d350'),('5454446a-6f84-4d18-bec2-cf445c675a6d','20077931','$2b$10$QXFxAJ3JXR4kTKEgb9Dm2OXFhhILIQtTdXxQ5GUmkxeFa.KQtTeCm','Trn Thanh i',NULL,NULL,'MALE','2024-09-16 00:00:00','DHKTPM16A','UNIVERSITY',1,'2024-08-10 14:55:01','2024-08-11 22:03:02','e4fe02cb-f2b0-4afa-885d-d1b93130d350'),('548a65d5-e2df-4211-ba6b-2bd4d3f90ebe','19473791','$2b$10$BV4h/ljHHWUywDXKwPcSE.roQtVcK1baR8pNS1JycROd2I5O/qOyW','Nguyn Tin t','0339041217','tiendat.107001@gmail.com','MALE','2024-09-16 00:00:00','DHKTPM15A','UNIVERSITY',1,'2024-08-10 14:55:04','2024-08-13 11:07:48','e4fe02cb-f2b0-4afa-885d-d1b93130d350'),('54c88158-cb93-492c-8d40-7b7568e7aa05','20087331','$2b$10$9QILFncE36UE4kZGG3B64.eSiWJ/pWBGbJluGnpqT6bo999g.V78u','Phm on Minh T','0978512774','minhtupham157@gmail.com','MALE','2024-09-16 00:00:00','DHKTPM16ETT','UNIVERSITY',1,'2024-08-10 14:55:08','2024-08-11 22:10:25','e4fe02cb-f2b0-4afa-885d-d1b93130d350'),('553edbe1-aba9-4d5f-8919-a1a8c94c8a18','20062501','$2b$10$jFZ1NgXCIFE.G26HpyjBIeJSfahZMY04adH6hiVECuxIfPnw5Ut2.','Phm Trng Hiu','0971754389','phamtronghieu2002iuh@gmail.com','MALE','2024-09-16 00:00:00','DHKTPM16B','UNIVERSITY',1,'2024-08-10 14:55:01','2024-08-11 22:22:38','e4fe02cb-f2b0-4afa-885d-d1b93130d350'),('56bf480a-8be9-4aa4-8232-1c91f4becc46','20075751','$2b$10$BV4h/ljHHWUywDXKwPcSE.roQtVcK1baR8pNS1JycROd2I5O/qOyW','Nguyn Xun Long',NULL,NULL,'MALE','2024-09-16 00:00:00','DHKTPM16A','UNIVERSITY',1,'2024-08-10 14:55:02','2024-08-10 14:55:02','e4fe02cb-f2b0-4afa-885d-d1b93130d350'),('56dd419b-97cd-4a4e-8ff3-3f2d370593a9','20001575','$2b$10$70uh7kF0rSNB6Byk5o.TBO..3nc05UugA9ESSlnTZ6W5A0TfrkLui','H Anh Tho','0987967077','thaoanhhaa1@gmail.com','MALE','2024-09-16 00:00:00','DHKTPM16B','UNIVERSITY',1,'2024-08-10 14:55:03','2024-08-12 19:10:26','e4fe02cb-f2b0-4afa-885d-d1b93130d350'),('58149cf3-55af-4c90-8bcc-b93d3b7b9dac','20059711','$2b$10$BV4h/ljHHWUywDXKwPcSE.roQtVcK1baR8pNS1JycROd2I5O/qOyW','Hong Thy Tin','0398502308','vanbac21112k2@gmail.com','FEMALE','2024-09-16 00:00:00','DHKTPM16A','UNIVERSITY',1,'2024-08-10 14:55:03','2024-08-13 20:26:02','e4fe02cb-f2b0-4afa-885d-d1b93130d350'),('5a400c97-9b37-4474-9fe5-6271375d89af','19492871','$2b$10$m3hOqaRrKnBFg2a9432x7uy4ko2N6K054uQk4VZx2hJyLMGkUjodK','L Ngc Hiu','0364770504','kaibaseto2001@gmail.com','MALE','2024-09-16 00:00:00','DHKTPM15A','UNIVERSITY',1,'2024-08-10 14:55:04','2024-08-11 23:00:29','e4fe02cb-f2b0-4afa-885d-d1b93130d350'),('5c6d554f-9c93-49de-9fba-fb5c5ede6002','20120361','$2b$10$BV4h/ljHHWUywDXKwPcSE.roQtVcK1baR8pNS1JycROd2I5O/qOyW','Nguyn ng c Ti','0763756726','matya201013@gmail.com','MALE','2024-09-16 00:00:00','DHKTPM16B','UNIVERSITY',1,'2024-08-10 14:55:03','2024-08-11 22:06:26','e4fe02cb-f2b0-4afa-885d-d1b93130d350'),('5ca58037-2516-4885-99e1-001d39ff5b0e','20066711','$2b$10$BV4h/ljHHWUywDXKwPcSE.roQtVcK1baR8pNS1JycROd2I5O/qOyW','Lu Thnh Nhn','0363984479','Luuthanhnhan5039@gmail.com','MALE','2024-09-16 00:00:00','DHKTPM16DTT','UNIVERSITY',1,'2024-08-10 14:55:07','2024-08-12 07:18:49','e4fe02cb-f2b0-4afa-885d-d1b93130d350'),('5fe2f4a1-f461-4ae5-be7a-8fa28c0cda45','20086941','$2b$10$BV4h/ljHHWUywDXKwPcSE.roQtVcK1baR8pNS1JycROd2I5O/qOyW','Nguyn Vn Vit',NULL,NULL,'MALE','2024-09-16 00:00:00','DHKTPM16A','UNIVERSITY',1,'2024-08-10 14:55:04','2024-08-10 14:55:04','e4fe02cb-f2b0-4afa-885d-d1b93130d350'),('6025918e-5b47-44db-abb8-6ba37e19d978','20118191','$2b$10$I.ram2CjU7iWVySXvsmbruwh2gAn3jd4zu9W4Cdf7tj7.GcS07ptW','Nguyn Thanh Sang','0398408935','thanhsanggl06@gmail.com','MALE','2024-09-16 00:00:00','DHKTPM16GTT','UNIVERSITY',1,'2024-08-10 14:55:07','2024-08-11 22:10:21','e4fe02cb-f2b0-4afa-885d-d1b93130d350'),('602a908c-a420-429c-b7fd-6cae620b9a71','20071271','$2b$10$oCAVi0VCCSMO.x7paNevxeyaAnWdw9x1EAGANsZYInWqekBsagfh.','Nguyn Anh c','0357695485','nguyenanhduc275@gmail.com','MALE','2024-09-16 00:00:00','DHKTPM16DTT','UNIVERSITY',1,'2024-08-10 14:55:05','2024-08-11 22:48:37','e4fe02cb-f2b0-4afa-885d-d1b93130d350'),('604cd711-4980-4a79-961b-fb61cc7ea4d6','19473631','$2b$10$4xEqlDwOpqd0RsGfz3aa5On73rt/EG2J05PRC8Uyu6sDcAz0S1jzO','inh L Khi','0345007855','Rpkgoldvtw@gmail.com','MALE','2024-09-16 00:00:00','DHKTPM15A','UNIVERSITY',1,'2024-08-10 14:55:04','2024-08-13 21:07:40','e4fe02cb-f2b0-4afa-885d-d1b93130d350'),('613c2bfc-27cc-4a5a-a88f-0b819dbecb84','20074301','$2b$10$IBA1nnjEqFac5UED5OQ0tuzFuo4m2T1E3gp2uuHQOXIlyZa/2Y7hu','Trn Quc Vit','0707173627','quocvietran2002@gmail.com','MALE','2024-09-16 00:00:00','DHKTPM16A','UNIVERSITY',1,'2024-08-10 14:55:04','2024-08-13 11:23:20','e4fe02cb-f2b0-4afa-885d-d1b93130d350'),('61909aa1-ca9c-4b4d-975b-65d21a0040fc','20013581','$2b$10$qH4bxBMS00SefmwUl.w58OTcUXOFHGajy8iabNlMCcq8gAFdF90wW','Hunh Ch Thanh',NULL,NULL,'MALE','2024-09-16 00:00:00','DHKTPM16ATT','UNIVERSITY',1,'2024-08-10 14:55:07','2024-08-11 22:20:03','e4fe02cb-f2b0-4afa-885d-d1b93130d350'),('61e04d5d-e22b-4a07-a9be-5bae5d590122','20067001','$2b$10$NYec03wnDL856uZk5vfB1eKmkWfDDZUk8p/9y3UJO7xNX7qwvJ0P.','Chu Bch Tuyn','0856659876','bichtuyenchau261002@gmail.com','FEMALE','2024-09-16 00:00:00','DHKTPM16A','UNIVERSITY',1,'2024-08-10 14:55:04','2024-08-11 22:03:14','e4fe02cb-f2b0-4afa-885d-d1b93130d350'),('629d21f3-0943-41ef-90f8-1a0f7e916a1e','20098661','$2b$10$BV4h/ljHHWUywDXKwPcSE.roQtVcK1baR8pNS1JycROd2I5O/qOyW','Trn Quang Khi','0354062270','quangkhai24022002@gmail.com','MALE','2024-09-16 00:00:00','DHKTPM16B','UNIVERSITY',1,'2024-08-10 14:55:01','2024-08-12 01:39:07','e4fe02cb-f2b0-4afa-885d-d1b93130d350'),('62a9f97b-cf7d-40c5-b190-e91c81049de8','20017271','$2b$10$SkMSlo0YRrb50XToS8VGF..EPrlS4tFMeF3NuRGG7XzjrUz8yJjnK','Nguyn Thanh Tng',NULL,NULL,'MALE','2024-09-16 00:00:00','DHKTPM16ATT','UNIVERSITY',1,'2024-08-10 14:55:08','2024-08-12 02:23:28','e4fe02cb-f2b0-4afa-885d-d1b93130d350'),('6373d7ab-0628-407b-b54f-8872cf856aba','20087531','$2b$10$SHSFh1Z60OlIdkL3VmO3cOGpVsBv99XnyJkY0DGIlQjf/IgAOJsI6','Nguyn Th Kiu Nghi','0396356806','nguyenthikieunghi.ltp20@gmail.com','FEMALE','2024-09-16 00:00:00','DHKTPM16ETT','UNIVERSITY',1,'2024-08-10 14:55:07','2024-08-11 22:18:49','e4fe02cb-f2b0-4afa-885d-d1b93130d350'),('64cab6ba-ece5-4941-ab43-3eb18f71a82b','20064261','$2b$10$BV4h/ljHHWUywDXKwPcSE.roQtVcK1baR8pNS1JycROd2I5O/qOyW','Hong Trng Nhn','0937328026','Nhanvnynpro2002@gmail.com','MALE','2024-09-16 00:00:00','DHKTPM16CTT','UNIVERSITY',1,'2024-08-10 14:55:07','2024-08-11 22:04:00','e4fe02cb-f2b0-4afa-885d-d1b93130d350'),('64d2acb6-cc38-49da-bdd2-b1b95364aa88','20044761','$2b$10$vhcWlq/Lw6p8rjai1pZ/UO/sbYj82BvO48QQOipVvxwYgAUqPu0G2','L Phi Minh','0396664136','lyphiminh244@gmail.com','MALE','2024-09-16 00:00:00','DHKTPM16A','UNIVERSITY',1,'2024-08-10 14:55:02','2024-08-11 22:03:39','e4fe02cb-f2b0-4afa-885d-d1b93130d350'),('69b0295a-9bb4-48cc-8742-f066a2104396','20084821','$2b$10$BV4h/ljHHWUywDXKwPcSE.roQtVcK1baR8pNS1JycROd2I5O/qOyW','Nguyn Hong Thnh','0942694947','nguyenhoangthinh5902@gmail.com','MALE','2024-09-16 00:00:00','DHKTPM16ETT','UNIVERSITY',1,'2024-08-10 14:55:07','2024-08-11 23:08:35','e4fe02cb-f2b0-4afa-885d-d1b93130d350'),('69e52d83-468e-4c41-88f0-76ad950a8e7a','20052391','$2b$10$IyaJEIRAWkhBnhb39iWCnuqN2Rhc0Db71/pbdZiWbPKOuCfx8tX8S','V Hong Lc','0812943018','vohoangloc2002jan@gmail.com','MALE','2024-09-16 00:00:00','DHKTPM16CTT','UNIVERSITY',1,'2024-08-10 14:55:06','2024-08-12 09:27:15','e4fe02cb-f2b0-4afa-885d-d1b93130d350'),('6acbeb68-e7a8-48ab-9e01-98dd13c0f2dd','20088891','$2b$10$BV4h/ljHHWUywDXKwPcSE.roQtVcK1baR8pNS1JycROd2I5O/qOyW','L Cao M','0586050593','mynho1132002@gmail.com','MALE','2024-09-16 00:00:00','DHKTPM16ETT','UNIVERSITY',1,'2024-08-10 14:55:07','2024-08-14 00:20:23','e4fe02cb-f2b0-4afa-885d-d1b93130d350'),('6b3e316d-7fa6-42c9-9d40-12a43394e7c6','19476651','$2b$10$BV4h/ljHHWUywDXKwPcSE.roQtVcK1baR8pNS1JycROd2I5O/qOyW','Nguyn Trng Ph','0386267998','nguyentrgphu112@gmail.com','MALE','2024-09-16 00:00:00','DHKTPM15A','UNIVERSITY',1,'2024-08-10 14:55:04','2024-08-14 16:20:33','e4fe02cb-f2b0-4afa-885d-d1b93130d350'),('6d34eb2c-4ada-4558-9828-11f2db0ecdbb','19472551','$2b$10$u/TXcRTKsUv4zJsllmOF8.vKPIaLJD7q.sE.8wA8Ahz5j8MJNNYcO','H Hu Nhn',NULL,NULL,'MALE','2024-09-16 00:00:00','DHKTPM15ATT','UNIVERSITY',1,'2024-08-10 14:55:08','2024-08-11 22:07:17','e4fe02cb-f2b0-4afa-885d-d1b93130d350'),('6e6a3b65-0763-46eb-ab11-62c5605e3354','19496281','$2b$10$BV4h/ljHHWUywDXKwPcSE.roQtVcK1baR8pNS1JycROd2I5O/qOyW','Phm nh Mnh','0396045933','manhk979@gmail.com','MALE','2024-09-16 00:00:00','DHKTPM15BTT','UNIVERSITY',1,'2024-08-10 14:55:08','2024-08-11 22:35:50','e4fe02cb-f2b0-4afa-885d-d1b93130d350'),('6f9de5e6-0568-4f6e-af44-0c4a607788d0','20122281','$2b$10$hDlPGaOzzGqi3d65B/XcTOnSg6tZ70OVv5sukKvUdw19GhS0Z6u.u','Nguyn Khnh An',NULL,NULL,'MALE','2024-09-16 00:00:00','DHKTPM16B','UNIVERSITY',1,'2024-08-10 14:55:00','2024-08-11 22:03:26','e4fe02cb-f2b0-4afa-885d-d1b93130d350'),('6fa2a1a9-5381-49dc-bcaf-44e249de6e18','20077361','$2b$10$BV4h/ljHHWUywDXKwPcSE.roQtVcK1baR8pNS1JycROd2I5O/qOyW','Hunh Trung Thng','0948058494','a4thong@gmail.com','MALE','2024-09-16 00:00:00','DHKTPM16DTT','UNIVERSITY',1,'2024-08-10 14:55:07','2024-08-11 22:37:02','e4fe02cb-f2b0-4afa-885d-d1b93130d350'),('715dbbd7-4811-45f2-86eb-cccd9c3bc065','20034071','$2b$10$.Yvv9RJ87K.KNKHgKZahp.jcCkL6HGtIO5QkJxvANN0AcvL.kmAhi','Nguyn Nht An','0915142820','nhatannguyen1902@gmail.com','MALE','2024-09-16 00:00:00','DHKTPM16B','UNIVERSITY',1,'2024-08-10 14:55:00','2024-08-11 22:17:39','e4fe02cb-f2b0-4afa-885d-d1b93130d350'),('723d341f-2e96-4bcf-9a82-70eb66746471','20021641','$2b$10$BV4h/ljHHWUywDXKwPcSE.roQtVcK1baR8pNS1JycROd2I5O/qOyW','V Hong Minh Sang','0339958048','sangvo080702@gmail.com','MALE','2024-09-16 00:00:00','DHKTPM16ATT','UNIVERSITY',1,'2024-08-10 14:55:07','2024-08-11 22:05:24','e4fe02cb-f2b0-4afa-885d-d1b93130d350'),('723da2e2-8522-4f01-8cc5-d5b414d2f40e','21129041','$2b$10$Tvp/uaBC1qbStES6a3zS8eSmWUKBQBQ.8Wwz10RTBMp/Z5IstILT2',' Ch Tng',NULL,NULL,'MALE','2024-09-16 00:00:00','DHKTPM17C','UNIVERSITY',1,'2024-08-10 14:55:04','2024-08-13 21:13:47','e4fe02cb-f2b0-4afa-885d-d1b93130d350'),('7340110e-a826-48fe-aff7-484fac052f16','20064471','$2b$10$BV4h/ljHHWUywDXKwPcSE.roQtVcK1baR8pNS1JycROd2I5O/qOyW','Nguyn Ngc i Li','0767929064','loidai2002@gmail.com','MALE','2024-09-16 00:00:00','DHKTPM16CTT','UNIVERSITY',1,'2024-08-10 14:55:06','2024-08-13 01:12:58','e4fe02cb-f2b0-4afa-885d-d1b93130d350'),('73eb4c1f-06cf-4bf3-bc24-6566fc2785e5','20020381','$2b$10$wgx5prX.tVCiOytvm5cLHOGilhNRhAK3EO9l0tLDIIPu1hwy7hUM.','Nguyn Th Trung Hiu','0967324027','hieu92145@gmail.com','FEMALE','2024-09-16 00:00:00','DHKTPM16A','UNIVERSITY',1,'2024-08-10 14:55:01','2024-08-11 22:18:02','e4fe02cb-f2b0-4afa-885d-d1b93130d350'),('769b1702-8b85-4254-849d-f3a8d19ba2f1','20086071','$2b$10$ii.MMhwk446WzdbL2LWRguGf4ibimt02izWT6VzJOeG9zW.N3VOPm','Tng Bo Hng','0815800948','baohung20020112@gmail.com','MALE','2024-09-16 00:00:00','DHKTPM16A','UNIVERSITY',1,'2024-08-10 14:55:01','2024-08-11 22:06:42','e4fe02cb-f2b0-4afa-885d-d1b93130d350'),('77c2eb8d-b59d-4ec7-b72d-92b19494d623','20066361','$2b$10$jLV8Z2uXkcxFjZuZ6V.nWuTjMw2vS/PJvt1SLah9vKgAZguNdw.S2','Phm Minh Hiu','0786593982','phamminhhieu.03012002@gmail.com','MALE','2024-09-16 00:00:00','DHKTPM16DTT','UNIVERSITY',1,'2024-08-10 14:55:06','2024-08-14 06:57:49','e4fe02cb-f2b0-4afa-885d-d1b93130d350'),('78ff2d18-739f-4414-abfd-298c70614937','20068791','$2b$10$fJ8JhyvP7iwvSZQSq7PdQ.jJv5qbgDFkk.c99XUq0gHt32cu2dQG.','Nguyn Tn Huy','0329973016','nguyentanhuy02052000@gmail.com','MALE','2024-09-16 00:00:00','DHKTPM16B','UNIVERSITY',1,'2024-08-10 14:55:01','2024-08-11 22:15:47','e4fe02cb-f2b0-4afa-885d-d1b93130d350'),('7924d88d-507f-4b6e-bf64-ff2adad31106','20057651','$2b$10$a4Zyxsn89V6U5m08/SbzqutrZTT8uPngKJtYmNbVVvMQtqXCJEoY.','Phng Th Lan Hng','0703935114','taejoon1507@gmail.com','FEMALE','2024-09-16 00:00:00','DHKTPM16A','UNIVERSITY',1,'2024-08-10 14:55:01','2024-08-14 07:24:23','e4fe02cb-f2b0-4afa-885d-d1b93130d350'),('79f6c4bd-cf5a-4eb8-9f57-d49d683ba84f','20078561','$2b$10$.xTj/gEhJOS92yqLhQw06Or5Z3Zo/5iwxpUjIxOlrYXCN4U5KSd1e','Mai Thanh Thng',NULL,NULL,'MALE','2024-09-16 00:00:00','DHKTPM16A','UNIVERSITY',1,'2024-08-10 14:55:03','2024-08-12 18:04:21','e4fe02cb-f2b0-4afa-885d-d1b93130d350'),('7a684d6b-0269-423c-bf1f-b94a06ba1255','20083771','$2b$10$BV4h/ljHHWUywDXKwPcSE.roQtVcK1baR8pNS1JycROd2I5O/qOyW','Trng Th Cm Nhung','0364879557','truongnhung427@gmail.com','FEMALE','2024-09-16 00:00:00','DHKTPM16ETT','UNIVERSITY',1,'2024-08-10 14:55:07','2024-08-14 08:05:38','e4fe02cb-f2b0-4afa-885d-d1b93130d350'),('7aaf4764-59cb-401f-8542-b3b106b61b0e','20066051','$2b$10$BV4h/ljHHWUywDXKwPcSE.roQtVcK1baR8pNS1JycROd2I5O/qOyW','Nguyn Duy Bo',NULL,NULL,'MALE','2024-09-16 00:00:00','DHKTPM16DTT','UNIVERSITY',1,'2024-08-10 14:55:04','2024-08-10 14:55:04','e4fe02cb-f2b0-4afa-885d-d1b93130d350'),('7b0400c8-635f-4274-ba06-41c62be5167a','20075371','$2b$10$/AbsYGknHF2wQHgFLTQnhuWM2SrE.ab.WIQovL1tGUQtUPkjADfHi','Hunh V Ho','0702802237','vyhaohuynh@gmail.com','MALE','2024-09-16 00:00:00','DHKTPM16DTT','UNIVERSITY',1,'2024-08-10 14:55:05','2024-08-11 22:06:02','e4fe02cb-f2b0-4afa-885d-d1b93130d350'),('7b2104cc-1336-441d-a273-175591959104','21082081','$2b$10$lnNoxOCldTPNBrAOkdVJj.sMSS8UDbi79ErwUnWkep.RVJ01VMgSi','V nh Thng','0346549617','vodinhthong17112003@gmail.com','MALE','2024-09-16 00:00:00','DHKTPM17C','UNIVERSITY',1,'2024-08-10 14:55:03','2024-08-11 22:07:24','e4fe02cb-f2b0-4afa-885d-d1b93130d350'),('7c3d2e1f-d2b0-46a9-b2bf-be54dd1411df','20073231','$2b$10$aWMK.kOAyhYPstzes3s/Y.SaFRLV3Tlw6dBc0hrziI8IxWjDaONby','Nguyn Thy Tnh',NULL,NULL,'FEMALE','2024-09-16 00:00:00','DHKTPM16A','UNIVERSITY',1,'2024-08-10 14:55:03','2024-08-11 22:09:27','e4fe02cb-f2b0-4afa-885d-d1b93130d350'),('7e1f79d1-9ee5-470a-92f7-65443c02f4af','20008341','$2b$10$BV4h/ljHHWUywDXKwPcSE.roQtVcK1baR8pNS1JycROd2I5O/qOyW','Nguyn Gia Hy','0389412750','giahynguyen33@gmail.com','MALE','2024-09-16 00:00:00','DHKTPM16A','UNIVERSITY',1,'2024-08-10 14:55:01','2024-08-13 11:59:38','e4fe02cb-f2b0-4afa-885d-d1b93130d350'),('7e9d2e06-0c70-4a47-b9b3-805bf3b2b703','20096591','$2b$10$BV4h/ljHHWUywDXKwPcSE.roQtVcK1baR8pNS1JycROd2I5O/qOyW','Nguyn Anh V','0789423445','nguyenanhvu200101@gmail.com','MALE','2024-09-16 00:00:00','DHKTPM16B','UNIVERSITY',1,'2024-08-10 14:55:04','2024-08-12 22:51:47','e4fe02cb-f2b0-4afa-885d-d1b93130d350'),('7ebd08b9-bd48-490a-a787-ff39e0a9fb17','20036451','$2b$10$BV4h/ljHHWUywDXKwPcSE.roQtVcK1baR8pNS1JycROd2I5O/qOyW','Trn nh Phong','0339122327','phongtd@sparkminds.net','MALE','2024-09-16 00:00:00','DHKTPM16ATT','UNIVERSITY',1,'2024-08-10 14:55:07','2024-08-13 23:58:26','e4fe02cb-f2b0-4afa-885d-d1b93130d350'),('7f92fef8-9ca6-44a5-a56c-758a2dc8a183','20040451','$2b$10$BV4h/ljHHWUywDXKwPcSE.roQtVcK1baR8pNS1JycROd2I5O/qOyW','Nguyn Quc Huy','0348456434','heilmehuy34@gmail.com','MALE','2024-09-16 00:00:00','DHKTPM16BTT','UNIVERSITY',1,'2024-08-10 14:55:06','2024-08-12 18:50:33','e4fe02cb-f2b0-4afa-885d-d1b93130d350'),('81fcaaa9-8975-416c-ac26-47442e2b5115','20001545','$2b$10$43fEfDVG39cr1VFtrKwSzu8eG9JEBFKXUFFrdCM.Eh/1uzXUo5GZG','Dng Tun Kit','0348333253','duongtuankietpqbt@gmail.com','MALE','2024-09-16 00:00:00','DHKTPM16A','UNIVERSITY',1,'2024-08-10 14:55:02','2024-08-13 13:37:23','e4fe02cb-f2b0-4afa-885d-d1b93130d350'),('828749a3-d333-4f39-93d4-217877d41e75','20034061','$2b$10$B0ZtyhFnYSUXeAEra80IOu32BnDLCycHCoDEqNJxwJv13OzoQi2ne','Dng Th Ngc',NULL,NULL,'FEMALE','2024-09-16 00:00:00','DHKTPM16B','UNIVERSITY',1,'2024-08-10 14:55:02','2024-08-12 09:00:00','e4fe02cb-f2b0-4afa-885d-d1b93130d350'),('83aa2d61-3111-4960-b0c6-de98576df9ed','20070671','$2b$10$BV4h/ljHHWUywDXKwPcSE.roQtVcK1baR8pNS1JycROd2I5O/qOyW','L Th Vinh',NULL,NULL,'MALE','2024-09-16 00:00:00','DHKTPM16A','UNIVERSITY',1,'2024-08-10 14:55:04','2024-08-10 14:55:04','e4fe02cb-f2b0-4afa-885d-d1b93130d350'),('84250d94-7952-4269-a8ca-4acabb5db413','20003335','$2b$10$UPwYCwoNjqcHlONl9NXav.Lb5uJ0gAzk6Q9WMA5vprqeCGUA.oZcG','Bi Trn Thin n','0336735283','buitranthienan1111@gmail.com','MALE','2024-09-16 00:00:00','DHKTPM16A','UNIVERSITY',1,'2024-08-13 14:26:46','2024-08-13 19:41:57','e4fe02cb-f2b0-4afa-885d-d1b93130d350'),('87bf87ea-ff33-4802-935f-3da16b2b3c3d','21084321','$2b$10$3PAYOHcxu5uwpJsEoLnfbeSfZgHYL12uqE6/RzhZVbF6RevsrBNBu','Nguyn Huy Hong',NULL,NULL,'MALE','2024-09-16 00:00:00','DHKTPM17C','UNIVERSITY',1,'2024-08-10 14:55:01','2024-08-11 22:39:55','e4fe02cb-f2b0-4afa-885d-d1b93130d350'),('88f0828c-e1cd-43dd-8e24-286b9ed64896','20044651','$2b$10$BV4h/ljHHWUywDXKwPcSE.roQtVcK1baR8pNS1JycROd2I5O/qOyW','Trng Bnh Trit','0399889692','truongbinhtriet110202@gmail.com','MALE','2024-09-16 00:00:00','DHKTPM16A','UNIVERSITY',1,'2024-08-10 14:55:03','2024-08-12 11:21:51','e4fe02cb-f2b0-4afa-885d-d1b93130d350'),('8a496912-03dd-4eff-9eb2-e1e9a53f4657','20117081','$2b$10$cYQH2.laef2FpvtMULMXpeyMQ6x5nIeIy3mL9.gTIOwsCf7wOGWjm','L Anh Th','0868084056','thuleanh543@gmail.com','FEMALE','2024-09-16 00:00:00','DHKTPM16B','UNIVERSITY',1,'2024-08-10 14:55:03','2024-08-11 22:03:50','e4fe02cb-f2b0-4afa-885d-d1b93130d350'),('8b8f99c9-74bf-4f09-b5b2-9803a57cbb34','20117861','$2b$10$BV4h/ljHHWUywDXKwPcSE.roQtVcK1baR8pNS1JycROd2I5O/qOyW','Ng Quang Tho','0973065147','quangthao22122002@gmail.com','MALE','2024-09-16 00:00:00','DHKTPM16GTT','UNIVERSITY',1,'2024-08-10 14:55:07','2024-08-11 23:24:26','e4fe02cb-f2b0-4afa-885d-d1b93130d350'),('8cb7185d-2e52-4951-93f1-ce8e2baef57c','20072631','$2b$10$hlk1zarDDeLa59ecsvbo1OYS3xewoxg5pgsKXMstvk0PNn7XHm98i','Dng Quang Hi','0919374702','20072631.hai@student.iuh.edu.vn','MALE','2024-09-16 00:00:00','DHKTPM16DTT','UNIVERSITY',1,'2024-08-10 14:55:05','2024-08-14 08:07:05','e4fe02cb-f2b0-4afa-885d-d1b93130d350'),('8cc36720-538f-4623-8dd0-9070b20e2ffc','20036651','$2b$10$c.nv7kGblP6zgJqgY8TyCuZyH5C0rUXn98u3bZMNRgLDkR7EM2tta','L Hng Ngn','0332791850','lehongngan.998@gmail.com','MALE','2024-09-16 00:00:00','DHKTPM16BTT','UNIVERSITY',1,'2024-08-10 14:55:07','2024-08-14 12:13:39','e4fe02cb-f2b0-4afa-885d-d1b93130d350'),('8fd0dfec-77a1-4b6b-8b17-ad273dfd5a91','20048881','$2b$10$J1SS1p7t3MCTEoAiNVHcGuqBYaxfajuwbfqGIDznhBivmUYHetAua','Nguyn Vn Ph','0338630727','phunguyeniuh1410@gmail.com','MALE','2024-09-16 00:00:00','DHKTPM16B','UNIVERSITY',1,'2024-08-10 14:55:03','2024-08-11 22:04:38','e4fe02cb-f2b0-4afa-885d-d1b93130d350'),('92dc520e-4965-49ca-8226-9dd78d0efded','20087301','$2b$10$eQH74yb3TdH5pvKCna63SO.kZ4ZGrzP5T0owFhACoGD9LseOfx8b.','H c Anh','0907990317','Haducanh1802@gmail.com','MALE','2024-09-16 00:00:00','DHKTPM16ETT','UNIVERSITY',1,'2024-08-10 14:55:04','2024-08-11 22:05:54','e4fe02cb-f2b0-4afa-885d-d1b93130d350'),('931bb132-5bbb-4594-8327-fced557c11f1','20086641','$2b$10$BV4h/ljHHWUywDXKwPcSE.roQtVcK1baR8pNS1JycROd2I5O/qOyW','L Duy Khnh','0398101219','khanhduy4569@gmail.com','MALE','2024-09-16 00:00:00','DHKTPM16ETT','UNIVERSITY',1,'2024-08-10 14:55:06','2024-08-12 06:52:56','e4fe02cb-f2b0-4afa-885d-d1b93130d350'),('94253996-9399-433b-92ed-1799c9c9bdcc','20095041','$2b$10$e6C/rKNMsPOilfj799f.A.nZXICW1ESNHicee5/VxDeTe3pNdeyYu','L Trng Ngha','0932659945','leetrongjnghiax0938225745@gmail.com','MALE','2024-09-16 00:00:00','DHKTPM16FTT','UNIVERSITY',1,'2024-08-10 14:55:07','2024-08-13 23:01:27','e4fe02cb-f2b0-4afa-885d-d1b93130d350'),('95f41313-3312-4c1a-88dd-585319215a26','20099491','$2b$10$BV4h/ljHHWUywDXKwPcSE.roQtVcK1baR8pNS1JycROd2I5O/qOyW','Nguyn Minh Duy','0793427848','duy19102018@gmail.com','MALE','2024-09-16 00:00:00','DHKTPM16A','UNIVERSITY',1,'2024-08-10 14:55:01','2024-08-12 11:49:32','e4fe02cb-f2b0-4afa-885d-d1b93130d350'),('968cd445-361a-42a5-a2f9-4102c0ed7c9a','20047921','$2b$10$BV4h/ljHHWUywDXKwPcSE.roQtVcK1baR8pNS1JycROd2I5O/qOyW','Phm S Thi','0911513297','phamsythai644@gmail.com','MALE','2024-09-16 00:00:00','DHKTPM16BTT','UNIVERSITY',1,'2024-08-10 14:55:07','2024-08-11 22:55:57','e4fe02cb-f2b0-4afa-885d-d1b93130d350'),('97917760-7493-44fa-819a-1d662ebdf1d6','19522351','$2b$10$BV4h/ljHHWUywDXKwPcSE.roQtVcK1baR8pNS1JycROd2I5O/qOyW','L Hong Lm','0327870728','lamle28082001@gmail.com','MALE','2024-09-16 00:00:00','DHKTPM15BTT','UNIVERSITY',1,'2024-08-10 14:55:08','2024-08-12 20:30:08','e4fe02cb-f2b0-4afa-885d-d1b93130d350'),('97ec31db-2be2-436b-8856-9a07335912c2','20045291','$2b$10$cQ/EN462Qe7KgZew1r2buuBbkKbbQPgYAoOtR9RiwD9egXdrenSA2','Nguyn Vn Chnh','0393210730','vanchanh0730@gmail.com','MALE','2024-09-16 00:00:00','DHKTPM16BTT','UNIVERSITY',1,'2024-08-10 14:55:05','2024-08-12 12:06:04','e4fe02cb-f2b0-4afa-885d-d1b93130d350'),('98c555ad-80bc-455c-aa8c-89b429fe6228','20067241','$2b$10$D1zHQzD7A2XNA.376eWOeOXtKjJIhOYDE2sH.Fruf33LUp.enugNO','Trn Quc Thnh','0975373560','tranthinh88zz@gmail.com','MALE','2024-09-16 00:00:00','DHKTPM16B','UNIVERSITY',1,'2024-08-10 14:55:03','2024-08-13 13:09:32','e4fe02cb-f2b0-4afa-885d-d1b93130d350'),('9ab7e37e-5454-4b44-89dd-0f75d30b9cd5','20065891','$2b$10$GJYtirmofqUhY1Qt2xvVteANjHCmgYyFe6U4eHiflvwYcpkkBjrhS','Hunh Vn Minh','0376993928','huynhvminhofficial@gmail.com','MALE','2024-09-16 00:00:00','DHKTPM16DTT','UNIVERSITY',1,'2024-08-10 14:55:06','2024-08-11 22:08:57','e4fe02cb-f2b0-4afa-885d-d1b93130d350'),('9ab87df6-5b25-43e5-a9fe-625967f4e02c','20027751','$2b$10$778SaIDQvNuMTmtxfiqZrOERskYXnALdb9wlJmLUrtCKy7HNxE9rW','Nguyn Th Thanh H','0797676243','nime63526332@gmail.com','FEMALE','2024-09-16 00:00:00','DHKTPM16ATT','UNIVERSITY',1,'2024-08-10 14:55:05','2024-08-12 09:33:40','e4fe02cb-f2b0-4afa-885d-d1b93130d350'),('9b0fe61a-6b55-40cc-9f77-64737e557b9d','20001375','$2b$10$JHrt66EoV.mJ.MxftvpdKO/Bc51qnzV.rRfSbr0Pwebxf4ufUCiQK','Trn Quc Vnh','0946565316','quocvinhtran.0212@gmail.com','MALE','2024-09-16 00:00:00','DHKTPM16B','UNIVERSITY',1,'2024-08-10 14:55:04','2024-08-14 08:05:24','e4fe02cb-f2b0-4afa-885d-d1b93130d350'),('9d58a303-892e-4f67-9350-5ddbc7493015','20047201','$2b$10$BV4h/ljHHWUywDXKwPcSE.roQtVcK1baR8pNS1JycROd2I5O/qOyW','Ng Nht Thi','0961306963','ngothai9a1@gmail.com','MALE','2024-09-16 00:00:00','DHKTPM16A','UNIVERSITY',1,'2024-08-10 14:55:03','2024-08-12 09:38:01','e4fe02cb-f2b0-4afa-885d-d1b93130d350'),('9e24b741-8a05-4dd8-9c2b-d84eb7cfd70f','20073801','$2b$10$BV4h/ljHHWUywDXKwPcSE.roQtVcK1baR8pNS1JycROd2I5O/qOyW','Phan Minh Ph','0833785780','phanminhphu4@gmail.com','MALE','2024-09-16 00:00:00','DHKTPM16DTT','UNIVERSITY',1,'2024-08-10 14:55:07','2024-08-13 00:31:11','e4fe02cb-f2b0-4afa-885d-d1b93130d350'),('a19d009d-b710-4636-a382-f203946bcafe','21116001','$2b$10$BV4h/ljHHWUywDXKwPcSE.roQtVcK1baR8pNS1JycROd2I5O/qOyW','Trn Vn Bnh','0375926965','binhpro50@gmail.com','MALE','2024-09-16 00:00:00','DHKTPM17C','UNIVERSITY',1,'2024-08-10 14:55:00','2024-08-11 22:29:10','e4fe02cb-f2b0-4afa-885d-d1b93130d350'),('a21538d4-0ebd-4726-b724-8ce085688e46','20070031','$2b$10$DcSfbTu93CHKJYQP1kb52unR0o21000HK/9NXChdovFHx4LR7tGUy','L Quc Phng',NULL,NULL,'MALE','2024-09-16 00:00:00','DHKTPM16A','UNIVERSITY',1,'2024-08-10 14:55:02','2024-08-11 22:08:47','e4fe02cb-f2b0-4afa-885d-d1b93130d350'),('a226851b-40fb-407c-8ab6-659916ecb893','20028911','$2b$10$zxgeVv0TCvJ.A45iabbOOuEvMmT9ck9x2TNprS3xElWPgiu6F8gZK','Hong Thnh Lu','0966345012','luuhoang06102002@gmail.com','MALE','2024-09-16 00:00:00','DHKTPM16ATT','UNIVERSITY',1,'2024-08-10 14:55:06','2024-08-11 22:05:25','e4fe02cb-f2b0-4afa-885d-d1b93130d350'),('a234df9b-c31c-4772-baf9-c1fe0fa828ff','20060341','$2b$10$DJWFkzgSItFh.tlBmooi7.u9PBehEfY5XFvDkJmLG0VfIABhC8zyy','Tran Thi Yen Nhi','0343375618','yennhi13402@gmail.com','FEMALE','2024-09-16 00:00:00','DHKTPM16A','UNIVERSITY',1,'2024-08-10 14:55:02','2024-08-12 09:29:15','e4fe02cb-f2b0-4afa-885d-d1b93130d350'),('a26014bb-d458-4abe-a916-5967889ed22e','20040301','$2b$10$50H5eRW6klajep/ffY4aT.awLT4cvmMS.Up2Hzy3T4b9nsCeGT.6.','V Ngc Minh An','0837710747','voongocminhan20072002@gmail.com','MALE','2024-09-16 00:00:00','DHKTPM16A','UNIVERSITY',1,'2024-08-10 14:55:00','2024-08-13 08:27:57','e4fe02cb-f2b0-4afa-885d-d1b93130d350'),('a290c8e6-7090-4e57-8bc5-724622030603','20116031','$2b$10$tAAJJfRWitxG/VHxfFMVF.TshRuZapY/S.ggYTf8VrdE3bTj8ID.G','V Tn t',NULL,NULL,'MALE','2024-09-16 00:00:00','DHKTPM16A','UNIVERSITY',1,'2024-08-10 14:55:01','2024-08-14 14:03:33','e4fe02cb-f2b0-4afa-885d-d1b93130d350'),('a29d0ba0-fe32-43d0-8496-24e25f7571a4','20002975','$2b$10$0mKRV4f50Mz7hL73E2FTdezfJ30/VQm6BUlqOTURzH4/cs1EMNoA6','Nguyn Vn Long','0812468155','longsky0912624119@gmail.com','MALE','2024-09-16 00:00:00','DHKTPM16B','UNIVERSITY',1,'2024-08-10 14:55:02','2024-08-11 22:45:58','e4fe02cb-f2b0-4afa-885d-d1b93130d350'),('a33bfa33-5e0d-4486-ad52-67ebaa4bde38','20119821','$2b$10$I0E0MMLyiEkhTltxn2RpEeuAdaJhmRVZ97hR98fReLn/hE4znZ9Ri','Phm Trung Vnh','0386934153','phamtrungvinh642002@gmail.com','MALE','2024-09-16 00:00:00','DHKTPM16B','UNIVERSITY',1,'2024-08-10 14:55:04','2024-08-13 22:08:19','e4fe02cb-f2b0-4afa-885d-d1b93130d350'),('a3d4d387-a0f9-4f34-8333-1c6ed7b10ac7','20043511','$2b$10$rd.YA4mpYB80r0b5/kz05OGxt1sV5Bt7ZKUCOa7hvoA40K/g2LFOa','Nguyn Thanh Hu','0774008406','ngthanhhau.dev@gmail.com','MALE','2024-09-16 00:00:00','DHKTPM16BTT','UNIVERSITY',1,'2024-08-10 14:55:05','2024-08-11 22:28:28','e4fe02cb-f2b0-4afa-885d-d1b93130d350'),('a45d0bd9-3a68-4bdc-a5d2-71539ab8f646','20013121','$2b$10$Q/bEpyx6Q6VyZoUjSKsv5Os5PpBEFqMHSQPA7himYy6uk1OXQR2fO','L Hong Hin','0383086271','hoanghienle69@gmail.com','MALE','2024-09-16 00:00:00','DHKTPM16ATT','UNIVERSITY',1,'2024-08-10 14:55:06','2024-08-11 22:06:05','e4fe02cb-f2b0-4afa-885d-d1b93130d350'),('a4d903da-f608-4a01-b547-d2b4b0238c94','20006611','$2b$10$2dVSATMLp/wUshF.BiOpdOOstxMDrBceSSn1o/Jvy954dt1ZbFREO','L Quc Thnh',NULL,NULL,'MALE','2024-09-16 00:00:00','DHKTPM16ATT','UNIVERSITY',1,'2024-08-10 14:55:07','2024-08-11 22:08:53','e4fe02cb-f2b0-4afa-885d-d1b93130d350'),('a52baf92-3754-4598-841b-1590d0e7dda8','20020761','$2b$10$MdplkAtyEAdwyYT0dMPYqeaPwrEn7Vtl8hoLV61q8PWG5awr0AmFy','V Lan Tng','0794336524','lantuonglearning@gmail.com','FEMALE','2024-09-16 00:00:00','DHKTPM16A','UNIVERSITY',1,'2024-08-10 14:55:04','2024-08-12 11:38:34','e4fe02cb-f2b0-4afa-885d-d1b93130d350'),('a60f844b-9747-4e07-8841-bc20a7b49775','20033501','$2b$10$BV4h/ljHHWUywDXKwPcSE.roQtVcK1baR8pNS1JycROd2I5O/qOyW','H Huy Hng','0929635572','hungro8102@gmail.com','MALE','2024-09-16 00:00:00','DHKTPM16B','UNIVERSITY',1,'2024-08-10 14:55:01','2024-08-11 22:06:53','e4fe02cb-f2b0-4afa-885d-d1b93130d350'),('a6987469-d1bd-4e00-9ddf-0371fbaaa386','20026291','$2b$10$1RwdS1oErN8kYTX7m4xQqOqWNCsndvQaJuvYxYNR69fWsB2ZZ/p9W','Phm Th Bch Ngc','0337823993','bngoc1792@gmail.com','FEMALE','2024-09-16 00:00:00','DHKTPM16B','UNIVERSITY',1,'2024-08-10 14:55:02','2024-08-11 22:14:36','e4fe02cb-f2b0-4afa-885d-d1b93130d350'),('a6d6c339-8bd8-47dd-8260-b489d22f09e9','20087651','$2b$10$EP7mK/Rb1m4cTEr/j9rLGOkklCezn4AqPmW/XscBpiENkqZ3dVBca','Ng Thin Ph','0348191482','phutot1111@gmail.com','MALE','2024-09-16 00:00:00','DHKTPM16ETT','UNIVERSITY',1,'2024-08-10 14:55:07','2024-08-11 22:42:26','e4fe02cb-f2b0-4afa-885d-d1b93130d350'),('a706b698-31ee-46fd-8f2c-14ab96765b6d','20106421','$2b$10$qcU2ltxsFVXh..g.dRglBeleYDVzfHFcauNVnLypJy4ujDbe6htGK','Nguyn Thanh Sn','0387866829','anhsonzzvn@gmail.com','MALE','2024-09-16 00:00:00','DHKTPM16A','UNIVERSITY',1,'2024-08-10 14:55:03','2024-08-12 14:24:35','e4fe02cb-f2b0-4afa-885d-d1b93130d350'),('a81b46dd-6a28-41af-9858-562143604923','20022361','$2b$10$Z0FWQ5l/X0flRoHeGQFuw.FotOe9WXvXuxZ713UaZtZ2aKLhMexUG','Bi Nht Duy',NULL,NULL,'MALE','2024-09-16 00:00:00','DHKTPM16ATT','UNIVERSITY',1,'2024-08-10 14:55:05','2024-08-14 19:58:08','e4fe02cb-f2b0-4afa-885d-d1b93130d350'),('a863e37b-ce18-4cb3-9053-a12d3d533826','20084581','$2b$10$Zk1BueMJSaWI23Z2GQ/wPOUXdjqjF/h9cj1kmU4vyh8OG6gflovUm','Vo Minh Toan','0326026288','toanlemale11234@gmail.com','MALE','2024-09-16 00:00:00','DHKTPM16ETT','UNIVERSITY',1,'2024-08-10 14:55:08','2024-08-14 09:18:39','e4fe02cb-f2b0-4afa-885d-d1b93130d350'),('a910a43f-13ae-403b-a4e9-9b46137b6582','20058761','$2b$10$ffATQWKlVq4GtB2MGVHnsuzxtdDZVEELcxuFP1XT3UZkQm992Z6KS','o Th Ngc Bch','0379046321','bichdao090202@gmail.com','FEMALE','2024-09-16 00:00:00','DHKTPM16B','UNIVERSITY',1,'2024-08-10 14:55:00','2024-08-11 22:22:46','e4fe02cb-f2b0-4afa-885d-d1b93130d350'),('a96aa37d-c7be-4934-85d1-c49ea75bb6f4','20098521','$2b$10$BV4h/ljHHWUywDXKwPcSE.roQtVcK1baR8pNS1JycROd2I5O/qOyW','H Hong Vn Anh','0768560034','vananh7702@gmail.com','FEMALE','2024-09-16 00:00:00','DHKTPM16B','UNIVERSITY',1,'2024-08-10 14:55:00','2024-08-11 22:46:29','e4fe02cb-f2b0-4afa-885d-d1b93130d350'),('aa374352-a867-4b0e-8bb0-87cf161f915a','20050241','$2b$10$9daoMKK36Z.jy6YZNniewObafkw9BWuInY1CN/Z.5gZDbsFWVjLuC','Trn Vn Bo',NULL,NULL,'MALE','2024-09-16 00:00:00','DHKTPM16BTT','UNIVERSITY',1,'2024-08-10 14:55:05','2024-08-12 12:05:08','e4fe02cb-f2b0-4afa-885d-d1b93130d350'),('aa510cdc-e9be-4350-8759-6c7616aa2605','20044381','$2b$10$BV4h/ljHHWUywDXKwPcSE.roQtVcK1baR8pNS1JycROd2I5O/qOyW','Lm B Phc','0778682417','lambaphuc@gmail.com','MALE','2024-09-16 00:00:00','DHKTPM16BTT','UNIVERSITY',1,'2024-08-10 14:55:07','2024-08-12 10:03:02','e4fe02cb-f2b0-4afa-885d-d1b93130d350'),('adcd9b79-1ef6-4bf1-a25f-93d85aa8f35a','20036851','$2b$10$yN36yiPcxfXQn14xAsB/k.n8XVDYjNAar8yGcCXwGobqpv2Xgtp0u','H c Lm','0352923442','hoduclam24082002hight@gmail.com','MALE','2024-09-16 00:00:00','DHKTPM16B','UNIVERSITY',1,'2024-08-12 23:24:32','2024-08-13 13:21:30','e4fe02cb-f2b0-4afa-885d-d1b93130d350'),('ae6568c8-7608-4fa7-9e1a-32fa8b6a4820','20015231','$2b$10$qvKbyhkKF/iYkaHN4dCnneiu8tXjmnO5fiTiFDlVHC9dvzccLAO0a','Chau a Vts',NULL,NULL,'MALE','2024-09-16 00:00:00','DHKTPM16B','UNIVERSITY',1,'2024-08-10 14:55:04','2024-08-11 22:04:09','e4fe02cb-f2b0-4afa-885d-d1b93130d350'),('ae8b0708-69f7-41ea-9eca-e6f9d890cbaa','20074581','$2b$10$WL9wW74j.YGiE1ZLan7z/.Sbn/R58uSUgAIizv1OlrYiDFltBDzoW','Trn Minh Tr','0965162057','tranminhtri9a1@gmail.com','MALE','2024-09-16 00:00:00','DHKTPM16A','UNIVERSITY',1,'2024-08-10 14:55:03','2024-08-11 22:36:43','e4fe02cb-f2b0-4afa-885d-d1b93130d350'),('af3af8f2-e3bc-4e1c-90d0-761cf888deae','19507901','$2b$10$FPhESSPgEuyxTAIu06C.N.mA8CJ2BR7OPkiVUR0BDgHgtAgSIiFdS','Phm Hu Lc','0362797727','ploc280301@gmail.com','MALE','2024-09-16 00:00:00','DHKTPM15A','UNIVERSITY',1,'2024-08-10 14:55:04','2024-08-13 21:49:08','e4fe02cb-f2b0-4afa-885d-d1b93130d350'),('b089dc35-0139-4b61-b781-fb52a4bc428b','20042851','$2b$10$r2PAQD20Jq3jbmB/rbs3b.GX2qo2kpkJDijjFBzfFkxu0Gq4ws0Qe','Nguyn Hong n','0339861053','hoangan.nguyen2002@gmail.com','MALE','2024-09-16 00:00:00','DHKTPM16BTT','UNIVERSITY',1,'2024-08-10 14:55:04','2024-08-12 06:26:18','e4fe02cb-f2b0-4afa-885d-d1b93130d350'),('b1aaadc2-3147-4770-b0d0-db3c7a4e8978','20054911','$2b$10$vOKOR3WBBV7MWmiQUcErxOfIcrfgPSOrIxMn8TIAI.qj5PSmEzC2W','Nguyn Thnh Doanh','0348968518','nguyenthanhdoanh191002@gmail.com','MALE','2024-09-16 00:00:00','DHKTPM16A','UNIVERSITY',1,'2024-08-10 14:55:01','2024-08-11 22:15:22','e4fe02cb-f2b0-4afa-885d-d1b93130d350'),('b1e7b123-7aab-4156-b2fd-7a4fa2b46e72','19474751','$2b$10$kleBAUkQNK7LF8eFtwd/hOY8l6rPRR/I.irhWgvivTI0.L1gacVMG','Trn Thin Long','0974419311','tranlongiuh@gmail.com','MALE','2024-09-16 00:00:00','DHKTPM15ATT','UNIVERSITY',1,'2024-08-10 14:55:08','2024-08-12 09:17:50','e4fe02cb-f2b0-4afa-885d-d1b93130d350'),('b30edaa5-401b-4827-9b75-0b3331247d3e','20084161','$2b$10$bgG212LzbK3MgGgrKkVQP.j6HKIU5SiBG5kNJCMZZwI2EW8edaI0K','Bch Vn Cng','0768486006','bachcuong27@gmail.com','MALE','2024-09-16 00:00:00','DHKTPM16ETT','UNIVERSITY',1,'2024-08-10 14:55:05','2024-08-11 22:41:38','e4fe02cb-f2b0-4afa-885d-d1b93130d350'),('b40f5271-5109-4c0d-882b-7e24342426ec','20085191','$2b$10$1e3k7bCe0RLd7sPSzBXr2uuHrxxfqhj/l9JFYo3iI1gfAjJ0AA5qu','Phan Trng An','0388123402','phanan1000@gmail.com','MALE','2024-09-16 00:00:00','DHKTPM16B','UNIVERSITY',1,'2024-08-10 14:55:00','2024-08-11 22:43:53','e4fe02cb-f2b0-4afa-885d-d1b93130d350'),('b448dd14-36e8-425e-874c-3aa68a6695c2','21092081','$2b$10$/2EskcxiGCnLM2uKP6HZXOKv2R6H/fQXMOj5k28MrQUFD95fyocL.','Nguyn Thnh Tn','0334127445','ngthanhtin68@gmail.com','MALE','2024-09-16 00:00:00','DHKTPM17C','UNIVERSITY',1,'2024-08-10 14:55:03','2024-08-12 20:11:35','e4fe02cb-f2b0-4afa-885d-d1b93130d350'),('b460461f-142c-4746-b326-d7fd614dc1cc','20070691','$2b$10$eml6OGPT24oeL3jf3oyu5.NkJvdb9zcJ3OM.d81egqb3V6kAA/5By','Ng Phi Long','0703017605','longpphingo123@gmail.com','MALE','2024-09-16 00:00:00','DHKTPM16DTT','UNIVERSITY',1,'2024-08-10 14:55:06','2024-08-12 02:36:10','e4fe02cb-f2b0-4afa-885d-d1b93130d350'),('b4eaa61d-fc5f-4aa8-8dca-391d9564965a','20072261','$2b$10$T0AGwhuxelK8zQZvNFvMAODnhwYTu.ggTv4e1vroymoVa90Tkspzm','Trn Bo Trc','0338030540','tranbaotruc2002bc@gmail.com','FEMALE','2024-09-16 00:00:00','DHKTPM16A','UNIVERSITY',1,'2024-08-10 14:55:03','2024-08-12 23:08:46','e4fe02cb-f2b0-4afa-885d-d1b93130d350'),('b7025e4a-7f30-4a76-a244-277e102483e4','20002835','$2b$10$ZK9IKMARKK7To9n3DgDIRu7TwxpOZOJulx4AVJoP2XtejdmiPqKMG','Trn nh Chng','0389094153','trandinhchuongcc@gmail.com','MALE','2024-09-16 00:00:00','DHKTPM16A','UNIVERSITY',1,'2024-08-10 14:55:01','2024-08-11 22:26:41','e4fe02cb-f2b0-4afa-885d-d1b93130d350'),('b78a32d5-4353-4c57-b793-74f68b8ea808','20051421','$2b$10$3Z2AIvCP9UG2BsTumfpkX.c1AJkVYO8LDu/2nNmWj3iYDgT6y0n1u','Lm Tr Vn','0387168549','lamvan30092002@gmail.com','MALE','2024-09-16 00:00:00','DHKTPM16BTT','UNIVERSITY',1,'2024-08-10 14:55:08','2024-08-12 00:04:10','e4fe02cb-f2b0-4afa-885d-d1b93130d350'),('b818f873-2f20-46f1-87bf-8c5ac8c9364e','20030131','$2b$10$rffwltgtzBShZItVxd3hMOv1w19o.3LzmHyK45a5pX0WJfsjUOAt.','Phm Ch Xun','0332787756','phamchixuan2002@gmail.com','MALE','2024-09-16 00:00:00','DHKTPM16B','UNIVERSITY',1,'2024-08-10 14:55:04','2024-08-11 22:12:06','e4fe02cb-f2b0-4afa-885d-d1b93130d350'),('b8d83a98-5769-4358-a5ba-709b77a3f750','20034921','$2b$10$V2NKJoI2ztpQKcdda9upveoVuFCm4P3Z1KgDOg/X780NvjzxOx4xm','Lng Vit Thanh',NULL,NULL,'MALE','2024-09-16 00:00:00','DHKTPM16ATT','UNIVERSITY',1,'2024-08-10 14:55:07','2024-08-12 10:56:34','e4fe02cb-f2b0-4afa-885d-d1b93130d350'),('ba08a42d-22aa-40d2-9a5b-ba135b364eab','20065261','$2b$10$BV4h/ljHHWUywDXKwPcSE.roQtVcK1baR8pNS1JycROd2I5O/qOyW','Nguyn Vit Ngc Thnh','0335184674','dylan.nguyenthinh@gmail.com','MALE','2024-09-16 00:00:00','DHKTPM16DTT','UNIVERSITY',1,'2024-08-10 14:55:07','2024-08-13 11:27:07','e4fe02cb-f2b0-4afa-885d-d1b93130d350'),('ba649e5b-8c28-4974-914b-1681aa872ab3','20089731','$2b$10$BV4h/ljHHWUywDXKwPcSE.roQtVcK1baR8pNS1JycROd2I5O/qOyW','V Tin c','0902491471','vutienduc26122002@gmail.com','MALE','2024-09-16 00:00:00','DHKTPM16ETT','UNIVERSITY',1,'2024-08-10 14:55:05','2024-08-13 21:56:10','e4fe02cb-f2b0-4afa-885d-d1b93130d350'),('bc4a3026-7fb8-481c-8705-45b276a65747','20047731','$2b$10$ToFAW.tpTpAn5uAnsAI/fu8fCmAqabbvD/YNyPlzrsMT1V/BSw/ge','Ng Ngc V','0337344134','ngongocvu668@gmail.com','MALE','2024-09-16 00:00:00','DHKTPM16A','UNIVERSITY',1,'2024-08-10 14:55:04','2024-08-12 11:30:29','e4fe02cb-f2b0-4afa-885d-d1b93130d350'),('bc6b5512-d7c3-4576-b53a-d7b7d854884d','20038061','$2b$10$inVbbrA6AHFwbvxjspHbCO2FUcIBALyjGZiOBimsgkLrto/83m7GG','Nguyn Nht Khanh','0916420671','khanhnhat24022002@gmail.com','MALE','2024-09-16 00:00:00','DHKTPM16A','UNIVERSITY',1,'2024-08-10 14:55:01','2024-08-12 19:25:02','e4fe02cb-f2b0-4afa-885d-d1b93130d350'),('bcd8e0a9-a325-4618-88b5-ad770e1b914e','20091481','$2b$10$BV4h/ljHHWUywDXKwPcSE.roQtVcK1baR8pNS1JycROd2I5O/qOyW','Phm Thanh Nht','0913531021','phamthanhnhat1232@gmail.com','MALE','2024-09-16 00:00:00','DHKTPM16ETT','UNIVERSITY',1,'2024-08-10 14:55:07','2024-08-12 09:26:43','e4fe02cb-f2b0-4afa-885d-d1b93130d350'),('bd388abf-7a4e-487f-bdc1-6d07cf9bfd91','20107041','$2b$10$womtddOj7PJiOMyUewmnBuer5yERiS0DsTglO9LndQuNjYDKKk.6u','Mai Th Thu Thy','0394492920','maithithuthuy2002@gmail.com','FEMALE','2024-09-16 00:00:00','DHKTPM16FTT','UNIVERSITY',1,'2024-08-10 14:55:07','2024-08-11 22:13:39','e4fe02cb-f2b0-4afa-885d-d1b93130d350'),('bf132310-d193-4d86-ad04-0e1e818d16a4','20067411','$2b$10$BV4h/ljHHWUywDXKwPcSE.roQtVcK1baR8pNS1JycROd2I5O/qOyW','Nguyn Cng Danh','0969184272','superdanhvip@gmail.com','MALE','2024-09-16 00:00:00','DHKTPM16DTT','UNIVERSITY',1,'2024-08-10 14:55:05','2024-08-13 11:13:05','e4fe02cb-f2b0-4afa-885d-d1b93130d350'),('bf195f2d-af4c-4234-aa19-924d07493790','20020331','$2b$10$BV4h/ljHHWUywDXKwPcSE.roQtVcK1baR8pNS1JycROd2I5O/qOyW','Nguyn Ch Cng','0367483370','chicuong11042002@gmail.com','MALE','2024-09-16 00:00:00','DHKTPM16B','UNIVERSITY',1,'2024-08-10 14:55:01','2024-08-13 16:09:21','e4fe02cb-f2b0-4afa-885d-d1b93130d350'),('bf2e3a4b-5e08-4bb2-8c87-0dcfd6a0b117','21138281','$2b$10$pcvE76LwhepoZAAhLVwCO.0uk6hoC/AS8NFlL61qPg2AB30m2vfwa','Nguyn Hng Sn','0935201508','hongsonit10@gmail.com','MALE','2024-09-16 00:00:00','DHKTPM17C','UNIVERSITY',1,'2024-08-10 14:55:03','2024-08-11 22:07:05','e4fe02cb-f2b0-4afa-885d-d1b93130d350'),('bf5cdeca-63a0-40c1-93e4-3327da0fd8ab','20053561','$2b$10$Yh4fIfODtjB9/QlOyfCmMOkO2uxQYd7xAsJsNJCI3O3UCnASvgXgK','H Quc Huy','0785955399','hoquochuy911@gmail.com','MALE','2024-09-16 00:00:00','DHKTPM16CTT','UNIVERSITY',1,'2024-08-10 14:55:06','2024-08-11 22:10:57','e4fe02cb-f2b0-4afa-885d-d1b93130d350'),('c113ef00-6ef6-420a-8910-24c8faa0654f','20078481','$2b$10$BV4h/ljHHWUywDXKwPcSE.roQtVcK1baR8pNS1JycROd2I5O/qOyW','Trng Tun Kit','0336088540','tuankietbmy@gmail.com','MALE','2024-09-16 00:00:00','DHKTPM16B','UNIVERSITY',1,'2024-08-10 14:55:02','2024-08-12 18:58:48','e4fe02cb-f2b0-4afa-885d-d1b93130d350'),('c1b0e79e-00aa-4dd8-af3f-b6bbabf17ca3','20022531','$2b$10$RCYqpPmii1YP3vsDUlTwU.HL9p1jvtk/nhU.X2.cola61Z2MPvHKu','V Trng Ti','0373098501','vtt8102002@gmail.com','MALE','2024-09-16 00:00:00','DHKTPM16ATT','UNIVERSITY',1,'2024-08-10 14:55:07','2024-08-11 23:42:40','e4fe02cb-f2b0-4afa-885d-d1b93130d350'),('c1fa2ba0-ebb0-46c4-ad9f-f6c79ce57d4c','20002865','$2b$10$..0oRR2iJ9nooF6c128BkeZTHq0lxlvf911hBAUW1rdLGaDuo156e','Nguyen Van Vu','0327060328','nguyenvanvu20020814@gmail.com','MALE','2024-09-16 00:00:00','DHKTPM16B','UNIVERSITY',1,'2024-08-10 14:55:04','2024-08-13 21:57:39','e4fe02cb-f2b0-4afa-885d-d1b93130d350'),('c4a9713c-35d3-4eb6-9b87-e10bf6107b84','20049891','$2b$10$BV4h/ljHHWUywDXKwPcSE.roQtVcK1baR8pNS1JycROd2I5O/qOyW','Nguyn Vn Sn',NULL,NULL,'MALE','2024-09-16 00:00:00','DHKTPM16B','UNIVERSITY',1,'2024-08-10 14:55:03','2024-08-10 14:55:03','e4fe02cb-f2b0-4afa-885d-d1b93130d350'),('c57791d3-04ae-446f-b85a-6a91d50ce09b','20058311','$2b$10$k2ldcqrkAHq80NEBFsMLzObPLiqLPkfD.Jgp/nyWvF13Ph9Uuq6lC','Nguyn Vn Nht Trng','0345709762','nguyenvannhattruong2002@gmail.com','MALE','2024-09-16 00:00:00','DHKTPM16CTT','UNIVERSITY',1,'2024-08-10 14:55:08','2024-08-12 20:32:24','e4fe02cb-f2b0-4afa-885d-d1b93130d350'),('c66403ed-6eaf-4833-800f-74a39b4a17ec','20072511','$2b$10$gOYdcJe1ruuwTByTuSgUQOdGiAWmcpoAd0xF1DeGP27yGGQqXKas2','Trn Bnh Trng','0366581227','trong2002tran@gmail.com','MALE','2024-09-16 00:00:00','DHKTPM16A','UNIVERSITY',1,'2024-08-10 14:55:03','2024-08-13 20:04:02','e4fe02cb-f2b0-4afa-885d-d1b93130d350'),('c6d4f066-263f-4e00-8517-4d025e659cce','20065421','$2b$10$9ybkyCPGM/xl59St4tXLS.T4jbi3tMCylKFDSrtTcZ3nHo/L0ed.6','Nguyn L Ch i','0776785024','chidai2411202@gmail.com','MALE','2024-09-16 00:00:00','DHKTPM16DTT','UNIVERSITY',1,'2024-08-10 14:55:05','2024-08-14 07:21:40','e4fe02cb-f2b0-4afa-885d-d1b93130d350'),('c7232813-9e34-47ee-8421-2f44d84d4f8d','21023911','$2b$10$luHUxiAoNTBNZnXzej0V9uW6yuPjTidbgs7Xzm0fSqfmT3eqJkGzS','La Minh Tm',NULL,NULL,'MALE','2024-09-16 00:00:00','DHKTPM17A','UNIVERSITY',1,'2024-08-10 14:55:03','2024-08-11 22:03:21','e4fe02cb-f2b0-4afa-885d-d1b93130d350'),('c73d5371-ba18-4f73-95e8-8cfd5c1ce063','20106371','$2b$10$d24vo63zWrBcMPonTfxOY.ENGNKf/xT9v5Vl0wpQlmOzDQcB3lEmi','Nguyn Vn Hong','0944268988','ngvanhoang1409@gmail.com','MALE','2024-09-16 00:00:00','DHKTPM16A','UNIVERSITY',1,'2024-08-10 14:55:01','2024-08-12 09:40:22','e4fe02cb-f2b0-4afa-885d-d1b93130d350'),('c7516112-3998-4717-bd94-ff9e11da78e5','20121031','$2b$10$dcV6BvQMic15YDus83mrDulh/ZHLKz.Y70BRWu9pzlBxeFrJKyCja','Trn Tr Nhn','0767596132','nhantran2760@gmail.com','MALE','2024-09-16 00:00:00','DHKTPM16B','UNIVERSITY',1,'2024-08-10 14:55:02','2024-08-11 22:05:27','e4fe02cb-f2b0-4afa-885d-d1b93130d350'),('c884ad98-0179-4f2a-aca5-be5bb2d64c56','20064031','$2b$10$A7M6p5oYOhE5G2DtZ4NdMu/Biz210SS1zpt0GiGxgr1LLJeWaz0Hu','Bi Ngc Tng','0363922399','buingoctung1990@gmail.com','MALE','2024-09-16 00:00:00','DHKTPM16B','UNIVERSITY',1,'2024-08-10 14:55:04','2024-08-11 23:16:24','e4fe02cb-f2b0-4afa-885d-d1b93130d350'),('cd70925e-28ba-4d06-bf2a-2275fe6ce1b8','20127201','$2b$10$BV4h/ljHHWUywDXKwPcSE.roQtVcK1baR8pNS1JycROd2I5O/qOyW','Trn L Huy','0902414929','tranlehuy0407@gmail.com','MALE','2024-09-16 00:00:00','DHKTPM16A','UNIVERSITY',1,'2024-08-10 14:55:01','2024-08-11 22:47:22','e4fe02cb-f2b0-4afa-885d-d1b93130d350'),('cdf84a59-ea99-495e-806e-0b53bbb8c470','20093191','$2b$10$gyVgh0Q/3q78jnIiS7mxMOCdQ6YbzhMhAKbdRHGXJI4dlOjK8cqQe','Thi Quang Bo','0916868340','boishiro2002@gmail.com','MALE','2024-09-16 00:00:00','DHKTPM16ETT','UNIVERSITY',1,'2024-08-10 14:55:05','2024-08-11 22:09:47','e4fe02cb-f2b0-4afa-885d-d1b93130d350'),('ce831524-6711-4c92-ab14-e63666b803c1','20001565','$2b$10$Lji5BvMZ3J03qxBgmPs1muEcnHv4k3P9IPfIiqBEsuvA7if7IFjSC','V Th Kit','0974034565','vutuankiet20022@gmail.com','MALE','2024-09-16 00:00:00','DHKTPM16A','UNIVERSITY',1,'2024-08-10 14:55:02','2024-08-11 22:04:36','e4fe02cb-f2b0-4afa-885d-d1b93130d350'),('cf4f5a91-404f-4309-8035-d7bc2b3dc874','21089141','$2b$10$.uc.oRxzqXso0QYwBZO2uue4dew8PpO2d5eh6Aa2O5CZgDrvQU73S','L Minh Quang','0364835692','lmqiuhdev@gmail.com','MALE','2024-09-16 00:00:00','DHKTPM17C','UNIVERSITY',1,'2024-08-10 14:55:03','2024-10-23 22:43:48','e4fe02cb-f2b0-4afa-885d-d1b93130d350'),('d1044f54-950c-4a93-b94e-421880d38edf','20040331','$2b$10$yADacpAkjZtK/zoCvcWMkOMQmOtBBwV1S5QrAuSoWn/1c0bSZCpV.','L Thanh Ton','0329623380','thanhtoan84200226@gmail.com','MALE','2024-09-16 00:00:00','DHKTPM16A','UNIVERSITY',1,'2024-08-10 14:55:03','2024-08-12 15:59:19','e4fe02cb-f2b0-4afa-885d-d1b93130d350'),('d107000c-8196-4634-b2f3-5a1f2a5edeb5','20095971','$2b$10$TVtRVCoUZXYaiLb9uyWRae/MFZc7c5LOKEjZc4AnrRNBV6.vB091S','Nguyn Thanh Khoa','0374858237','nguyenthanhkhoa8888@gmail.com','MALE','2024-09-16 00:00:00','DHKTPM16FTT','UNIVERSITY',1,'2024-08-10 14:55:06','2024-08-11 22:05:38','e4fe02cb-f2b0-4afa-885d-d1b93130d350'),('d179f3e8-9934-4794-84b8-f4b1d9969c94','20022621','$2b$10$BV4h/ljHHWUywDXKwPcSE.roQtVcK1baR8pNS1JycROd2I5O/qOyW','V Minh Chin',NULL,NULL,'MALE','2024-09-16 00:00:00','DHKTPM16ATT','UNIVERSITY',1,'2024-08-10 14:55:05','2024-08-10 14:55:05','e4fe02cb-f2b0-4afa-885d-d1b93130d350'),('d1aae576-4e92-46ee-8135-173552b51e03','20083661','$2b$10$szJw71vVaShpfuxUyVFPqeBw8ulJvhp8xwN7l15dbSRS7yovBWL6C','Trn Th Thnh','0387097651','tranthethanh852002@gmail','MALE','2024-09-16 00:00:00','DHKTPM16ETT','UNIVERSITY',1,'2024-08-10 14:55:07','2024-08-12 08:59:31','e4fe02cb-f2b0-4afa-885d-d1b93130d350'),('d1f1a736-e298-446e-ac78-a5cba7146bae','20082681','$2b$10$BV4h/ljHHWUywDXKwPcSE.roQtVcK1baR8pNS1JycROd2I5O/qOyW','Nguyn Trng Tr','0852484895','nguyentrongtri48@gmail.com','MALE','2024-09-16 00:00:00','DHKTPM16B','UNIVERSITY',1,'2024-08-10 14:55:03','2024-08-12 05:39:40','e4fe02cb-f2b0-4afa-885d-d1b93130d350'),('d23b8deb-99b8-42f5-90e7-9632a82c8783','20037361','$2b$10$eD517d6SJts3fRpEBrrWJOQEr4t9.nE1svuq.4a/35W2oKH0Lre36','L Thin Ngha','0326711384','lethiennghia1705@gmail.com','MALE','2024-09-16 00:00:00','DHKTPM16A','UNIVERSITY',1,'2024-08-10 14:55:02','2024-08-12 16:37:00','e4fe02cb-f2b0-4afa-885d-d1b93130d350'),('d2c576cc-174f-4817-bdc8-16e12614a018','20001845','$2b$10$OoSRR2BB0ywR2XIhFWcGMuDJSqgUx1CpCDBm1y7myer3nE2wsjtoW','ng Duy H ip','0344037974','dangduyhodiep250102@gmail.cpm','MALE','2024-09-16 00:00:00','DHKTPM16A','UNIVERSITY',1,'2024-08-12 23:24:32','2024-08-14 07:16:59','e4fe02cb-f2b0-4afa-885d-d1b93130d350'),('d478d127-2f10-4e5f-828c-c3314096ccda','20111311','$2b$10$IbVtQW6gBT0XohyOmxkixuNpCGI0ACD/q5S3o/SvkZ9G.z6aGnJeK','Nguyn Tun Hip','0339717894','bohiepdzz1@gmail.com','MALE','2024-09-16 00:00:00','DHKTPM16B','UNIVERSITY',1,'2024-08-12 23:24:32','2024-08-13 11:02:41','e4fe02cb-f2b0-4afa-885d-d1b93130d350'),('d5fe58fe-9c03-4086-9e51-8159b7729cdb','20083581','$2b$10$Fg18zkjaevcfymVTqfbZbOvDqZdW00x/dhnWw7aYzslDy0jMHpQb2','L Quang Minh','0941432773','jjjminh123jjj@gmail.com','MALE','2024-09-16 00:00:00','DHKTPM16ETT','UNIVERSITY',1,'2024-08-10 14:55:07','2024-08-11 22:20:26','e4fe02cb-f2b0-4afa-885d-d1b93130d350'),('d7b189d5-3010-4b05-aa3a-267b546664c4','20010211','$2b$10$RFEkt/5gZTYs.gYZyWg9ouNgR5AYGiY6.4JhHazcWrYIOa8siTiwG','Hunh Minh Th','0377254836','huynhminhthu860@gmail.com','MALE','2024-09-16 00:00:00','DHKTPM16B','UNIVERSITY',1,'2024-08-10 14:55:03','2024-08-11 22:05:39','e4fe02cb-f2b0-4afa-885d-d1b93130d350'),('d807351f-601f-4245-a300-0b5fdc29da05','20069161','$2b$10$w6TOq4Iv6gG2AQo9wQ7jjecGhlprotX/8cfQruPtYc8SgHPHZu5fC','Nguyn Vn Thun','0797740900','thuannguyen242135@gmail.com','MALE','2024-09-16 00:00:00','DHKTPM16A','UNIVERSITY',1,'2024-08-10 14:55:03','2024-08-11 22:05:23','e4fe02cb-f2b0-4afa-885d-d1b93130d350'),('d81b8cf3-ab35-43d5-b88c-d9d85202b59c','20049601','$2b$10$BV4h/ljHHWUywDXKwPcSE.roQtVcK1baR8pNS1JycROd2I5O/qOyW','L Hu Bng','0837699806','huubangle20002@gmail.com','MALE','2024-09-16 00:00:00','DHKTPM16A','UNIVERSITY',1,'2024-08-10 14:55:00','2024-08-11 22:16:32','e4fe02cb-f2b0-4afa-885d-d1b93130d350'),('d91c9430-c8ee-457a-b762-7ca34ab9143e','20052571','$2b$10$3cpJdMehbULFhsNEr1hX1emmAjRZva8.2nYzrXZ6sdV0xR9vZUs7W','L Minh Hong','0338373512','hoangle1533@gmail.com','MALE','2024-09-16 00:00:00','DHKTPM16CTT','UNIVERSITY',1,'2024-08-10 14:55:06','2024-08-11 22:07:05','e4fe02cb-f2b0-4afa-885d-d1b93130d350'),('da0c4d7e-1b70-43ee-9eb2-bf087272990a','20014641','$2b$10$fqHBI.hNPiqPM8YN.bwaseeX2ynSP.yrYWaLrMS0FxWGz1zTwleiC','V Nguyn Thanh T','0329675269','thanhtu612222@gmail.com','MALE','2024-09-16 00:00:00','DHKTPM16B','UNIVERSITY',1,'2024-08-10 14:55:04','2024-08-11 22:44:51','e4fe02cb-f2b0-4afa-885d-d1b93130d350'),('dbe8b6e3-02b7-4ae3-a671-5e48c28409bc','20040631','$2b$10$BV4h/ljHHWUywDXKwPcSE.roQtVcK1baR8pNS1JycROd2I5O/qOyW','Le Tat Dinh','0943483739','dinhlt2701@gmail.com','MALE','2024-09-16 00:00:00','DHKTPM16BTT','UNIVERSITY',1,'2024-08-10 14:55:05','2024-08-13 15:34:55','e4fe02cb-f2b0-4afa-885d-d1b93130d350'),('dc09dd98-26fe-408f-9e9c-8bcc65b80027','20002111','$2b$10$ZBVToKrjiMom73Kv2EJPrOnD.kW/ikbv8bx6S/MjlTBgEfeYEFify','Hunh Anh Khi','0786109160','anhkhoi2052001@gmail.com','MALE','2024-09-16 00:00:00','DHKTPM16B','UNIVERSITY',1,'2024-08-10 14:55:02','2024-08-13 21:15:49','e4fe02cb-f2b0-4afa-885d-d1b93130d350'),('dc5138fd-28d7-4374-a726-2dc3bd701eb9','20077681','$2b$10$BYKw1WG8.nrU/zltBlHBx.8Ytqz2r41tKh7cZuIx8BrentGld0MhO','Nguyn c Tai',NULL,NULL,'MALE','2024-09-16 00:00:00','DHKTPM16A','UNIVERSITY',1,'2024-08-10 14:55:03','2024-08-11 22:07:05','e4fe02cb-f2b0-4afa-885d-d1b93130d350'),('dc522545-7df8-4bd9-b4e4-099b080cf393','20109271','$2b$10$Yp0VxCHtvIPLrCJSjvwNc.OHjQyLx17aVrLMdYt.CX.7bKqPiCtH.','Phm Vn Hu','0375684441','phamvanhau692002vip@gmail.com','MALE','2024-09-16 00:00:00','DHKTPM16FTT','UNIVERSITY',1,'2024-08-10 14:55:05','2024-08-14 07:20:40','e4fe02cb-f2b0-4afa-885d-d1b93130d350'),('ddb8e583-2213-44fa-949b-8941212189ef','20052381','$2b$10$Ds8fTsELudRPY98Y8sSFMe3NLc3yJQBzDAd.vmDi0v4HB6BmTBNWS','Nguyn Hong Tun','0377197374','tuanxyz113@gmail.com','MALE','2024-09-16 00:00:00','DHKTPM16CTT','UNIVERSITY',1,'2024-08-10 14:55:08','2024-08-11 22:07:00','e4fe02cb-f2b0-4afa-885d-d1b93130d350'),('ddeadfc5-79da-4be6-bb61-84f80612b984','20069861','$2b$10$78NcpEylx/VQBtwR0c31ouE1y.EtM0tK84dV0j7dQ6mO4Xwl3foUW','Phm H Nam','0333660652','pnam55588@gmail.com','MALE','2024-09-16 00:00:00','DHKTPM16A','UNIVERSITY',1,'2024-08-10 14:55:02','2024-08-12 08:11:03','e4fe02cb-f2b0-4afa-885d-d1b93130d350'),('df90f322-b79f-4d2f-b8fd-0e25bd2fe913','20065391','$2b$10$JybXTCrSz8l2ABLB4V/6ZuEFKngS3rbHn6VIuNN.drUp0RRb4vUQ.','Trn Hong Long','0375530588','tranhoanglong839@gmail.com','MALE','2024-09-16 00:00:00','DHKTPM16DTT','UNIVERSITY',1,'2024-08-10 14:55:06','2024-08-11 22:47:06','e4fe02cb-f2b0-4afa-885d-d1b93130d350'),('dff79a9a-fc58-4303-bc16-6a60a89cd499','20012781','$2b$10$BV4h/ljHHWUywDXKwPcSE.roQtVcK1baR8pNS1JycROd2I5O/qOyW','Phan Hoi An','0332530656','phanhoaian09006@gmail.com','MALE','2024-09-16 00:00:00','DHKTPM16A','UNIVERSITY',1,'2024-08-10 14:55:00','2024-08-12 08:35:09','e4fe02cb-f2b0-4afa-885d-d1b93130d350'),('edb049f6-1610-4d4f-8f74-2c21aa2879a3','20036311','$2b$10$vyUabXFVaVVpAGMdtpuCcuGj5J4yaTmzFzNJPl2RXrrWTowgUfDY6','Trn Quang Hin',NULL,NULL,'MALE','2024-09-16 00:00:00','DHKTPM16B','UNIVERSITY',1,'2024-08-10 14:55:01','2024-08-11 22:09:56','e4fe02cb-f2b0-4afa-885d-d1b93130d350'),('f0798946-bc7b-401b-972d-cff44a2047a9','20041021','$2b$10$r2IhNZtQC9KmKNVs.NRKQ.JAigVfm0de2gfgoN47HJuUXg1TPtQCy','Nguyn H Duy ng','0354142887','duydong19032002@gmail.com','MALE','2024-09-16 00:00:00','DHKTPM16BTT','UNIVERSITY',1,'2024-08-10 14:55:05','2024-08-11 22:05:16','e4fe02cb-f2b0-4afa-885d-d1b93130d350'),('f2323666-c342-4d84-a8a8-796e57fd72fb','20024591','$2b$10$c0qS47f0o9CxhmZ9STreSuXZm.cXODatv96h3SCWh5BFpv6dlOJCq','Cao Trng Dng','0368636452','caotrungduong11@gmail.com','MALE','2024-09-16 00:00:00','DHKTPM16B','UNIVERSITY',1,'2024-08-10 14:55:01','2024-08-11 22:11:03','e4fe02cb-f2b0-4afa-885d-d1b93130d350'),('f34d1e50-fcad-44eb-b9b0-466b824311aa','20114441','$2b$10$1vR8KltjXTBxoRkTWy1fZ.uzCvk3j.2ZBGYeK8aSn36dlbpVzDwUG','Phm B Bc','0358387495','bacphamba082@gmail.com','MALE','2024-09-16 00:00:00','DHKTPM16A','UNIVERSITY',1,'2024-08-10 14:55:00','2024-08-11 22:05:52','e4fe02cb-f2b0-4afa-885d-d1b93130d350'),('f36d0bba-0dcd-435c-b126-cf9c6d1c8834','20077061','$2b$10$BV4h/ljHHWUywDXKwPcSE.roQtVcK1baR8pNS1JycROd2I5O/qOyW','Trng Minh Hu','0775734129','minhhuu0705@gmail.com','MALE','2024-09-16 00:00:00','DHKTPM16DTT','UNIVERSITY',1,'2024-08-10 14:55:06','2024-08-11 22:28:08','e4fe02cb-f2b0-4afa-885d-d1b93130d350'),('f458ac90-99ab-4d96-810a-e776b9ed34ef','20068861','$2b$10$LSa6b6I7w9S0VAFOEDrW/OJBFelDnB1NVe3TGDM1odChR0e5G5ASG','Nguyn nh Hong Anh','0981972551','ndha1115@gmail.com','MALE','2024-09-16 00:00:00','DHKTPM16A','UNIVERSITY',1,'2024-08-10 14:55:00','2024-08-14 06:57:52','e4fe02cb-f2b0-4afa-885d-d1b93130d350'),('f4a9208f-08ba-4d1e-82ec-32b4578fd1e5','20046761','$2b$10$yq51ue4ZQ2WTVRIILqVIaOtN9OYYnV.yB441NzTrp7g/EE8jbd6z.','T Hiu ng','0859505384','hieudong.dongthanh@gmail.com','MALE','2024-09-16 00:00:00','DHKTPM16A','UNIVERSITY',1,'2024-08-10 14:55:01','2024-08-11 22:12:09','e4fe02cb-f2b0-4afa-885d-d1b93130d350'),('f75f903e-661e-42fc-82e7-917da7a8425d','19480811','$2b$10$BV4h/ljHHWUywDXKwPcSE.roQtVcK1baR8pNS1JycROd2I5O/qOyW','L B Hong','0325263301','bahoang655@gmail.com','MALE','2024-09-16 00:00:00','DHKTPM15A','UNIVERSITY',1,'2024-08-10 14:55:04','2024-08-11 22:59:36','e4fe02cb-f2b0-4afa-885d-d1b93130d350'),('f7dc47ed-b9d0-41e9-8db7-4300660655cf','20056101','$2b$10$BV4h/ljHHWUywDXKwPcSE.roQtVcK1baR8pNS1JycROd2I5O/qOyW','Nhan Tn t','0798908694','nhantandat.2002@gmail.com','MALE','2024-09-16 00:00:00','DHKTPM16CTT','UNIVERSITY',1,'2024-08-10 14:55:05','2024-08-11 22:19:14','e4fe02cb-f2b0-4afa-885d-d1b93130d350'),('f8ce9576-4b8a-4677-ab37-4d0489721e7c','20032381','$2b$10$oW2zZ6KLXrXIU5FPnmRJ8OTTScMcSBWqYFE2vxbmTSUG5/HnzhLNO','Nguyn Quc Trung','0337053373','nguyenquoctrung020525@gmail.com','MALE','2024-09-16 00:00:00','DHKTPM16B','UNIVERSITY',1,'2024-08-10 14:55:04','2024-08-14 18:26:44','e4fe02cb-f2b0-4afa-885d-d1b93130d350'),('f91679b9-893d-4be2-844e-48b1eef87f66','20002425','$2b$10$.nSOhIflrDEzDqB4vJJSB.MOsnmdhtEF5lMQHmVVYbsQwd0Ycwj12','Hong Th Ngc Nh','0386875494','htngocnhu2208@gmail.com','FEMALE','2024-09-16 00:00:00','DHKTPM16B','UNIVERSITY',1,'2024-08-12 23:24:32','2024-08-13 11:02:56','e4fe02cb-f2b0-4afa-885d-d1b93130d350'),('f97418c9-87fd-41ce-9344-cfec13ed7b5c','20068451','$2b$10$1kR.3yj5WKxi24kH3sQlG.ohYXbALVoODUt5.nciR9ZBQ3Xms42i2','Lng Trn Gia Bo','0932015536','lionelbao2002@gmail.com','MALE','2024-09-16 00:00:00','DHKTPM16DTT','UNIVERSITY',1,'2024-08-10 14:55:04','2024-08-11 22:08:58','e4fe02cb-f2b0-4afa-885d-d1b93130d350'),('fb98d76d-3d57-4620-8888-c3e01ff85acd','20102201','$2b$10$/UAbzGHcL.CrweszI5GWBOVfZ4dxVeBVIrq0BIQ4G/00t1yR88Ta.','Nguyn Quc Duy','0919710981','nguyenquocduy1912@gmail.com','MALE','2024-09-16 00:00:00','DHKTPM16B','UNIVERSITY',1,'2024-08-10 14:55:01','2024-08-11 22:11:44','e4fe02cb-f2b0-4afa-885d-d1b93130d350'),('fbbbe222-9de7-4f83-99fa-498eca367de8','20040831','$2b$10$BV4h/ljHHWUywDXKwPcSE.roQtVcK1baR8pNS1JycROd2I5O/qOyW','Nguyn Minh Nht','0855889503','minhnhat.03091993@gmail.com','MALE','2024-09-16 00:00:00','DHKTPM16BTT','UNIVERSITY',1,'2024-08-10 14:55:07','2024-08-12 10:01:32','e4fe02cb-f2b0-4afa-885d-d1b93130d350'),('fc792181-edaf-4291-929b-14b79c4173c4','20019561','$2b$10$CmZxehLaOXyLfELJIJUVtepL2gN2Noa2Ev3IT/F7d5OjBMcWBjrha','Nguyn Thanh Tm',NULL,NULL,'MALE','2024-09-16 00:00:00','DHKTPM16A','UNIVERSITY',1,'2024-08-10 14:55:03','2024-08-11 22:15:52','e4fe02cb-f2b0-4afa-885d-d1b93130d350'),('fca720ea-490e-4402-8933-c901af743ec3','20060351','$2b$10$7/04xQ9CwVpLbGlmqvX.OeYiJLfol3Bb/uDcHvPqOaeYy9mwaJze2','Phm Vit Nht','0563395235','vietnhat0351@gmail.com','MALE','2024-09-16 00:00:00','DHKTPM16B','UNIVERSITY',1,'2024-08-10 14:55:02','2024-08-12 08:57:16','e4fe02cb-f2b0-4afa-885d-d1b93130d350'),('fd1fc558-16a0-4dc0-8096-896d625d70da','20040391','$2b$10$S01D/qJRmpusPqCQuqT89ePdVJvBWlL9nzs4IoxaeIMWoWOCj/7GW','Kiu Th Thy Dng','0901229693','kieuduong2k2@gmail.com','FEMALE','2024-09-16 00:00:00','DHKTPM16BTT','UNIVERSITY',1,'2024-08-10 14:55:05','2024-08-11 22:53:19','e4fe02cb-f2b0-4afa-885d-d1b93130d350');
/*!40000 ALTER TABLE `students` ENABLE KEYS */;
UNLOCK TABLES;

--
-- Table structure for table `term_details`
--

DROP TABLE IF EXISTS `term_details`;
/*!40101 SET @saved_cs_client     = @@character_set_client */;
/*!50503 SET character_set_client = utf8mb4 */;
CREATE TABLE `term_details` (
  `id` char(36) CHARACTER SET utf8mb4 COLLATE utf8mb4_bin NOT NULL,
  `name` enum('CHOOSE_GROUP','PUBLIC_TOPIC','CHOOSE_TOPIC','DISCUSSION','REPORT','PUBLIC_RESULT') NOT NULL,
  `start_date` datetime NOT NULL,
  `end_date` datetime NOT NULL,
  `created_at` datetime NOT NULL,
  `updated_at` datetime NOT NULL,
  `term_id` char(36) CHARACTER SET utf8mb4 COLLATE utf8mb4_bin DEFAULT NULL,
  PRIMARY KEY (`id`),
  KEY `term_id` (`term_id`),
  CONSTRAINT `term_details_ibfk_1` FOREIGN KEY (`term_id`) REFERENCES `terms` (`id`) ON DELETE SET NULL ON UPDATE CASCADE
) ENGINE=InnoDB DEFAULT CHARSET=utf8mb4 COLLATE=utf8mb4_0900_ai_ci;
/*!40101 SET character_set_client = @saved_cs_client */;

--
-- Dumping data for table `term_details`
--

LOCK TABLES `term_details` WRITE;
/*!40000 ALTER TABLE `term_details` DISABLE KEYS */;
INSERT INTO `term_details` VALUES ('02360a80-0478-4fb1-8b2d-3334354a5099','CHOOSE_GROUP','2024-08-10 07:00:00','2024-10-12 15:18:39','2024-07-25 18:29:00','2024-10-11 15:18:18','8fb8fbda-37ed-4861-a3a2-236500e62ee6'),('0569bafe-b2bf-4bea-aa83-3455c9eaa4c2','CHOOSE_GROUP','2024-08-10 00:00:00','2024-12-26 00:00:00','2024-10-25 08:19:01','2024-10-25 08:19:01','f06c31af-5539-46ea-aa03-ef9ed3edba20'),('1e34f198-3737-484c-b1ba-d23766650f31','PUBLIC_TOPIC','2024-08-10 00:00:00','2024-12-26 00:00:00','2024-10-25 08:23:21','2024-10-25 08:23:21','67419e34-0037-4600-b495-2c2d7443b583'),('305ae2f9-944c-4982-8a08-48dfb75506a6','CHOOSE_TOPIC','2024-08-10 00:00:00','2024-12-26 00:00:00','2024-10-25 08:23:21','2024-10-25 08:23:21','67419e34-0037-4600-b495-2c2d7443b583'),('3d81f3ae-8807-4b44-9706-60591ad3d971','CHOOSE_GROUP','2024-08-10 00:00:00','2024-12-26 00:00:00','2024-10-25 08:23:21','2024-10-25 08:23:21','67419e34-0037-4600-b495-2c2d7443b583'),('404c2b71-9d2f-4ac1-ad67-dab19d3836da','PUBLIC_RESULT','2024-08-10 00:00:00','2024-12-26 00:00:00','2024-10-25 08:19:01','2024-10-25 08:19:01','f06c31af-5539-46ea-aa03-ef9ed3edba20'),('4ac84be2-4dc6-4620-8c35-fdbaf326cb95','CHOOSE_TOPIC','2024-08-14 07:00:00','2024-10-12 15:19:02','2024-07-25 18:29:00','2024-10-11 15:18:35','8fb8fbda-37ed-4861-a3a2-236500e62ee6'),('594c35b7-9091-4cbf-90f7-ab53d6c85284','PUBLIC_RESULT','2024-08-10 07:00:00','2024-08-10 22:35:10','2024-07-25 18:29:00','2024-08-10 22:35:11','8fb8fbda-37ed-4861-a3a2-236500e62ee6'),('5c1d3d72-1478-40bb-bbe9-b4b7ac3989d9','REPORT','2024-08-10 07:00:00','2024-08-10 22:34:38','2024-07-25 18:29:00','2024-08-10 22:34:40','8fb8fbda-37ed-4861-a3a2-236500e62ee6'),('6a3442c6-f75d-4549-807a-33fb04a9bcae','REPORT','2024-08-10 00:00:00','2024-12-26 00:00:00','2024-10-25 08:23:21','2024-10-25 08:23:21','67419e34-0037-4600-b495-2c2d7443b583'),('840116ad-2bd5-41bf-8913-d7cd4eb769a7','CHOOSE_TOPIC','2024-08-10 00:00:00','2024-12-26 00:00:00','2024-10-25 08:19:01','2024-10-25 08:19:01','f06c31af-5539-46ea-aa03-ef9ed3edba20'),('8a4bf66b-33fc-4655-9b90-4b2f9a1142df','DISCUSSION','2024-08-10 00:00:00','2024-12-26 00:00:00','2024-10-25 08:23:21','2024-10-25 08:23:21','67419e34-0037-4600-b495-2c2d7443b583'),('a576288e-3d68-4fdb-8253-de439983c556','PUBLIC_TOPIC','2024-08-10 00:00:00','2024-12-26 00:00:00','2024-10-25 08:19:01','2024-10-25 08:19:01','f06c31af-5539-46ea-aa03-ef9ed3edba20'),('c8201754-af6f-4ef7-bfb3-a39cf83a96b0','REPORT','2024-08-10 00:00:00','2024-12-26 00:00:00','2024-10-25 08:19:01','2024-10-25 08:19:01','f06c31af-5539-46ea-aa03-ef9ed3edba20'),('dd937624-57e9-4175-9278-7c93b5c637e2','DISCUSSION','2024-08-10 00:00:00','2024-12-26 00:00:00','2024-10-25 08:19:01','2024-10-25 08:19:01','f06c31af-5539-46ea-aa03-ef9ed3edba20'),('ea0edf63-7fc2-43ec-bec7-12b2d41be60e','PUBLIC_RESULT','2024-08-10 00:00:00','2024-12-26 00:00:00','2024-10-25 08:23:21','2024-10-25 08:23:21','67419e34-0037-4600-b495-2c2d7443b583'),('eb6ca4c8-7978-4501-bc09-a34186b2ac56','PUBLIC_TOPIC','2024-08-13 07:00:00','2024-10-12 15:19:09','2024-07-25 18:29:00','2024-10-11 15:18:42','8fb8fbda-37ed-4861-a3a2-236500e62ee6'),('ee549a47-4bd5-41fb-a9fb-79d7a07f7041','DISCUSSION','2024-08-10 07:00:00','2024-08-10 22:34:28','2024-07-25 18:29:00','2024-08-10 22:34:30','8fb8fbda-37ed-4861-a3a2-236500e62ee6');
/*!40000 ALTER TABLE `term_details` ENABLE KEYS */;
UNLOCK TABLES;

--
-- Table structure for table `terms`
--

DROP TABLE IF EXISTS `terms`;
/*!40101 SET @saved_cs_client     = @@character_set_client */;
/*!50503 SET character_set_client = utf8mb4 */;
CREATE TABLE `terms` (
  `id` char(36) CHARACTER SET utf8mb4 COLLATE utf8mb4_bin NOT NULL,
  `name` varchar(255) NOT NULL,
  `start_date` datetime NOT NULL,
  `end_date` datetime NOT NULL,
  `created_at` datetime NOT NULL,
  `updated_at` datetime NOT NULL,
  `major_id` char(36) CHARACTER SET utf8mb4 COLLATE utf8mb4_bin DEFAULT NULL,
  PRIMARY KEY (`id`),
  KEY `major_id` (`major_id`),
  CONSTRAINT `terms_ibfk_1` FOREIGN KEY (`major_id`) REFERENCES `majors` (`id`) ON DELETE SET NULL ON UPDATE CASCADE
) ENGINE=InnoDB DEFAULT CHARSET=utf8mb4 COLLATE=utf8mb4_0900_ai_ci;
/*!40101 SET character_set_client = @saved_cs_client */;

--
-- Dumping data for table `terms`
--

LOCK TABLES `terms` WRITE;
/*!40000 ALTER TABLE `terms` DISABLE KEYS */;
INSERT INTO `terms` VALUES ('67419e34-0037-4600-b495-2c2d7443b583','HK1_2024-2025','2024-08-10 00:00:00','2024-12-26 00:00:00','2024-10-25 08:23:21','2024-10-25 08:23:21','fd81793a-2a0a-494d-8d08-d8faf95db82c'),('8fb8fbda-37ed-4861-a3a2-236500e62ee6','HK1_2024-2025','2024-08-10 07:00:00','2024-12-26 07:00:00','2024-07-25 18:29:00','2024-07-25 18:29:00','e4fe02cb-f2b0-4afa-885d-d1b93130d350'),('f06c31af-5539-46ea-aa03-ef9ed3edba20','HK1_2024-2025','2024-08-10 00:00:00','2024-12-26 00:00:00','2024-10-25 08:18:59','2024-10-25 08:18:59','38061a01-0dd1-4224-b15d-d7483c63c8ed');
/*!40000 ALTER TABLE `terms` ENABLE KEYS */;
UNLOCK TABLES;

--
-- Table structure for table `topics`
--

DROP TABLE IF EXISTS `topics`;
/*!40101 SET @saved_cs_client     = @@character_set_client */;
/*!50503 SET character_set_client = utf8mb4 */;
CREATE TABLE `topics` (
  `id` char(36) CHARACTER SET utf8mb4 COLLATE utf8mb4_bin NOT NULL,
  `key` varchar(255) NOT NULL,
  `name` varchar(255) NOT NULL,
  `description` longtext,
  `quantity_group_max` int NOT NULL,
  `note` text,
  `target` text,
  `expected_result` mediumtext,
  `standard_output` mediumtext,
  `require_input` mediumtext,
  `status` enum('PENDING','APPROVED','REJECTED') NOT NULL DEFAULT 'PENDING',
  `created_at` datetime NOT NULL,
  `updated_at` datetime NOT NULL,
  `lecturer_term_id` char(36) CHARACTER SET utf8mb4 COLLATE utf8mb4_bin DEFAULT NULL,
  PRIMARY KEY (`id`),
  KEY `lecturer_term_id` (`lecturer_term_id`),
  CONSTRAINT `topics_ibfk_1` FOREIGN KEY (`lecturer_term_id`) REFERENCES `lecturer_terms` (`id`) ON DELETE SET NULL ON UPDATE CASCADE
) ENGINE=InnoDB DEFAULT CHARSET=utf8mb4 COLLATE=utf8mb4_0900_ai_ci;
/*!40101 SET character_set_client = @saved_cs_client */;

--
-- Dumping data for table `topics`
--

LOCK TABLES `topics` WRITE;
/*!40000 ALTER TABLE `topics` DISABLE KEYS */;
INSERT INTO `topics` VALUES ('05110e8a-c2af-4dd1-9a3f-52c1b841a4a6','01','Xy dng web site qun l khch hng\r\n cho phng nha khoa','- Qun l lch hn:\r\nSp xp v qun l lch hn mt cch hiu qu  trnh chng cho v gim thi gian ch i.\r\nGi nhc nh v lch hn qua tin nhn, email, hoc in thoi.\r\nQun l h s bnh nhn:\r\nDuy tr h s bnh nhn chnh xc v cp nht.\r\nm bo bo mt thng tin c nhn v y t ca bnh nhn.\r\nS dng h thng qun l h s in t  t chc v truy\r\n cp thng tin d dng.\r\nGio dc v t vn:\r\nCung cp thng tin v t vn v cch chm sc rng ming ti nh.\r\n xut cc sn phm v dch v ph hp vi nhu cu ca bnh nhn.',2,' iu kin duyt.','- Phn tch nghip v, k thut  chm sc khch hng\r\n - Hn lch khch hng\r\n - Thu chi ca phng nha khoa\r\n - Bit cch vit ng dng da trn web\r\n- Bo gi, kt ni vi khch hng cn lm rng','- Tch hp h thng qun l h s v lch hn  ci thin hiu qu cng vic.\r\n -  xut cc sn phm v dch v ph hp vi nhu cu ca bnh nhn.\r\n - Thc hin cc chin dch marketing  thu ht khch hng mi v gi chn khch hng hin ti.\r\n - Bo co thu chi ca phng nha\r\n- Gi nhc nh v lch hn qua tin nhn, email, hoc in thoi.\r\n- Sp xp v qun l lch hn mt cch hiu qu  trnh chng cho v gim thi gian ch','A.Sinh vin tham gia  ti\r\n 1) Nm vng kin thc, k nng lp trnh trn  web\r\n 2) C kin thc, k nng trin khai d n phn mm y  qui trnh t Requirement => Design => Coding => Unit Testing\r\n 3) C nng lc y  v Lp k hoch, theo di tin , phn tch cc vn  pht sinh trong qu trnh thc hin d n.\r\n 4) C th thu thp thng tin v phn tch cc vn  pht sinh.\r\n B.Sn phm\r\n 1) C ti liu m t Yu cu d n.\r\n 2) C ti liu m t Thit k kin trc ca d n.\r\n 3) C ti liu m t Thit k chi tit cho chc nng chnh ca d n.\r\n 4) C ti liu m t tnh hung test v kt qu test cho chc nng chnh ca d n.\r\n 5) C ti liu m t cch bin dch, ng gi v hng dn nng cp m ngun cho d n.','- am m nghin cu cng ngh, thut ton.\r\n - C tinh thn hc hi v mong mun lm sn phm theo thng mi.\r\n- C kin thc v Web','APPROVED','2024-08-10 15:38:22','2024-08-10 21:41:47','de73f2b5-f0f9-4b16-86ac-d52852d3e672'),('0835b8d2-5153-4843-adce-73eac37519c2','02','ng dng thay th ngi phc v t mn, qun l ra mn cho qun n, nh hng mc trung v cao cp','- Tm hiu, nghin cu ngn ng vit ng dng trn HH Android .\r\n - Tm hiu ngn ng ng dng hin vo web(java, csharp...) ly ngun d liu t app in thoi ca phc v.\r\n - Tm hiu client server .\r\n - Nguyn cu cch vit ng dng tch hp l tr data trn server cho ngi phc v',2,' iu kin duyt.','- Hiu c kin trc tng th h thng vn hnh qua thit b di ng, web\r\n - S dng c cc cng ngh lp trnh trn ngn ng Android, java hoc csharp.\r\n - Bit cch vit ng dng da trn thit b i ng, kt hp web','-Phn mm cho php ngi ch mun qun l qun n, nh hng v ngi phc v ra c bao nhiu ha n, thng pht vvv \r\n - Theo di thng k lch ca/kp ca phc v \r\n - D bo nguyn liu cn chun b trong 1/2 n 1 tun\r\n - Cc bo co cn thit v thng k.\r\n - Cho php t hng qua mng (ch chat, nhn tin ...)','A.Sinh vin tham gia  ti\r\n 1) Nm vng kin thc, k nng lp trnh trn HH android hoc IOS\r\n 2) C kin thc, k nng trin khai d n phn mm y  qui trnh t Requirement => Design => Coding => Unit Testing\r\n 3) C nng lc y  v Lp k hoch, theo di tin , phn tch cc vn  pht sinh trong qu trnh thc hin d n.\r\n 4) C th thu thp thng tin v phn tch cc vn  pht sinh.\r\n B.Sn phm\r\n 1) C ti liu m t Yu cu d n.\r\n 2) C ti liu m t Thit k kin trc ca d n.\r\n 3) C ti liu m t Thit k chi tit cho chc nng chnh ca d n.\r\n 4) C ti liu m t tnh hung test v kt qu test cho chc nng chnh ca d n.\r\n 5) C ti liu m t cch bin dch, ng gi v hng dn nng cp m ngun cho d n.','- am m nghin cu cng ngh, thut ton.\r\n - C kin thc c bn v lp trnh thit b di ng nh trn HDH Android\r\n - C tinh thn hc hi v mong mun lm sn phm theo thng mi cng ng','APPROVED','2024-08-10 15:38:22','2024-08-10 21:41:50','de73f2b5-f0f9-4b16-86ac-d52852d3e672'),('0a32fafa-84a2-40e1-b60d-2c6942662987','03','Xy dng ng dng hc ngoi ng trn nn tng di ng','- Sn phm gip ngi dng c c cng c tr gip hc\r\ntp ting Anh hiu qu.\r\n- Gip ngi dng t sp xp lch hc v kim tra nh gi \r\nkin thc ca mnh.',2,' iu kin duyt.','- Xy dng ng dng trin khai trn h iu hnh Android.\r\n- T chc lm vic nhm, trin khai s dng c \r\n   cng c Github  qun l m ngun.\r\n- ng dng gip ngi dng t hc tra cu nh gi kt qu\r\nvic t hc t vng v ng php ting Anh trn ng dng\r\n- Trin khai c ng dng ln Google Play...','Hin thc v trin khai c ng dng chy trn \r\nnn tng di ng.','- Xy dng v trin khai c ng dng theo yu cu thc t\r\n- Vit ti liu bo co r rng theo quy nh (ng cu trc, y  ni dung, trch dn, \r\nti liu tham kho).\r\n- Bi bo co phi phi th hin chi tit cc qu trnh: Thu thp yu cu, phn tch thit k, \r\nhin thc ng dng, kim th, trin khai.\r\n- Yu cu v ng dng:\r\n+ H thng p ng vi c t ca bi ton, ph hp thc tin; cc rng buc ton vn, \r\ntrong chng trnh hp l.\r\n+ Chng trnh nhiu ngi dng trong mi trng network.\r\n+ CSDL bo mt, backup.\r\n+ Giao din chc nng v phi chc nng linh hot thn thin ngi dng.\r\n+ Pht sinh t ng documents.','- Kin thc:\r\n+ Nm vng kin thc v phng php lp \r\ntrnh.\r\n+ Nm vng kin thc m hnh ha d liu,\r\nphn tch thit k h thng.\r\n+ Lp trnh: Java 8+, Hibernate Framework, \r\n(Java Servlet, JSP, JSF hoc Spring \r\nFramework), \r\nWeb Servers, Log4j, CSS3, HTML5, \r\nJavaScript,\r\n jQuery, Bootstrap4 .\r\n+ Nm vng kin thc v CSDL.\r\n+ Bit xy dng h thng phn tn; web \r\nservice.\r\n- K nng:\r\n+ S dng thnh tho phn mm Enterprise \r\nArchitect. cc ngn ng lp trnh.\r\n+ Lm vic nhm.\r\n- Thi : Lm vic nghim tc.','APPROVED','2024-08-10 15:38:22','2024-08-10 21:41:52','8d81ec71-666d-43cb-823f-3c0fe12bb03c'),('0ecf4f9f-2787-41e8-bfd6-4a9ed3701554','04','Xy dng phn mm qun l qun Karaoke','Chng trnh gip ngi qun l qun l c cc khch hng, qun l vic t v tr phng, qun l c cc dch v, bo co, thng k',2,' iu kin duyt.','Tm hiu yu cu cho ng dng, ph hp vi thc t. Xy dng ng dng theo quy trnh, ph hp vi yu cu  xc nh.','p dng c vo thc t','A. Sinh vin tham gia  ti\r\n 1) Nm vng kin thc, k nng lp trnh C/C++ hoc Java\r\n 2) C kin thc, k nng trin khai d n phn mm y  qui trnh t Requirement => Design => Coding => Unit Testing\r\n 3) C nng lc y  v Lp k hoch, theo di tin , phn tch cc vn  pht sinh trong qu trnh thc hin d n.\r\n 4) c ti liu ting Anh, tm kim ti liu, K nng vit bo co, ti liu thuyt trnh\r\n 5) C th thu thp, phn tch c hnh vi ngi dng trong qu trnh thc hin d n.\r\n B. Sn phm\r\n 1) C ti liu m t Yu cu d n.\r\n 2) C ti liu m t Thit k kin trc ca d n.\r\n 3) C ti liu m t Thit k chi tit cho chc nng chnh ca d n.\r\n 4) C ti liu m t tnh hung test v kt qu test cho chc nng chnh ca d n.\r\n 5) C ti liu m t cch bin dch, ng gi v hng dn nng cp m ngun cho d n.','C kin thc v qun l, bo co Crystal report.\r\n - K nng phn tch thit k, lp trnh tt.\r\n - Cn c, chiu kh.\r\n - C tinh thn ham hc hi, cu tin.','APPROVED','2024-08-10 15:38:22','2024-08-10 21:52:40','8a6eb974-d9e9-4d25-898f-1f7691fbfef4'),('1111d4cd-980a-42d4-aad1-daac3eb29def','05','Xy dng website bn qun o thi trang.','Chng trnh gip ngi qun l qun l c cc mt hng, qun l vic t, mua hng ca khchbo co, thng k',2,' iu kin duyt.','Xy dng website bn hng trc tuyn, gip ngi dng tham kho v mua hng online ;','p dng c vo thc t','- Kin thc:\r\n + Nm vng kin thc v phng php lp \r\n trnh.\r\n + Nm vng kin thc m hnh ha d liu,\r\n phn tch thit k h thng.\r\n + Lp trnh: Java 8+, Hibernate Framework, \r\n (Java Servlet, JSP, JSF hoc Spring \r\n Framework), \r\n Web Servers, Log4j, CSS3, HTML5, \r\n JavaScript,\r\n  jQuery, Bootstrap4 .\r\n + Nm vng kin thc v CSDL.\r\n + Bit xy dng h thng phn tn; web \r\n service.\r\n - K nng:\r\n + S dng thnh tho phn mm Enterprise \r\n Architect. cc ngn ng lp trnh.\r\n + Lm vic nhm.\r\n - Thi : Lm vic nghim tc.\"\"\"','C kin thc v thit k Website, qun l, bo co Crystal report.\r\n - K nng phn tch thit k, lp trnh tt.\r\n - Cn c, chiu kh.\r\n - C tinh thn ham hc hi, cu tin.','APPROVED','2024-08-10 15:38:22','2024-08-10 21:52:47','8a6eb974-d9e9-4d25-898f-1f7691fbfef4'),('111496b2-d9f0-4c4b-8a04-2c1fc0f448ac','06','Xy dng h thng h tr t vn/bun bn bt ng sn','i vi chatbot:\r\n+ C kh nng tr li cc cu hi v cc th tc mt cch chi tit\r\n+ Phn tch c nhu cu v a ra t vn hp l i vi ngi dng\r\n+ Cung cp lin h trc tip n vi nhn vin t vn khi vn  t ra\r\nngoi phm vi ca bn thn n v cp nhp c cch x l i vi\r\ncc trng hp ny\r\n+ ng k lch hn vi nhn vin ca web bt ng sn\r\n+ Cung cp cc thng tin v mt bng BS hin ti\r\n+ Chatbot hiu c tng i ngn ng t nhin\r\n- i vi ng dng:\r\n+ Cung cp d liu bt ng sn t pha ngi ng\r\n+ Phn loi, nh gi cc im nng bt ng sn\r\n+ H tr tm kim theo gi tin, v tr,',2,' iu kin duyt.','1. Xy dng H thng trao i:\r\n   - FAQ gii p nhanh cc thc mc chung, gim ti a thi gian tiu tn cn thit cho vic t vn.\r\n   - Cung cp thng tin hu ch, a dng nhanh chng v chnh xc\r\n   - T vn la chn da trn thng tin u vo ca khch hng\r\n   -p dng ngn ng t nhin  giao tip\r\n   - Tm kim thng tin khu t da trn mt khu vc nht nh\r\n2. Xy dng ng dng h tr chatbot:\r\n   - Cho php pha trung tm qun l bi vit, hi p mt cch nhanh chng, d\r\ndng.\r\n   - Gii thiu thng tin v trung tm, v kha hc di dng vn bn\r\n   - t lch hn trc tip thng qua ng dng\r\n   - Cung cp danh sch tin tc t mi n c\r\n   - Cung cp danh sch cc cu hi thng gp v gii p t pha trung tm.','ng dng tch hp trong web bt ng sn','Nn tng cng ngh:\r\n- Front-end: ReactJS, material UI\r\n- Backend: Express/ NodeJS, GraphQl\r\n- Database: MongoDB\r\n- Process Flow Diagram Chatbot\r\n- IDE: Visual Studio Code','- SV c kin thc v lp trnh Web.\r\n- SV c tinh thn t gic hc hi.\r\n- SV c am m nghin cu v cng ngh','APPROVED','2024-08-10 15:38:22','2024-08-10 21:52:44','c6ce4103-ef78-4a68-9bc8-f5a07711aef0'),('1153a7f3-4280-4ff1-881d-548282cbca27','07','Xy dng website qun l bn hng my tnh.','Chng trnh gip ngi qun l qun l c cc mt hng, qun l vic t, mua hng ca khchbo co, thng k',2,' iu kin duyt.','Xy dng website bn hng trc tuyn, gip ngi dng tham kho v mua hng online ;','p dng c vo thc t','- Kin thc:\r\n + Nm vng kin thc v phng php lp \r\n trnh.\r\n + Nm vng kin thc m hnh ha d liu,\r\n phn tch thit k h thng.\r\n + Lp trnh: Java 8+, Hibernate Framework, \r\n (Java Servlet, JSP, JSF hoc Spring \r\n Framework), \r\n Web Servers, Log4j, CSS3, HTML5, \r\n JavaScript,\r\n  jQuery, Bootstrap4 .\r\n + Nm vng kin thc v CSDL.\r\n + Bit xy dng h thng phn tn; web \r\n service.\r\n - K nng:\r\n + S dng thnh tho phn mm Enterprise \r\n Architect. cc ngn ng lp trnh.\r\n + Lm vic nhm.\r\n - Thi : Lm vic nghim tc.\"\"\"','C kin thc v thit k Website, qun l, bo co Crystal report.\r\n - K nng phn tch thit k, lp trnh tt.\r\n - Cn c, chiu kh.\r\n - C tinh thn ham hc hi, cu tin.','APPROVED','2024-08-10 15:38:22','2024-08-10 21:52:50','8a6eb974-d9e9-4d25-898f-1f7691fbfef4'),('13f6adfa-6651-45bb-be85-1ac7b4a09944','08','H thng qun l cng tin khng dng tin mt p dng ti Trng i hc Cng nghip Tp. HCM','Cc cng vic cn thc hin  t c mc tiu v a ra c sn phm d kin:\r\n (1) Tm hiu r quy trnh nghip v\r\n (2) Thu thp yu cu ngi dng\r\n (3) Thc hin phn tch v thit k h thng t c yu cu h thng v ng quy trnh nghip v\r\n (4) Hin thc h thng t bn thit k\r\n (5) Trin khai, cho chy thc nghim, kim th, phn tch kt qu',2,' iu kin duyt.','1. Gip SV tm hiu c quy trnh qun l cng tin khng dng tin mt \r\n 2. Vn dng c cc kin thc  hc : thu thp v phn tch c quy trnh nghip v qun l cng tin ca trng i hc Cng nghip Tp. HCM, yu cu ca ngi dng; thit k c h thng qun l cng tin p ng c yu cu ngi dng v ng vi quy trnh nghip v.\r\n 3. Hin thc, kim th v trin khai c h thng qun l cng tin cho cng tin trng i hc cng nghip','H thng qun l cng tin: App web v di ng\r\n- Qun l c mn n v s lng mn theo ngy\r\n- H tr t mn trc trn Website order hoc Zalo OA\r\n- Khch hng  thanh ton trc, ch cn qut m QR nhn bill v ly mn n.\r\n- Nu khch hng cha thanh ton, a m QR n quy thu ngn  nhn vin tin hnh thanh ton v xut bill cho khch hng.\r\n- Bo co thng k h tr qun l','- Mt sn phm phn mm c tnh kh thi trong thc t\r\n - Mt bn bo co k thut v sn phm a ra\r\n - Cc thnh vin phi thu hiu v trnh by li c ton b nhng cng ngh  p dng trong sn phm phn mm\r\n - Vit c mt bi bo khoa hc tr hoc bi bo ca IUH','- C kh nng pht trin mt h thng thng tin bng cc kin thc chuyn ngnh  c o to\r\n - C kh nng t hc, t lm vic vi tinh thn trch nhim cao\r\n - C thi  lm vic c nhn, nhm nghim tc & trch nhim\r\n-  thc bo co vi GVHD hng tun','APPROVED','2024-08-10 15:38:22','2024-08-10 21:35:55','4a3eb48d-9f8c-4635-a3d5-e15ee458e414'),('1ed8afe2-22eb-4f74-b3a0-fb5fba56aa58','09','Xy dng phn mm qun l khm bnh online','T vn v gip ng k khm bnh',2,' iu kin duyt.','Nng cao hiu qu khm cha bnh','Trin khai t vn v ng k khm bnh online','- Xy dng v trin khai c ng dng theo yu cu thc t\r\n- Vit ti liu bo co r rng theo quy nh (ng cu trc, y  ni dung, trch dn, \r\nti liu tham kho).\r\n- Bi bo co phi phi th hin chi tit cc qu trnh: Thu thp yu cu, phn tch thit k, \r\nhin thc ng dng, kim th, trin khai.\r\n- Yu cu v ng dng:\r\n+ H thng p ng vi c t ca bi ton, ph hp thc tin; cc rng buc ton vn, \r\ntrong chng trnh hp l.\r\n+ Chng trnh nhiu ngi dng trong mi trng network.\r\n+ CSDL bo mt, backup.\r\n+ Giao din chc nng v phi chc nng linh hot thn thin ngi dng.\r\n+ Pht sinh t ng documents.','- Kin thc:\r\n+ Nm vng kin thc v phng php lp \r\ntrnh.\r\n+ Nm vng kin thc m hnh ha d liu,\r\nphn tch thit k h thng.\r\n+ Lp trnh: Java 8+, Hibernate Framework, \r\n(Java Servlet, JSP, JSF hoc Spring \r\nFramework), \r\nWeb Servers, Log4j, CSS3, HTML5, \r\nJavaScript,\r\n jQuery, Bootstrap4 .\r\n+ Nm vng kin thc v CSDL.\r\n+ Bit xy dng h thng phn tn; web \r\nservice.\r\n- K nng:\r\n+ S dng thnh tho phn mm Enterprise \r\nArchitect. cc ngn ng lp trnh.\r\n+ Lm vic nhm.\r\n- Thi : Lm vic nghim tc.','APPROVED','2024-08-10 15:38:22','2024-08-10 21:52:52','8d81ec71-666d-43cb-823f-3c0fe12bb03c'),('1eeee9dd-ffe1-426e-91ca-9ad82cec7199','10','Tr l o h tr hng dn vin du lch, chn tua theo yu cu m t','- Tm hiu, nghin cu ngn ng vit ng dng trn HH Android, hoc IOS .\r\n - Tm hiu nh v ta  kt ni vi thit b di ng ca th sa kha.\r\n - Tm hiu service tm ng i.\r\n - Nguyn cu cch vit ng dng tch hp l tr data trn server cho cc clip, tour, sn phm.',2,' iu kin duyt.','- Hiu c kin trc tng th h thng vn hnh qua thit b di ng.\r\n - S dng c cc cng ngh lp trnh trn ngn ng Android, IOS.\r\n - Bit cch vit ng dng da trn thit b i ng\r\n -Hiu c cc Google Map API h tr tnh v tr, khong cch gia im\r\n -Vn dng lng m thanh vo cc clip v du lch theo a im','-Phn mm cho php ngi dng nghe c cc thng tin v cc im du lch qua m thanh, hnh nh.\r\n -Phn mm t kch hot hng dn khi i n gn im du lch, v cc vng ph cn\r\n - Thng bo trc cho khch bit nhng vt dng cn mua.\r\n - D bo v gi  ngi dng mua sn phm g mang theo\r\n -D bo tour hot nn i du lch, chn tour','A.Sinh vin tham gia  ti\r\n 1) Nm vng kin thc, k nng lp trnh trn HH android hoc IOS\r\n 2) C kin thc, k nng trin khai d n phn mm y  qui trnh t Requirement => Design => Coding => Unit Testing\r\n 3) C nng lc y  v Lp k hoch, theo di tin , phn tch cc vn  pht sinh trong qu trnh thc hin d n.\r\n 4) C th thu thp thng tin v phn tch cc vn  pht sinh.\r\n B.Sn phm\r\n 1) C ti liu m t Yu cu d n.\r\n 2) C ti liu m t Thit k kin trc ca d n.\r\n 3) C ti liu m t Thit k chi tit cho chc nng chnh ca d n.\r\n 4) C ti liu m t tnh hung test v kt qu test cho chc nng chnh ca d n.\r\n 5) C ti liu m t cch bin dch, ng gi v hng dn nng cp m ngun cho d n.','- am m nghin cu cng ngh, thut ton.\r\n - C kin thc c bn v Web Programming.\r\n - Kin thc lp trnh Javascript, Html, Css,\r\n - C tinh thn hc hi v mong mun lm sn phm theo quy trnh cng nghip: tun th tiu chun khi vit m ngun, c hot ng m bo cht lng m ngun','APPROVED','2024-08-10 15:38:22','2024-08-10 21:52:55','de73f2b5-f0f9-4b16-86ac-d52852d3e672'),('1f3f6f22-a55f-4557-9473-941838cb3696','11','Xy dng cng c h tr bo mt cho h thng Web','Nghin cu cc cng ngh lp trnh Java\r\n- Tm hiu v thc hin vic ly requiremnt t khch hng \r\n- Tm hiu v thc hin vic vit test case  test h thng\r\n-ng dng thng k d liu nhm a ra cc d on.\r\n- Hiu tnh bo mt trn h thng Web',2,' iu kin duyt.','Tri nghim qui trnh  trong vic pht trin phn mm:\r\n  + Tm hiu requirement t khch hng\r\n  + Tm hiu v DID \r\n  + Design SRS, ADD, DDD\r\n  + Coding h thng vi NET/.NET core, C++\r\n  + Tm hiu v rt ngn tn min\r\n  + Tm hiu bo mt trn nn Web\r\n  + Thng k d liu\r\n  + Thc hin testing \r\n  + Deploy h thng (cloud computing)','Trin khai h thng tng cng bo mt trn nn tng Web cho cc bi ton nh:\r\n-Bo mt API\r\n-Bo mt cc truy xut\r\n-ng dng Blockchain cho phn bo mt\r\n-Xy dng cng c h tr','A.Sinh vin tham gia  ti\r\n1) Nm vng kin thc, k nng lp trnh Java hoc C# (nu c kin thc Python l mt li th)\r\n2) C kin thc, k nng trin khai d n phn mm y  qui trnh t Requirement => Design => Coding => Unit Testing\r\n3) C nng lc y  v Lp k hoch, theo di tin , phn tch cc vn  pht sinh trong qu trnh thc hin d n.\r\n4) C kin thc v AI\r\n5) Kin thc v bo mt\r\n6) Kin thc v thng k d liu\r\n7) Kin thc v blockchain\r\n\r\n\r\nB.Sn phm\r\n1) C ti liu m t Yu cu d n.\r\n2) C ti liu m t Thit k kin trc ca d n.\r\n3) C ti liu m t Thit k chi tit cho chc nng chnh ca d n.\r\n4) C m ngun c lu vt (tracking) nh k trn h thng qun l phin bn (version control) nh Subversion hoc Git; M ngun trnh by r rng, d hiu theo tiu chun  c thng nht.\r\n5) C ti liu m t tnh hung test v kt qu test cho chc nng chnh ca d n.\r\n6) C ti liu m t cch bin dch, ng gi v hng dn nng cp m ngun cho d n.\r\n7) Bi bo khoa hc','Yu cu cng:  hon thnh mn Cng ngh mi trong SE  mc kh gii \r\nam m nghin cu cng ngh Web, lp trnh Mobile\r\n- C kin thc c bn v Java, Swift hoc React Native\r\n- C tinh thn hc hi v mong mun lm sn phm theo quy trnh cng nghip: tun th tiu chun khi vit m ngun, C hot ng m bo cht lng m ngun\r\nSinh vin c kh nng nghin cu l mt u th\r\nSinh vin c kh nng nghin cu l mt u th','APPROVED','2024-08-10 15:38:22','2024-08-10 21:53:04','a7ab968e-6d34-41f5-b85d-d219f209798d'),('208e11ea-4a5c-48dc-a7dd-a76d38181400','12','XY DNG WEBSITE L MT DIN N CHIA S HC TP CA I TNG L HS-SV (CP 2-CP 3)','- Tm hiu r rng v a ra cc yu cu v nhu cu cn trao i v chia s ca HS-SV nh tnh tnh, cch dy d, gio dc gii tnh ....\r\n- T  dn n vic phn tch CSDL hin thc ng n\r\n- p dng c cc kin thc  hc  thit k v xy dng website. \r\n- SV c th tm hiu thm cc kin thc khc p dng cho vic to 1 Website',2,' iu kin duyt.','- Phn tch cng vic v cc thng tin cn trao i trn website\r\n- S dng c cc cng ngh lp trnh Node JS, HTML5, CSS3, jQuery, Ajax \r\n- Thc thi c kt ni vi cc trang mng x hi khc trong din n nh \r\nfacebook, twitter, instagram ...','Website sau khi hon thnh phi c tnh thc t \r\nv p dng trn a nn tng khc nhau','A.Sinh vin tham gia  ti\r\n1) Nm vng kin thc, k nng thit k Web v lp trnh C#.\r\n2) C kin thc, k nng trin khai d nwebsite y  qui trnh t Requirement => Design => Coding => Unit Testing=>Maintaining.\r\n3) C nng lc y  v lp k hoch, theo di tin , phn tch cc vn  pht sinh trong qu trnh thc hin d n.\r\nB.Sn phm\r\n1) Ti liu Bo co kha lun theo mu quy nh ca FIT IUH.\r\n2) Ti liu m t yu cu.\r\n3) Ti liu m t thit k.\r\n4) Ti liu m t thit k chi tit cho chc nng chnh.\r\n5) M ngun (c lu vt nh k trn h thng qun l phin bn nh SubVersion hoc Git; m ngun trnh by r rng, d hiu theo tiu chun  c thng nht).\r\n7) Ti liu m t tnh hung test v kt qu test cho chc nng chnh ca d n.\r\n8) Ti liu m t cch trin khai Website\r\n9) Ti liu hng dn nng cp mi theo nhu cu','- SV c am m v lp trnh v phn tch h thng \r\n-SV c kin thc v lp trnh Web\r\n- SV phi chu kh hc hi v c tinh thn lm vic t gic','APPROVED','2024-08-10 15:38:22','2024-08-10 21:53:07','7fb58e30-8a15-4adb-ae04-b7b4024dac06'),('230e3c03-1a18-4d61-bf74-69067d3d793c','13','Xy dng h thng qun l kha hc trc tuyn.','1.Phm vi\r\n  ti tp trung xy dng ng dng gii quyt bi ton H thng qun l kha hc trc tuyn bao gm cc phn quyn ngi dng: Teacher, Student, CourseManager.\r\n  a. Phm vi mi trng:\r\n  - Trin khai sn phm trn mi trng mobile\r\n  b. Phm vi chc nng:\r\n  - Qun l bi ging (video), kho hc.\r\n  - Phn loi, tm kim kha hc.\r\n  - Thc hin thanh ton vi cc kha hc/bi kim tra tnh ph.\r\n  -  xut nhng kha hc ph hp vi ngi hc.\r\n  - Tng tc ngi dng.\r\n  - Hc kho hc v lm bi kim tra.\r\n  - Xem li thng k, nh gi hc tp\r\n  2. i tng\r\n  Phn mm hng ti Trng hc/T chc/Trung tm mun chia s kho hc trc tuyn v c nhn mun tm hiu kin thc mi nhng khng c nhiu thi gian, khng th n trng lp trc tip  hc hay gp kh khn trong vic tng hp cc thng tin t nhiu ngun trn internet.',2,' iu kin duyt.','- Xy dng ng dng gip Trng hc/T chc/Trung tm cung cp kho hc c bn,  luyn thi.\r\n - Phn loi, tm kim kha hc.\r\n - Bi ging c th chia s di dng video, bi kim tra.\r\n -  xut nhng kha hc ph hp vi ngi hc.\r\n - Tng tc trc tuyn trong mi bi ging.\r\n - Qun l tin  hc tp.\r\n - Xem li thng k, nh gi kt qu hc tp.\r\n - H tr chng ch cho ngi hc.','- Nm bt v p dng c cng ngh mi  xy dng hon thin sn phm ca  ti.\r\n - Hiu r nghip v ca mt ng dng E-learning.\r\n - Xy dng ng dng ng vi bn phn tch v thit k.\r\n - Hon thnh  mc c th s dng vi cc chc nng nng cao: H thng  xut kha hc ph hp vi ngi s dng.','1. Phng php thc hin\r\n  - Tm hiu v cc cng ngh cn thit.\r\n  - Phn tch cc gii php ca cc ng dng tng t trn th trng.\r\n  - Phn tch thit k tnh nng, h thng, c s d liu cho ng dng.\r\n  - Thit k giao din.\r\n  - Trin khai d n.\r\n  - Kim th.\r\n  - Pht hnh.\r\n  2. Cng ngh s dng\r\n  a. Front-end: Dart, Flutter\r\n  - Architecture: Clean Architecture.\r\n  - Design Methodology: Atomic Design Methodology\r\n  -  State Management: MobX\r\n  - Thit k: Figma\r\n  b. Back-end: NestJS, Python\r\n  - Architecture: Clean Architecture\r\n  - Database: Firebase (for video, image), MongoDB\r\n  - Deployment: Docker','- SV c kin thc v lp trnh Web.\r\n - SV c tinh thn t gic hc hi.\r\n - SV c am m nghin cu v cng ngh','APPROVED','2024-08-10 15:38:22','2024-08-10 21:53:09','c6ce4103-ef78-4a68-9bc8-f5a07711aef0'),('23104c59-e827-4a36-81a2-cf7d6fd28344','14','ng dng ALO th','- Tm hiu, nghin cu ngn ng vit ng dng trn HH Android, hoc IOS .\r\n - Tm hiu nh v ta  kt ni vi thit b di ng ca th sa kha.\r\n - Tm hiu service tm ng i.\r\n - Nguyn cu cch vit ng dng tch hp l tr data trn server cho th sa cha dng nh go vit, grap t xe.',2,' iu kin duyt.','- Hiu c kin trc tng th h thng vn hnh qua thit b di ng.\r\n - S dng c cc cng ngh lp trnh trn ngn ng Android, IOS.\r\n - Bit cch vit ng dng da trn thit b i ng\r\n - Hiu c cc Google Map API h tr tnh v tr, khong cch gia im','-Phn mm cho php ngi dng nm bt thng tin ngi n sa cc thit b h hng trong cn nh ca gia ch, to s an tm cho gia ch.\r\n - Thng bo c cc th sa cha gn nh bn.\r\n - D bo c bao nhiu thi gian th sa n cn nh ca gia ch cn sa cha.\r\n - Thu tin cc th sa cha c kt ni vi gia ch 20% ( kiu nh go vit hoc grap bike, car)\r\n -Lu tr thng tin c nhn ca th sa cha\r\n - Cc bo biu cn thit\r\n - Tm cc th sa cha gn nht  gia ch nh sa cha nh (in, nc, kha ca vv)','A.Sinh vin tham gia  ti\r\n 1) Nm vng kin thc, k nng lp trnh trn HH android hoc IOS\r\n 2) C kin thc, k nng trin khai d n phn mm y  qui trnh t Requirement => Design => Coding => Unit Testing\r\n 3) C nng lc y  v Lp k hoch, theo di tin , phn tch cc vn  pht sinh trong qu trnh thc hin d n.\r\n 4) C th thu thp thng tin v phn tch cc vn  pht sinh.\r\n B.Sn phm\r\n 1) C ti liu m t Yu cu d n.\r\n 2) C ti liu m t Thit k kin trc ca d n.\r\n 3) C ti liu m t Thit k chi tit cho chc nng chnh ca d n.\r\n 4) C ti liu m t tnh hung test v kt qu test cho chc nng chnh ca d n.\r\n 5) C ti liu m t cch bin dch, ng gi v hng dn nng cp m ngun cho d n.','- am m nghin cu cng ngh, thut ton.\r\n - C kin thc c bn v lp trnh thit b di ng nh trn HDH Android, IOS,\r\n - C tinh thn hc hi v mong mun lm sn phm theo thng mi cng ng','APPROVED','2024-08-10 15:38:22','2024-08-10 21:53:13','de73f2b5-f0f9-4b16-86ac-d52852d3e672'),('23220b8b-1be5-47a9-a76a-e4ad9566f5fb','15','Xy dng phn mm bn v xe online','\"ng dng gip ngi dng qun l, tm kim tra cu thng\r\ntin t ch\r\nmua v xe, ti u v bo mt \"',2,' iu kin duyt.','- Xy dng c ng dng giup ngi dung\r\n qun l vic mua bn v xe online trn nn tng PC, \r\ndi ng.\r\n- T chc lm vic nhm, trin khai s dng c \r\ncng c Github  qun l m ngun.\r\n- ng dng cc gii php cng ngh  xy dng ng dng \r\nti u bo mt\"','\"Hin thc v trin khai c ng dng chy trn \r\nnn tng PC, di ng\"','\"Xy dng v trin khai c ng dng theo yu cu thc t\r\n- Vit ti liu bo co r rng theo quy nh (ng cu trc, y  ni dung, trch dn, \r\nti liu tham kho).\r\n- Bi bo co phi phi th hin chi tit cc qu trnh: Thu thp yu cu, phn tch thit k, \r\nhin thc ng dng, kim th, trin khai.\r\n- Yu cu v ng dng:\r\n+ H thng p ng vi c t ca bi ton, ph hp thc tin; cc rng buc ton vn, ti u\r\ntrong chng trnh hp l.\r\n+ Chng trnh nhiu ngi dng trong mi trng network.\r\n+ CSDL bo mt, backup.\r\n+ Giao din chc nng v phi chc nng linh hot thn thin ngi dng.\r\n+ Pht sinh t ng documents.\"','\"- Nm vng kin thc v phng php lp \r\ntrnh.\r\n- Nm vng kin thc m hnh ha d liu,\r\nphn tch thit k h thng. \r\nLp trnh c Java  x l Front End trn \r\nh iu hnh Android.\r\n- S dng c cc cng c Git, Github  \r\nqun l m ngun.\r\n- Hiu c Kin trc service v ng dng \r\nvo phn mm thc t.\r\n- ng dng Firebase  lp trnh Authentication\r\n vo ng dng\"','APPROVED','2024-08-10 15:38:22','2024-08-10 21:53:17','8d81ec71-666d-43cb-823f-3c0fe12bb03c'),('2750dcde-ad60-4e99-b439-7d10b17033bd','16','Xy dng trang thng tin Cng Ngh Mi (education-technology-blog.com)','- Pht trin cc module v cc chc nng trong ng dng. Trao i thm vi gio vin hng dn.',2,' iu kin duyt.','- Vn dng kin thc  hc, nghin cu ti liu  vit ng dng c tnh thc t.','- Publish mt ng dng Web App hon chnh. C th chy thc t c ngay!','A.Sinh vin tham gia  ti\r\n1) Nm vng kin thc, k nng lp trnh cc ngn ng yu cu.\r\n2) C kin thc, k nng trin khai d n phn mm y  qui trnh t Requirement => Design => Coding => Unit Testing\r\n3) C k nng lp trnh s dng th vin ngoi.\r\nB.Sn phm\r\n1) C ti liu m t Yu cu d n.\r\n2) C ti liu m t Thit k chi tit cho chc nng chnh ca d n.\r\n3) C m ngun c lu vt (tracking) nh k trn h thng qun l phin bn (version control) nh Subversion hoc Git; M ngun trnh by r rng.\r\n4) C ti liu m t tnh hung test v kt qu test cho chc nng chnh ca d n.\r\n5) C ti liu m t cch bin dch, ng gi v hng dn nng cp m ngun cho d n.','- Lp Trnh c Java Spring Boot, Python hoc NodeJS pha Back End di dng cc API.\r\n- Lp trnh c HTML/CSS Javascript, Jquery, React JS, Next JS pha Front End Web.\r\n- S dng c cng c thit k Figma, Adobe XD\r\n- S dng c cc cng c qun l v phn task nh trello, jira...\r\n- Hiu bit c bn v Docker, Agile-Scrum\r\n- S dng c cc cng c Git, Github  qun l m ngun.\r\n- Hiu bit c bn v Test manual, Automation Test\r\n- Hiu bit cc dch v c bn trn AWS\r\n- a sn phm c ln AWS\r\n- Hiu bit s v DevOps\r\n- C tinh thn cu tin v mun hc hi. Nu cha bit c th trao i vi gio vin theo l trnh lm.','APPROVED','2024-08-10 15:38:22','2024-08-10 21:53:20','0f9533e5-b3d5-4f50-a5b9-499a6d760855'),('2d220297-e222-4f8a-97ec-d0faa9de48ff','17','Nn tng hc tp in t vi chc nng c sch v tho lun din n','<p>- Tham kho qua cc ng dng hin c, m t r rng, c th yu cu ca ng dng.</p><p>- Cho php ngi dng c sch,ghi ch, nh gi,  xut sch, to din n trao i v sch.</p><p>- Lng d liu th phi tng i ln v tht.</p><p>- ng gi v phn phi ng dng.</p>',2,' iu kin duyt.','<p>- Tm hiu yu cu cho ng dng, ph hp vi thc t.</p><p>- Xy dng ng dng theo quy trnh, ph hp vi yu cu  xc nh.</p>','<p>Website hc tp in t vi chc nng c sch v tho lun din n</p>','<p>A.Sinh vin tham gia  ti</p><p>1) Nm vng kin thc, k nng lp trnh.</p><p>2) C kin thc, k nng trin khai d n phn mm y  qui trnh t Requirement =&gt; Design =&gt; Coding =&gt; Unit Testing.</p><p>3) C nng lc y  v lp k hoch, theo di tin , phn tch cc vn  pht sinh trong qu trnh thc hin d n.</p><p>B.Sn phm</p><p>1) Ti liu m t yu cu.</p><p>2) Ti liu m t thit k.</p><p>3) Ti liu m t thit k chi tit cho chc nng chnh.</p><p>4) M ngun (c lu vt nh k trn h thng qun l phin bn nh SubVersion hoc Git; m ngun trnh by r rng, d hiu theo tiu chun  c thng nht).</p><p>5) Ti liu m t tnh hung test v kt qu test cho chc nng chnh ca d n.</p><p>6) Ti liu m t cch bin dch, ng gi v hng dn nng cp m ngun cho d n.</p>','<p>- am m nghin cu cng ngh, lp trnh.</p><p>- C tinh thn hc hi v mong mun lm sn phm theo quy trnh cng nghip: tun th tiu chun khi vit m ngun, C hot ng m bo cht lng m ngun.</p><p>- C kh nng vit m t yu cu ng dng.</p>','APPROVED','2024-08-13 22:35:27','2024-08-13 22:38:18','c2461deb-0f4d-4666-bc84-57d26993cf0d'),('2e995112-3fa1-4f5e-af3f-a2db537660a3','18','ng Dng AI Trong Xy Dng Website Tuyn Dng Thc Tp Sinh','<p>- Coding website vi JavaScript, ReactJS kt hp AI sn lc d liu t cc website khc (lc tin tuyn dng dnh ring cho thc tp). S dng c ngun d liu lc c  phc v cho trang web v thit lp chatbot t ng gii p cu hi ngi dng. - Tm hiu v thc hin kim th chc nng cho website (c 2 v tr tuyn v ng tuyn) - Hiu v trin khai cc chc nng ca website cho c 2 vai tr l ngi tuyn, ngi ng tuyn</p>',1,' iu kin duyt.','<p>- Tm hiu nhu cu t sinh vin, xut pht im l bn thn cng l mt sinh vin ang c nhu cu tm kim cng vic thc tp ph hp - Thit k c cc QAs, SRS, OOAD, TestCase - Coding website vi JavaScript, ReactJS - Trin khai trn nn tng web - Thc hin kim th vi c vai tr l ngi tuyn v ngi ng tuyn - Website c kt hp s dng AI trong tm kim v lc d liu, thit lp chatbot  gii p t ng</p>','<p>- Website h tr cc thng tin ng tuyn/ng tuyn ring v tr thc tp sinh ca cc ngnh ngh (website chuyn cho thc tp). - Website kt hp s dng AI trong tm kim d liu t cc ngun, sn lc d liu  hin th v  thit lp chatbot - Website c phn quyn hnh ng da trn ng k ban u ca ngi dng (nh tuyn dng/ ng vin), website l ni: * Nh tuyn dng c th: + ng tin tuyn dng + Xem thng tin ng vin ng tuyn bi ng + Lin h vi ng vin trc tip trn website * ng vin c th: + Tm kim cng vic theo ni , mc lng, ngnh ngh chuyn mn + Xem thng tin cc bi ng tuyn, lu tr hoc theo di + ng tuyn trc tip ti bi ng tuyn + Xem thng bo, phn hi nh tuyn dng trc tip ti website</p>','<p>- Sinh vin tham gia  ti s: + Nm vng kin thc, k nng lp trnh vi ReacJS, JavaScript,... ng thi r v s dng cng c trong xy dng code. Xy dng c mt sn phm c th s dng + C kin thc, k nng trin khai d n y  quy trnh t Requirement =&gt; Design =&gt; Coding =&gt; Unit Testing + C nng lc y  v Lp k hoch, theo di tin , phn tch cc vn  pht sinh trong qu trnh thc hin d n. - V website thnh phm + C trang hng dn s dng website, gi  chc nng trc tip bng ca s ni cho ngi dng ln u s dng web + C ti liu v c t yu cu, chc nng chnh, kin trc ca website + C ti liu v kim th chc nng cho website, c m t tnh hung test, u vo - ra, kt qu mong mun v t c n nhng g - Vit bi bo khoa hc</p>','<p>-  hon thnh xong cc mn c s ngnh, c kin thc v JavaScript, ReactJS  p dng trin khai nn tng web - C tinh thn hc hi v am m, kin tr trong tm ti, xy dng v pht trin website. C kin thc chuyn mn v xy dng mt website - C kin thc c bn v c am m tm hiu v AI - xu hng cng ngh trong thi i s hin nay, t  tip cn v khai thc ngun ti nguyn ny - C mong mun to c mt website chuyn cho thc tp sinh  sinh vin giai on nm cui hoc mi ra trng c c hi tip xc nhiu v nhanh hn vi cng vic ph hp</p>','APPROVED','2024-08-10 15:38:22','2024-08-14 06:53:19','ade39f51-5c1f-494e-b068-f4be124f6767'),('2f1101be-7385-4c87-bc4f-2df962d55274','19','Sn thng mi in t Sharebuy','<p>- Sharebuy l sn thng mi in t B2B2C, kt ni trc tip gia nh sn xut, ngi bn s vi khch hng mua l. Vic kt ni trc tip khch hng mua l vi nh sn xut v ngi bn s s gip b qua nhng thng li trung gian, t  khch hng s tip cn c vi ngun hng gi s. Bn cnh , vic chit khu gi c v s lng ca nh sn xut v nh bn s s tip tc gim gi sn phm tim cn mc sn xut gip tip cn ngi dng mt cch v dng d dng. - Sharebuy cho php bn nhiu loi mt hng khc nhau, nh phn phi c th tham gia d dng v c th m c nhiu shop ti Sharebuy ch bng cch xc Minh ngun gc hng ha v chp nhn mc chit khu cho sn vi sn phm bn ra. - Cc tnh nng bao gm mua chung gia cc khch hng lin kt vi nhau n trc tip nh phn phi, chin dch gii cu nng sn nhm gii cu nhng nng sn v sn phm ang c nguy c khng th tiu th do khng c ngun tiu th</p>',1,' iu kin duyt.','<p>Pht trin nn tng thng mi in t cho php ngi dng mua sm v chia s sn phm. To cng ng kt ni ngi dng c cng s thch v nhu cu mua sm. To cc chin dch gii cu nng sn v h tr cc mt hng startup tip cn ngi tiu dng. Thc y hng ha tiu dng ni a.</p>','<p>Nn tng thng mi in t Share Buy. ng dng web v di ng cho thng mi in t. Gii php mua chung v y s trc tip t nh sn xut n ngi tiu dng.</p>','<p>- Vit ti liu bo co r rng theo quy nh (ng cu trc, y  ni dung, trch dn, ti liu tham kho). - Bi bo co phi phi th hin chi tit cc qu trnh: Thu thp yu cu, phn tch thit k, hin thc ng dng, kim th, trin khai. - Yu cu v ng dng:  S dng web (ReactJS) cho admin sharebuy v ngi bn, App Mobile (React-native) cho ngi mua.  H thng p ng vi c t ca bi ton, ph hp thc tin.  Rng buc cht ch cc rng buc ton vn c th c trong chng trnh.  Chng trnh nhiu ngi dng trong mi trng network.  Data, backup, security.  Giao din thn thin ngi dng.  Coding conventions.  Pht sinh t ng documents.</p>','<p>Yu cu i vi sinh vin - Kin thc:  Nm vng kin thc v lp trnh hng i tng v m hnh ha d liu.  Nm vng kin thc v phn tch thit k h thng.  Lp trnh: Nodejs (express), ReactJS, React-native, AWS/EC2 S3, Redis, Socket.io, Docker.  Nm vng kin thc v SQL hoc NoSQL.  Bit v miroservices v h thng phn tn.  Bit v web service v REST.  Bit s dng cc cng c: vscode, postman, android studio.   hoc ang hc cc mn hc: Cng ngh mi, LT Phn tn Java, Kin trc v Thit k Phn mm, LT WWW Java. - K nng:  c ti liu ting anh, tm kim nh gi ti liu.  S dng thnh tho phn mm Enterprise Architect.  Github  Lm vic nhm. - Thi :  Lm vic nghim tc, khng sao chp bi lm ca ngi khc  bt c hnh thc no.  Gp v bo co vi ging vin hng dn hng tun. Ngh qu 3 tun khng l do, ging vin t chi hng dn tip.</p>','APPROVED','2024-08-10 15:38:22','2024-08-13 22:21:43','c11e126e-fdea-4e26-b088-d726d492eb15'),('3403eb44-007d-4d23-9d51-49ecb970e15e','20','Xy dng h thng qun l ng h nc thng minh','Tri nghim qui trnh trong vic pht trin phn mm:\r\n  + Tm hiu requirement t khch hng \r\n  + Design SRS, ADD, DDD\r\n  + Coding trn h thng Java \r\n  + Thc hin testing \r\n  + Deploy h thng',2,' iu kin duyt.','Tri nghim qui trnh trong vic pht trin phn mm:\r\n  + Tm hiu requirement t khch hng \r\n  + Design SRS, ADD, DDD\r\n  + Coding h thng vi Java hoc React Native\r\n  + Thc hin testing \r\n  + Deploy h thng (cloud computing)','Trin khi h thng qun l ng h nc cho cc cng ty cung cp nc, chung c, h gia nh\r\n +Cc chc nng trn Web cho php ngi dng qun l, tra cu cc nghip v\r\n +H thng c cc cnh bo thng minh cho ngi dng t vic phn tch d liu\r\n +Cc chc nng trn app trin khai c cho cc nhu cu xem thng tin nh mc tiu th, thng k lng nc tiu th, thanh ton ha n, nhn thng bo v cc cnh bo khc\r\n +Cc chc nng cho nhn vin qun l khu vc nh ghi nhn ch s nc, nhn v gii quyt cc thc mc khuyn ngh,...\r\n +Cc chc nng qun tr nh lp h s cp ng h, hy hp ng, qun l doanh s, gn quyn, cung cp thng tin cho ngi dng khi c nhu cu v mt s chc nng qun tr khc','A.Sinh vin tham gia  ti\r\n \r\n 1) Nm vng kin thc, k nng lp trnh Java\r\n 2) C kin thc, k nng trin khai d n phn mm y  qui trnh t Requirement => Design => Coding => Unit Testing\r\n 3) C nng lc y  v Lp k hoch, theo di tin , phn tch cc vn  pht sinh trong qu trnh thc hin d n.\r\n \r\n \r\n B.Sn phm\r\n 1) C ti liu m t Yu cu d n.\r\n 2) C ti liu m t Thit k kin trc ca d n.\r\n 3) C ti liu m t Thit k chi tit cho chc nng chnh ca d n.\r\n 4) C m ngun c lu vt (tracking) nh k trn h thng qun l phin bn (version control) nh Subversion hoc Git; M ngun trnh by r rng, d hiu theo tiu chun  c thng nht.\r\n 5) C ti liu m t tnh hung test v kt qu test cho chc nng chnh ca d n.\r\n 6) C ti liu m t cch bin dch, ng gi v hng dn nng cp m ngun cho d n.\r\n 7) Vit bi bo khoa hc','Yu cu cng:  hon thnh mn Cng ngh mi trong SE  mc kh gii\r\n am m nghin cu cng ngh, lp trnh Mobile\r\n - C kin thc c bn v Java, Swift hoc React Native\r\n - C tinh thn hc hi v mong mun lm sn phm theo quy trnh cng nghip: tun th tiu chun khi vit m ngun, C hot ng m bo cht lng m ngun\r\n Kh nng nghin cu khoa hc l mt li th','APPROVED','2024-08-10 15:38:22','2024-08-10 22:01:27','ade39f51-5c1f-494e-b068-f4be124f6767'),('3708372f-1593-43ad-a0f7-c68adbc659e1','21','Xy dng ng dng quan li vn chuyn hng ha logistic','ng dng c trin khai v gip cho ngi dng ti u hiu\r\nqu vic kinh vn ti linh hot, gim chi ph nhn cng, gim\r\nthi gian vn chuyn, gim gi thnh sn phm, an ton cho ngi\r\n dng',2,' iu kin duyt.','- Xy dng c ng dng vn chuyn hng ha logistic.\r\n- T chc lm vic nhm, trin khai s dng c \r\ncng c Github  qun l m ngun.\r\n- ng dng cc gii php cng ngh  xy dng ng dng \r\nti u\"','Hin thc c v trin khai c ng dng ti u','Xy dng v trin khai c ng dng theo yu cu thc t\r\n- Vit ti liu bo co r rng theo quy nh (ng cu trc, y  ni dung, trch dn, \r\nti liu tham kho).\r\n- Bi bo co phi phi th hin chi tit cc qu trnh: Thu thp yu cu, phn tch thit k, \r\nhin thc ng dng, kim th, trin khai.\r\n- Yu cu v ng dng:\r\n+ H thng p ng vi c t ca bi ton, ph hp thc tin; cc rng buc ton vn, ti u\r\ntrong chng trnh hp l.\r\n+ Chng trnh nhiu ngi dng trong mi trng network.\r\n+ CSDL bo mt, backup.\r\n+ Giao din chc nng v phi chc nng linh hot thn thin ngi dng.\r\n+ Pht sinh t ng documents.\"','- Kin thc:\r\n+ Nm vng kin thc v phng php lp \r\ntrnh.\r\n+ Nm vng kin thc m hnh ha d liu,\r\nphn tch thit k h thng.\r\n+ Lp trnh: Java 8+, Hibernate Framework, \r\n(Java Servlet, JSP, JSF hoc Spring \r\nFramework), \r\nWeb Servers, Log4j, CSS3, HTML5, \r\nJavaScript,\r\n jQuery, Bootstrap4 .\r\n+ Nm vng kin thc v CSDL.\r\n+ Bit xy dng h thng phn tn; web \r\nservice.\r\n- K nng:\r\n+ S dng thnh tho phn mm Enterprise \r\nArchitect. cc ngn ng lp trnh.\r\n+ Lm vic nhm.\r\n- Thi : Lm vic nghim tc.','APPROVED','2024-08-10 15:38:22','2024-08-10 22:01:33','8d81ec71-666d-43cb-823f-3c0fe12bb03c'),('38c67892-7a85-429f-9cef-589315a88dff','22','App qun l hc vin v hng dn nh Cu Lng (Badminton App)','- Pht trin cc module c trong ng dng. Trao i thm vi gio vin hng dn.',2,' iu kin duyt.','- Vn dng kin thc  hc, nghin cu ti liu  vit ng dng c tnh thc t.','- Publish mt ng dng hon chnh Mobile App','A.Sinh vin tham gia  ti\r\n1) Nm vng kin thc, k nng lp trnh cc ngn ng yu cu.\r\n2) C kin thc, k nng trin khai d n phn mm y  qui trnh t Requirement => Design => Coding => Unit Testing\r\n3) C k nng lp trnh s dng th vin ngoi.\r\nB.Sn phm\r\n1) C ti liu m t Yu cu d n.\r\n2) C ti liu m t Thit k chi tit cho chc nng chnh ca d n.\r\n3) C m ngun c lu vt (tracking) nh k trn h thng qun l phin bn (version control) nh Subversion hoc Git; M ngun trnh by r rng.\r\n4) C ti liu m t tnh hung test v kt qu test cho chc nng chnh ca d n.\r\n5) C ti liu m t cch bin dch, ng gi v hng dn nng cp m ngun cho d n.','- Lp Trnh c Java Spring Boot, Python hoc NodeJS pha Back End di dng cc API.\r\n- Lp trnh c React Native hoc Flutter.\r\n- S dng c cng c thit k Figma, Adobe XD\r\n- S dng c cc cng c qun l v phn task nh trello, jira...\r\n- Hiu bit c bn v Docker, Agile-Scrum\r\n- S dng c cc cng c Git, Github  qun l m ngun.\r\n- Hiu bit c bn v Test manual, Automation Test\r\n- Hiu bit cc dch v c bn trn AWS\r\n- a sn phm c ln AWS\r\n- Hiu bit s v DevOps\r\n- C tinh thn cu tin v mun hc hi. Nu cha bit c th trao i vi gio vin theo l trnh lm.','APPROVED','2024-08-10 15:38:22','2024-08-10 21:42:59','0f9533e5-b3d5-4f50-a5b9-499a6d760855'),('39e0449a-bb45-4af2-9fbe-d5950b003907','23','H thng qun l trung tm chm sc xe','Tri nghim qui trnh trong vic pht trin phn mm:\r\n  + Tm hiu, thu thp requirement t khch hng;\r\n  + Lp k hoch cho d n, phn b v qun l task;\r\n  + Thit k giao din mockup, ti liu SRS, User manual, ...;\r\n  + Coding h thng trn nn tng website hoc app mobile hoc trn c 2 nn tng;\r\n  + To cc test scenario v kim th h thng;\r\n  + Deploy h thng.',2,' iu kin duyt.','1. Gip sinh vin nm c quy trnh c bn v vic thit k v pht trin phn mm. Bt u t giai on thu thp yu cu cho n vic hin thc, kim th v trin khai phn mm n khch hng.\r\n2. Gip sinh vin h thng li kin thc v vn dng kin thc  hc  xy dng mt sn phm phn mm c th.\r\n3. Gip sinh vin hiu c gc nhn  pha khch hng v yu cu d n, t  c th t vn cho khch hng  c c mt sn phm hu t.','Pht trin h thng h tr qun l cho trung tm chm sc xe, c th:\r\n - Qun l c cc master data lin quan nh khch hng, dch v, loi xe, cc loi d liu dng hierarchy ...;\r\n - Ci t v qun l n gi cho tng loi dch v v cc chng trnh khuyn mi cho tng loi i tng;\r\n - Qun l hot ng hng ngy ca trung tm nh: ha n, cc dch v m khch hng  s dng v cc hot ng bo tr/bo hnh (nu c);\r\n - Khch hng c th ng nhp vo h thng, xem thng tin, lch s cc dch v m mnh  s dng, cng nh trng thi xe.\r\n - Thc hin cc biu mu thng k lin quan n doanh thu, khch hng, ...','A.Sinh vin tham gia  ti\r\n 1) Nm v hiu c quy trnh pht trin phn mm (Planning > Analysis > Design > Implementation > Testing & Integration > Maintenance);\r\n 2) C kh nng lp k hoch, qun l tin  d n cng nh kh nng x l cc vn  pht sinh trong qu trnh pht trin d n;\r\n 3) Hiu c vai tr ca cc role trong d n;\r\n 4) C kin thc trong vic tip thu v phn tch yu cu, nng cao k nng lm ti liu.\r\n B.Sn phm\r\n 1) C ti liu m t yu cu d n, ti liu thit k kin trc ca d n, ti liu m t thit k chi tit cho chc nng chnh ca d n.\r\n 2) M ngun trnh by r rng, d hiu theo tiu chun  c thng nht.\r\n 3) C ti liu m t cc test scenario v kt qu test (evidence) cho chc nng chnh ca d n;\r\n 4) B cc giao din r rng, n gin ha cc thao tc, d s dng;\r\n 5) Ch  n tri nghim ngi dng vi tiu ch h thng h tr ngi dng ti a nht c th.','Yu cu bt buc:\r\n - C kh nng lp trnh website v app mobile;\r\n - S dng thnh tho t nht 1 loi CSDL;\r\n - C trch nhim vi cng vic mnh c phn cng;\r\n - Lun i hi s hon thin cao  sn phm;\r\n - Mun tri nghim quy trnh pht trin phn mm thc t;\r\n - C tinh thn hc hi, dm chp nhn sai v sa sai.','APPROVED','2024-08-10 15:38:22','2024-08-10 22:01:38','deb0b8f3-aef7-4cdb-b88a-adb87b4e8e75'),('4224850b-119a-49e5-82be-43154889fadf','24','Xy dng website tm kim v cho thu bt ng sn kinh doanh \r\ntrn nn tn di ng','ng dng tm kim v cho thu bt ng sn v kinh doanh\r\n trn nn tng di ng gip cho ngi dng ti u hiu qu \r\nvic kinh\r\n doanh m thc linh hot, gim chi ph nhn cng, gim thi\r\ngian vn chuyn, gim gi thnh sn phm, an ton cho ngi\r\n dng.',2,' iu kin duyt.','- Xy dng c ng dng tm kim v cho thu bt ng \r\nsn kinh doanh trn nn tng di ng.\r\n- T chc lm vic nhm, trin khai s dng c \r\ncng c Github  qun l m ngun.\r\n- ng dng cc gii php cng ngh  xy dng ng dng \r\nti u','Hin thc v trin khai c ng dng chy trn \r\nnn tng di ng.','- Xy dng v trin khai c ng dng theo yu cu thc t\r\n- Vit ti liu bo co r rng theo quy nh (ng cu trc, y  ni dung, trch dn, \r\nti liu tham kho).\r\n- Bi bo co phi phi th hin chi tit cc qu trnh: Thu thp yu cu, phn tch thit k, \r\nhin thc ng dng, kim th, trin khai.\r\n- Yu cu v ng dng:\r\n+ H thng p ng vi c t ca bi ton, ph hp thc tin; cc rng buc ton vn, \r\ntrong chng trnh hp l.\r\n+ Chng trnh nhiu ngi dng trong mi trng network.\r\n+ CSDL bo mt, backup.\r\n+ Giao din chc nng v phi chc nng linh hot thn thin ngi dng.\r\n+ Pht sinh t ng documents.\"','\"- Kin thc:\r\n+ Nm vng kin thc v phng php lp \r\ntrnh.\r\n+ Nm vng kin thc m hnh ha d liu,\r\nphn tch thit k h thng.\r\n+ Lp trnh: Java 8+, Hibernate Framework, \r\n(Java Servlet, JSP, JSF hoc Spring \r\nFramework), \r\nWeb Servers, Log4j, CSS3, HTML5, \r\nJavaScript,\r\n jQuery, Bootstrap4 .\r\n+ Nm vng kin thc v CSDL.\r\n+ Bit xy dng h thng phn tn; web \r\nservice.\r\n- K nng:\r\n+ S dng thnh tho phn mm Enterprise \r\nArchitect. cc ngn ng lp trnh.\r\n+ Lm vic nhm.\r\n- Thi : Lm vic nghim tc.\"\"\"','APPROVED','2024-08-10 15:38:22','2024-08-10 21:42:56','8d81ec71-666d-43cb-823f-3c0fe12bb03c'),('4278a22d-3cb5-456e-9cd2-44ca8c91407c','25','Xy dng h thng chm sc sc khe thng minh (Healthcare)','Nghin cu cc cng ngh lp trnh:NET/ .NET core, hoc Java\r\n- Tm hiu v thc hin vic ly requiremnt t khch hng \r\n- Tm hiu v thc hin vic vit test case  test h thng\r\n- Hiu c cc h thng lp trnh c c ch Chatbot\r\n- Hiu v thc hnh c cc kin trc Microservice',2,' iu kin duyt.','Tri nghim qui trnh  trong vic pht trin phn mm:\r\n  + Tm hiu requirement t khch hng \r\n  + Design SRS, ADD, DDD\r\n  + Coding h thng vi NET/.NET core, C++\r\n  + Tm hiu v chatbot\r\n  + Thc hin testing \r\n  + Deploy h thng (cloud computing)','Trin khai mt s h thng chm sc sc khe cho cc bi ton nh:\r\n-Thu thp thng tin bnh nhn nhm a ra cc cnh bo\r\n- ng dng Chatbot nhm h tr h t vn thng minh cho bnh nhn.\r\n- Xy dng tp lut cho cc nhm bnh t chuyn gia, gip h thng h tr x l t ng\r\n- ng dng cc API v  nhm xy dng cc ng dng  dng Microservice','A.Sinh vin tham gia  ti\r\n1) Nm vng kin thc, k nng lp trnh Java hoc C# (nu c kin thc Python l mt li th)\r\n2) C kin thc, k nng trin khai d n phn mm y  qui trnh t Requirement => Design => Coding => Unit Testing\r\n3) C nng lc y  v Lp k hoch, theo di tin , phn tch cc vn  pht sinh trong qu trnh thc hin d n.\r\n4) C kin thc v AI\r\n\r\n\r\nB.Sn phm\r\n1) C ti liu m t Yu cu d n.\r\n2) C ti liu m t Thit k kin trc ca d n.\r\n3) C ti liu m t Thit k chi tit cho chc nng chnh ca d n.\r\n4) C m ngun c lu vt (tracking) nh k trn h thng qun l phin bn (version control) nh Subversion hoc Git; M ngun trnh by r rng, d hiu theo tiu chun  c thng nht.\r\n5) C ti liu m t tnh hung test v kt qu test cho chc nng chnh ca d n.\r\n6) C ti liu m t cch bin dch, ng gi v hng dn nng cp m ngun cho d n.\r\n7) Bi bo khoa hc','Yu cu cng:  hon thnh mn Cng ngh mi trong SE  mc kh gii \r\nam m nghin cu cng ngh Web, lp trnh Mobile\r\n- C kin thc c bn v Java, Swift hoc React Native\r\n- C tinh thn hc hi v mong mun lm sn phm theo quy trnh cng nghip: tun th tiu chun khi vit m ngun, C hot ng m bo cht lng m ngun\r\nSinh vin c kh nng nghin cu l mt u th','APPROVED','2024-08-10 15:38:22','2024-08-10 22:01:41','a7ab968e-6d34-41f5-b85d-d219f209798d'),('43a4b05d-8e63-45a4-adea-efc1478418b4','26','Xy Dng Website Bn Hng Thi Trang Tch Hp Chatbot','Phm vi mi trng: Website\r\nPhm vi chc nng:\r\n1. i vi chatbot:\r\n- Chatbot tr li chnh xc theo kch bn\r\n- Hiu c tng i ngn ng ting Vit\r\n- H tr t hng trc tuyn\r\n- Da vo cu tr li ca khch hng  a ra sn phm ph hp\r\n- Lu tr cc cu tr li ca ngi dng  phc v vic phn tch v x l\r\n2. i vi ngi dng:\r\n- Xc thc v chnh sa thng tin c nhn\r\n- Xem cc sn phm hin th trn Website, xem chi tit tng sn phm\r\n- Xem danh sch cc chi nhnh ca ca hng\r\n- Tm kim v lc ra cc sn phm ph hp\r\n- Thm sn phm vo gi hng v xem chi tit gi hng\r\n- Thanh ton n hng v xem lch s t hng\r\n- Gi nh gi v phn hi cho ch shop\r\n- Tng tc vi chatbot hoc nhn vin chm sc khch hng\r\n- Xem thng tin khuyn mi\r\n3. i vi ch shop:\r\n- Xc thc ngi dng\r\n- Qun l ngi dng ( Xem danh sch ngi dng trong h thng, c th thm,\r\nsa, xa ngi dng)\r\n- Qun l danh mc sn phm (Xem danh sch danh mc trong h thng, c\r\nth thm, sa, xa danh mc)\r\n- Qun l sn phm (Xem danh sch sn phm trong h thng, c th thm,\r\nsa, xa sn phm )',2,' iu kin duyt.','1. Xy dng Website:\r\n- C y  cc chc nng c bn ca mt Website bn hng.\r\n- C giao din thn thin, d thao tc v s dng.\r\n- Cung cp trang qun tr cho ch shop.                                                                                                                                          -Tch hp chatbot gi  sn phm\r\n2. Xy dng chatbot:\r\n- T ng a ra cc cu tr li nhanh, chnh xc cc cu hi ca ngi dng\r\n- C kh nng a ra cc cu tr li t ng.\r\n- Cung cp y  thng tin v sn phm cho ngi dng.\r\n- Lu tr thng tin, kt qu t cu tr li ca ngi dng.','Xy dng c Website p ng c tt c cc chc nng   ra','Cng ngh s dng:\r\n- Fontend: Html, Css, Javascript v Framework Boostrap, Jquery\r\n- Backend: PHP v Framework Laravel\r\n- Database: Mysql\r\n- Source Control: Github\r\n- Dialogflow v Chatfuel','- SV c kin thc v lp trnh Web.\r\n- SV c tinh thn t gic hc hi.\r\n- SV c am m nghin cu v cng ngh','APPROVED','2024-08-10 15:38:22','2024-08-10 22:24:55','c6ce4103-ef78-4a68-9bc8-f5a07711aef0'),('44249e62-177f-4877-8d54-3bcf2e967f29','27','Xy dng ng dng t in thuc trn Android','- ng dng t in thuc ngi dung co th s dung tra cu \r\ntim kim thng tin thuc trn nn tng di ng, gip cho \r\nngi dng co c thng tin hiu ich khi s dung thuc.',2,' iu kin duyt.','- Xy dng c ng dng t in thuc giup ngi dung\r\n tim kim tra cu thng tin thuc \r\ntrn nn tng di ng.\r\n- T chc lm vic nhm, trin khai s dng c \r\ncng c Github  qun l m ngun.\r\n- ng dng cc gii php cng ngh  xy dng ng dng \r\nti u','Hin thc v trin khai c ng dng chy trn \r\nnn tng di ng.','Xy dng v trin khai c ng dng theo yu cu thc t\r\n- Vit ti liu bo co r rng theo quy nh (ng cu trc, y  ni dung, trch dn, \r\nti liu tham kho).\r\n- Bi bo co phi phi th hin chi tit cc qu trnh: Thu thp yu cu, phn tch thit k, \r\nhin thc ng dng, kim th, trin khai.\r\n- Yu cu v ng dng:\r\n+ H thng p ng vi c t ca bi ton, ph hp thc tin; cc rng buc ton vn, ti u\r\ntrong chng trnh hp l.\r\n+ Chng trnh nhiu ngi dng trong mi trng network.\r\n+ CSDL bo mt, backup.\r\n+ Giao din chc nng v phi chc nng linh hot thn thin ngi dng.\r\n+ Pht sinh t ng documents.\"','- Nm vng kin thc v phng php lp \r\ntrnh.\r\n- Nm vng kin thc m hnh ha d liu,\r\nphn tch thit k h thng. \r\nLp trnh c Java  x l Front End trn \r\nh iu hnh Android.\r\n- S dng c cc cng c Git, Github  \r\nqun l m ngun.\r\n- Hiu c Kin trc service v ng dng \r\nvo phn mm thc t.\r\n- ng dng Firebase  lp trnh Authentication\r\n vo ng dng.','APPROVED','2024-08-10 15:38:22','2024-08-10 22:24:58','8d81ec71-666d-43cb-823f-3c0fe12bb03c'),('4494a55a-68dc-496f-9133-5b754af05d00','28','Xy dng phn mm t vn tuyn sinh trc tuyn','\" ng dng gip ngi dng tra cu thng tin cc ngnh tuyn sinh\r\n trn h thng linh hot, im chun ca ngnh cc nm ca \r\ntrng. nh hng tr gip ngi dng chn c ngnh hc ph hp\r\nBo mt thng tin ngi dng\"',2,' iu kin duyt.','\"- Xy dng c ng dng giup ngi dung\r\n tim kim tra cu thng tin tr gip tuyn sinh\r\ntrn nn tng PC, di ng.\r\n- T chc lm vic nhm, trin khai s dng c \r\ncng c Github  qun l m ngun.\r\n- ng dng cc gii php cng ngh  xy dng ng dng \r\nti u bo mt\"','\"Hin thc v trin khai c ng dng chy trn \r\nnn tng PC, di ng\"','\"Xy dng v trin khai c ng dng theo yu cu thc t\r\n- Vit ti liu bo co r rng theo quy nh (ng cu trc, y  ni dung, trch dn, \r\nti liu tham kho).\r\n- Bi bo co phi phi th hin chi tit cc qu trnh: Thu thp yu cu, phn tch thit k, \r\nhin thc ng dng, kim th, trin khai.\r\n- Yu cu v ng dng:\r\n+ H thng p ng vi c t ca bi ton, ph hp thc tin; cc rng buc ton vn, ti u\r\ntrong chng trnh hp l.\r\n+ Chng trnh nhiu ngi dng trong mi trng network.\r\n+ CSDL bo mt, backup.\r\n+ Giao din chc nng v phi chc nng linh hot thn thin ngi dng.\r\n+ Pht sinh t ng documents.\"\"\"\"\"\"\"','\"\"\"- Nm vng kin thc v phng php lp \r\ntrnh.\r\n- Nm vng kin thc m hnh ha d liu,\r\nphn tch thit k h thng. \r\nLp trnh c Java  x l Front End trn \r\nh iu hnh Android.\r\n- S dng c cc cng c Git, Github  \r\nqun l m ngun.\r\n- Hiu c Kin trc service v ng dng \r\nvo phn mm thc t.\r\n- ng dng Firebase  lp trnh Authentication\r\n vo ng dng.\"\"\"','APPROVED','2024-08-10 15:38:22','2024-08-10 22:25:01','8d81ec71-666d-43cb-823f-3c0fe12bb03c'),('461ba06e-a9f4-4667-98df-66b7ca706648','29','ng dng s tim chng gia nh','- Tham kho qua cc ng dng hin c, m t r rng, c th yu cu ca ng dng.\r\n- Mi i tng c qun l tim chng c cp mt m vch i km  d dng cp nht d liu sau mi ln tim.\r\n- Lng d liu th phi tng i ln v tht.\r\n- ng gi v phn phi ng dng.',2,' iu kin duyt.','- Tm hiu yu cu cho ng dng, ph hp vi thc t.\r\n- Xy dng ng dng theo quy trnh, ph hp vi yu cu  xc nh.','ng dng s tim chng gia nh','A.Sinh vin tham gia  ti\r\n1) Nm vng kin thc, k nng lp trnh C#.\r\n2) C kin thc, k nng trin khai d n phn mm y  qui trnh t Requirement => Design => Coding => Unit Testing.\r\n3) C nng lc y  v lp k hoch, theo di tin , phn tch cc vn  pht sinh trong qu trnh thc hin d n.\r\nB.Sn phm\r\n1) Ti liu m t yu cu.\r\n2) Ti liu m t thit k.\r\n3) Ti liu m t thit k chi tit cho chc nng chnh.\r\n4) M ngun (c lu vt nh k trn h thng qun l phin bn nh SubVersion hoc Git; m ngun trnh by r rng, d hiu theo tiu chun  c thng nht).\r\n5) Ti liu m t tnh hung test v kt qu test cho chc nng chnh ca d n.\r\n6) Ti liu m t cch bin dch, ng gi v hng dn nng cp m ngun cho d n.','- am m nghin cu cng ngh, lp trnh.\r\n- C tinh thn hc hi v mong mun lm sn phm theo quy trnh cng nghip: tun th tiu chun khi vit m ngun, c hot ng m bo cht lng m ngun.\r\n- C kh nng vit m t yu cu ng dng.','APPROVED','2024-08-10 15:38:22','2024-08-10 22:25:03','c2461deb-0f4d-4666-bc84-57d26993cf0d'),('4a27380a-8c81-4a20-bdfa-4feb75d50061','30','Cu h xe v ngi  24/7','- S dng cng ngh GPS  theo di v nh v v tr ca xe cu h v cc xe cn cu h.\r\n - Cc i tng cn kt ni cu h ngi\r\n - Cc i tng cn lm dch v cu h\r\n- Qun l dch v cu h  theo di yu cu, iu phi cng vic, v qun l khch hng.',2,' iu kin duyt.','- Phn tch nghip v, k thut cu h xe, ngi\r\n - Hiu c kin trc tng th h thng vn hnh qua thit b di ng, web\r\n - S dng c cc cng ngh lp trnh trn ngn ng Android, java hoc csharp.\r\n - Bit cch vit ng dng da trn thit b i ng, kt hp web\r\n- Bo gi, kt ni vi khch hng cn cu h','- Theo di thng k lch cc v tr xe cu h\r\n - D bo kh nghi trong tng tc  khi cu h\r\n - Cc bo co  cho khach hng cn thit v tr ca xe cu h theo thi gian thc (chia s hnh trnh).\r\n - Bo co thu chi xe cu h cho ch ng dng','A.Sinh vin tham gia  ti\r\n 1) Nm vng kin thc, k nng lp trnh trn HH android hoc IOS, web\r\n 2) C kin thc, k nng trin khai d n phn mm y  qui trnh t Requirement => Design => Coding => Unit Testing\r\n 3) C nng lc y  v Lp k hoch, theo di tin , phn tch cc vn  pht sinh trong qu trnh thc hin d n.\r\n 4) C th thu thp thng tin v phn tch cc vn  pht sinh.\r\n B.Sn phm\r\n 1) C ti liu m t Yu cu d n.\r\n 2) C ti liu m t Thit k kin trc ca d n.\r\n 3) C ti liu m t Thit k chi tit cho chc nng chnh ca d n.\r\n 4) C ti liu m t tnh hung test v kt qu test cho chc nng chnh ca d n.\r\n 5) C ti liu m t cch bin dch, ng gi v hng dn nng cp m ngun cho d n.','- am m nghin cu cng ngh, thut ton.\r\n - C kin thc c bn v lp trnh thit b di ng nh trn HDH Android\r\n - C tinh thn hc hi v mong mun lm sn phm theo thng mi cng ng\r\n- C kin thc v Web','APPROVED','2024-08-10 15:38:22','2024-08-10 22:25:15','de73f2b5-f0f9-4b16-86ac-d52852d3e672'),('4c488d96-86ff-4e2c-9970-c0680cc17024','31','Qun l thit b, phn mm cho \r\n phng my tnh HCN','- Tm hiu r rng v a ra cc yu cu v nhu cu cn trao i v chia s ca cc cha m \r\n  v con ci ca h nh tnh tnh, cch dy d, gio dc gii tnh ....\r\n  - T  dn n vic phn tch CSDL hin thc ng n\r\n  - p dng c cc kin thc  hc  thit k v xy dng website. \r\n  - SV c th tm hiu thm cc kin thc khc p dng cho vic to 1 Website',2,' iu kin duyt.','- Phn tch nghip v thc t ca vic qun l phng my tnh\r\n  - S dng c cc cng ngh lp trnh Node JS, HTML5, CSS3, jQuery, Ajax','-Cho php qun l bit lch trc ca phng my\r\n  - Cp nht tnh hnh phng my Theo thi gian (ngy, tun vv)\r\n  - D bo cc thit b chun b thay th\r\n  - D bo cc thit b sa cha dc, khng sa cha dc phi thay th\r\n  - D bo cc hng hc Phn cng Theo m t.\r\n  - cc Phn mm cn thit Cho phng my c th\r\n  - Xem lch hc cc phng my','A.Sinh vin tham gia  ti\r\n  1) Nm vng kin thc, k nng thit k Web v lp trnh vi c ngn ng nh Java, C#\r\n  2) C kin thc, k nng trin khai d n website y  qui trnh t Requirement => Design => Coding => Unit Testing=>Maintaining.\r\n  3) C nng lc y  v lp k hoch, theo di tin , phn tch cc vn  pht sinh trong qu trnh thc hin d n.\r\n  B.Sn phm\r\n  1) Ti liu Bo co kha lun theo mu quy nh ca FIT IUH.\r\n  2) Ti liu m t yu cu.\r\n  3) Ti liu m t thit k.\r\n  4) Ti liu m t thit k chi tit cho chc nng chnh.\r\n  5) M ngun (c lu vt nh k trn h thng qun l phin bn nh SubVersion hoc Git; m ngun trnh by r rng, d hiu theo tiu chun  c thng nht).\r\n  7) Ti liu m t tnh hung test v kt qu test cho chc nng chnh ca d n.\r\n  8) Ti liu m t cch trin khai Website\r\n  9) Ti liu hng dn nng cp mi theo nhu cu','- SV c am m v lp trnh v phn tch h thng \r\n  -SV c kin thc v lp trnh Web\r\n  - SV phi chu kh hc hi v c tinh thn lm vic t gic','APPROVED','2024-08-10 15:38:22','2024-08-10 22:10:55','de73f2b5-f0f9-4b16-86ac-d52852d3e672'),('4f98d72b-9d9f-4cbe-a0e8-0aa31ab1e0ad','32','Xy dng phn mm qun l nh thuc','Cng c h tr cho nhn vin nh thuc, qun l v khch hng (app)\r\n To ra mt h thng gm ng dng chy trn Desktop, di ng\r\n Gip ngi dng c kh nng qun l thng tin thuc, doanh thu v cc bo biu khc',2,' iu kin duyt.','Lp trnh c trn HDH Androi v Desktop bng ngn ng Java\r\n - Phn tch, thit k ng dng .\r\n - Hin thc c ng dng, trin khai c thnh cc App trn nn tng android','Hin thc v trin khai c ng dng thnh cc App trn nn tng android v Desktop.','A.Sinh vin tham gia  ti\r\n 1) Nm vng kin thc, k nng lp trnh Java, lp trnh TBD trn Android\r\n 2) c ti liu ting Anh, tm kim ti liu, K nng vit bo co, ti liu thuyt trnh\r\n 3) C nng lc y  v Lp k hoch, theo di tin , phn tch cc vn  pht sinh trong qu trnh thc hin  ti. \r\n 4) C k nng s dng tch hp cng ngh mi v  ti.\r\n B.Sn phm\r\n 1) C ti liu m t Yu cu d n.\r\n 2) C ti liu m t Thit k kin trc ca d n.\r\n 3) C ti liu m t Thit k chi tit cho chc nng chnh ca d n.\r\n 4) C m ngun c lu vt (tracking) nh k trn h thng qun l phin bn (version control) nh Subversion hoc Git; M ngun trnh by r rng, d hiu theo tiu chun  c thng nht. \r\n 5) C ti liu m t tnh hung test v kt qu test cho chc nng chnh ca d n.\r\n 6) C ti liu m t cch bin dch, ng gi v hng dn nng cp m ngun cho d n.','- C kin thc lp trnh trn thit b di ng.\r\n  -C tinh thn hc hi v mong mun lm sn phm theo quy trnh cng nghip: tun th tiu chun khi vit m ngun, c hot ng m bo cht lng m ngun.\r\n -Bit cch tm hiu nhu cu thc t ca ngi dng.\r\n -C kh nng vit m t yu cu ng dng.','APPROVED','2024-08-10 15:38:22','2024-08-10 22:25:18','ade39f51-5c1f-494e-b068-f4be124f6767'),('4fa2c646-08f3-48c2-8b35-31f39fb5f430','33','ng dng cng ngh blockchain trong pht trin h thng cho thu nh v hp ng thng minh','<p>- Ngi Cho Thu: C th ng ti thng tin chi tit v phng tr, bao gm hnh nh, m t, gi c v iu kin thu. - Ngi Thu: C th tm kim phng tr theo cc tiu ch nh v tr, gi c v tin ch. - Hp ng thng minh c to ra khi ngi thu v ngi cho thu ng  vi cc iu khon. - H thng h tr thanh ton bng tin in t, m bo minh bch v an ton. - Tt c cc giao dch v thng tin lin quan u c lu tr trn blockchain, m bo tnh minh bch v khng th thay i. - Chatbot h tr ngi dng trong vic tm kim phng tr da theo yu cu - Gi thng bo n ngi dng v cc khon thanh ton sp ti, m bo h khng b l bt k t thanh ton no.</p>',1,' iu kin duyt.','<p>Vn dng kin thc  hc, nghin cu ti liu  vit ng dng c tnh thc t.</p>','<p>ng dng phi c tnh thc t v p dng c.</p>','<p>- Vit ti liu bo co r rng theo quy nh (ng cu trc, y  ni dung, trch dn, ti liu tham kho). - Bi bo co phi phi th hin chi tit cc qu trnh: Thu thp yu cu, phn tch thit k, hin thc ng dng, kim th, trin khai. - Yu cu v ng dng:  Phn qun l dng web, phn cho ngi dng dng web app hoc mobile  H thng p ng vi c t ca bi ton, ph hp thc tin.  Rng buc cht ch cc rng buc ton vn c th c trong chng trnh.  Chng trnh nhiu ngi dng trong mi trng network.  Data, backup, security.  Giao din thn thin ngi dng.  Coding conventions.  Pht sinh t ng documents.</p>','<p>Yu cu i vi sinh vin - Kin thc:  Nm vng kin thc v lp trnh hng i tng v m hnh ha d liu.  Nm vng kin thc v phn tch thit k h thng.  Lp trnh: NextJS, NodeJS, Typescript, Python, MongoDB, Redis, Elasticsearch, PostgreSQL  Nm vng kin thc v SQL hoc NoSQL.  Bit v miroservices v h thng phn tn.  Bit v web service v REST.   hoc ang hc cc mn hc: LT Phn tn Java, Kin trc v Thit k Phn mm, LT WWW Java. - K nng:  c ti liu ting anh, tm kim nh gi ti liu.  S dng thnh tho phn mm Enterprise Architect.  Github  Lm vic nhm. - Thi :  Lm vic nghim tc, khng sao chp bi lm ca ngi khc  bt c hnh thc no.  Gp v bo co vi ging vin hng dn hng tun. Ngh qu 3 tun khng l do, ging vin t chi hng dn tip.</p>','APPROVED','2024-08-10 15:38:22','2024-08-13 22:21:52','c11e126e-fdea-4e26-b088-d726d492eb15'),('500492c8-3410-4dd5-8313-e77de9f6d153','34','H thng h tr qun l cu lc b Ti nng lp trnh IUH Talent Software Engineers Club (IUH TSE Club)','<p><span style=\"color: rgb(0, 0, 0);\">Cc cng vic cn thc hin  t c mc tiu v a ra c sn phm d kin:</span></p><p><span style=\"color: rgb(0, 0, 0);\"> (1) Tm hiu r quy trnh nghip v</span></p><p><span style=\"color: rgb(0, 0, 0);\"> (2) Thu thp yu cu ngi dng</span></p><p><span style=\"color: rgb(0, 0, 0);\"> (3) Thc hin phn tch v thit k h thng t c yu cu h thng v ng quy trnh nghip v</span></p><p><span style=\"color: rgb(0, 0, 0);\"> (4) Hin thc h thng t bn thit k</span></p><p><span style=\"color: rgb(0, 0, 0);\"> (5) Trin khai, cho chy thc nghim, kim th, phn tch kt qu</span></p>',2,' iu kin duyt.','<p><span style=\"color: rgb(0, 0, 0);\">1. Gip SV tm hiu c cc hot ng, quy trnh qun l cu lc b </span></p><p><span style=\"color: rgb(0, 0, 0);\"> 2. Vn dng c cc kin thc  hc : thu thp v phn tch c quy trnh nghip v qun l cu lc b, yu cu ca ngi dng; thit k c h thng qun l cu lc b p ng c yu cu ngi dng v ng vi quy trnh nghip v.</span></p><p><span style=\"color: rgb(0, 0, 0);\"> 3. Hin thc, kim th v trin khai c h thng qun l cu lc b IUH TSE Club ti trng i hc cng nghip</span></p>','<p><span style=\"color: rgb(0, 0, 0);\">H thng qun l cu lc b: App web v di ng</span></p><p><span style=\"color: rgb(0, 0, 0);\">- Qun l c thnh vin</span></p><p><span style=\"color: rgb(0, 0, 0);\">- Qun l c cc hot ng ca cu lc b</span></p><p><span style=\"color: rgb(0, 0, 0);\">- Truyn thng tin tc, s kin v ng k tha gia s kin ca cc thnh vin.</span></p><p><span style=\"color: rgb(0, 0, 0);\">- Bo co thng k h tr qun l</span></p>','<p><span style=\"color: rgb(0, 0, 0);\">- Mt sn phm phn mm c tnh kh thi trong thc t</span></p><p><span style=\"color: rgb(0, 0, 0);\"> - Mt bn bo co k thut v sn phm a ra</span></p><p><span style=\"color: rgb(0, 0, 0);\"> - Cc thnh vin phi thu hiu v trnh by li c ton b nhng cng ngh  p dng trong sn phm phn mm</span></p><p><span style=\"color: rgb(0, 0, 0);\"> - Vit c mt bi bo khoa hc tr hoc bi bo ca IUH</span></p>','<p><span style=\"color: rgb(0, 0, 0);\">- C kh nng pht trin mt h thng thng tin bng cc kin thc chuyn ngnh  c o to</span></p><p><span style=\"color: rgb(0, 0, 0);\"> - C kh nng t hc, t lm vic vi tinh thn trch nhim cao</span></p><p><span style=\"color: rgb(0, 0, 0);\"> - C thi  lm vic c nhn, nhm nghim tc &amp; trch nhim</span></p><p><span style=\"color: rgb(0, 0, 0);\">-  thc bo co vi GVHD hng tun</span></p>','APPROVED','2024-08-13 21:58:11','2024-08-13 21:58:41','4a3eb48d-9f8c-4635-a3d5-e15ee458e414'),('56af2893-bbe7-41ed-89f9-9fdc9ba610c7','35','Xy dng Website bun bn online','- Gip ngi dng  ti nh nhng vn mua bn c cc sn phm trn gian hng.\r\n- Tit kim c khng gian v thi gian khng phi tp trung\r\nn ch v siu th\"',2,' iu kin duyt.','- Xy dng website bn hng trc tuyn:\r\n-Gip ngi dng tham bn v mua hng online ;\r\n-c th chn: \r\n+Gian hng, thng hiu sn phm, c cung cp Website','Hin thc v trin khai c cc gian hng online','- Xy dng v trin khai c ng dng theo yu cu thc t\r\n- Vit ti liu bo co r rng theo quy nh (ng cu trc, y  ni dung, trch dn, \r\nti liu tham kho).\r\n- Bi bo co phi phi th hin chi tit cc qu trnh: Thu thp yu cu, phn tch thit k, \r\nhin thc ng dng, kim th, trin khai.\r\n- Yu cu v ng dng:\r\n+ H thng p ng vi c t ca bi ton, ph hp thc tin; cc rng buc ton vn, \r\ntrong chng trnh hp l.\r\n+ Chng trnh nhiu ngi dng trong mi trng network.\r\n+ CSDL bo mt, backup.\r\n+ Giao din chc nng v phi chc nng linh hot thn thin ngi dng.\r\n+ Pht sinh t ng documents.','- Kin thc:\r\n+ Nm vng kin thc v phng php lp \r\ntrnh.\r\n+ Nm vng kin thc m hnh ha d liu,\r\nphn tch thit k h thng.\r\n+ Lp trnh: Java 8+, Hibernate Framework, \r\n(Java Servlet, JSP, JSF hoc Spring \r\nFramework), \r\nWeb Servers, Log4j, CSS3, HTML5, \r\nJavaScript,\r\n jQuery, Bootstrap4 .\r\n+ Nm vng kin thc v CSDL.\r\n+ Bit xy dng h thng phn tn; web \r\nservice.\r\n- K nng:\r\n+ S dng thnh tho phn mm Enterprise \r\nArchitect. cc ngn ng lp trnh.\r\n+ Lm vic nhm.\r\n- Thi : Lm vic nghim tc.\"\"\"','APPROVED','2024-08-10 15:38:22','2024-08-10 22:25:25','8d81ec71-666d-43cb-823f-3c0fe12bb03c'),('5a385879-84e4-443f-b187-f8a78f502d13','36','Vit chng trnh ng dng H thng thi trc nghim trc tuyn.','- Cho php gio v xp lch thi.\r\n- Gio vin nhp ngn hng cu hi (nhp trc tip hoc import t file txt, xml, csv) v to  thi (trn / o cu hi/ o cu tr li) online hoc offline\r\n- Gio vin c th to nhiu loi cu hi khc nhau (Multiple Choice, Checkbox, Fill-in-the-Blank, Open-Ended, Poll, Draw), c th chn hnh nh, m thanh, video hoc cc k hiu phc tp vo cu hi.\r\n- Khi gio vin cp nht ngn hng cu hi, hoc thm ni dung cu hi s pht thng bo n cc th sinh ng k trn cng mn hc .\r\n- In  thi theo nh dng khc nhau: Web, word, excel \r\n- Cho php th sinh xem kt qu/ xem p n khi xem kt qu.\r\n- H tr cc th sinh n thi trc nghim online trn cc nn tng....\r\n- Ngn chn khng cho th sinh chp cu hi\r\n- H tr/ tho lun hc tp t xa.\r\n- Gi mail/ message lch thi/ nhc lch.\r\n- Chc nng qun l, tm kim, tra cu, thng k, bo co ....\r\n- Rng buc ton vn d liu u vo.\r\n- ng dng chy a nn tng: Mobile, web v desktop app',2,' iu kin duyt.','Vn dng kin thc  hc, nghin cu ti liu  vit ng dng c tnh thc t.','ng dng phi c tnh thc t v p dng c','- Vit ti liu bo co r rng theo quy nh (ng cu trc, y  ni dung, trch dn, ti liu tham kho).\r\n- Bi bo co phi phi th hin chi tit cc qu trnh: Thu thp yu cu, phn tch thit k, hin thc ng dng, kim th, trin khai.\r\n- Yu cu v ng dng:\r\n Phn qun l dng desktop app, phn cho ngi dng dng web app hoc mobile\r\n H thng p ng vi c t ca bi ton, ph hp thc tin.\r\n Rng buc cht ch cc rng buc ton vn c th c trong chng trnh.\r\n Chng trnh nhiu ngi dng trong mi trng network.\r\n Data, backup, security.\r\n Giao din thn thin ngi dng.\r\n Coding conventions.\r\n Pht sinh t ng documents.\r\n Chun b y  tp d liu mu ph hp thc tin v nghip v','Yu cu i vi sinh vin\r\n- Kin thc:\r\n Nm vng kin thc v lp trnh hng i tng v m hnh ha d liu.\r\n Nm vng kin thc v phn tch thit k h thng.\r\n Tm hiu kin trc Message Oriented Middleware (MOM), vn dng linh hot vo ng dng.\r\n Ngn ng Lp trnh: Ty chn Java/Nodejs/JavaScript, Hibernate Framework, (Java Servlet, JSP, JSF hoc Spring Framework), Web Servers, Log4j, Front-End Frameworks (Bootstrap, Angular, React) .\r\n Nm vng kin thc v SQL hoc NoSQL.\r\n Nm vng kin thc v lp trnh mng v h thng phn tn.\r\n Tm hiu RESTful web service, vn dng linh hot vo ng dng.\r\n  hoc ang hc cc mn hc: LT Phn tn Java, Kin trc v Thit k Phn mm, LT WWW Java.\r\n- K nng:\r\n c ti liu ting anh, tm kim nh gi ti liu.\r\n S dng thnh tho phn mm thit k nh: Enterprise Architect/ Visual Paradigm.\r\n Lm vic nhm.\r\n- Thi :\r\n Lm vic nghim tc, khng sao chp bi lm ca ngi khc  bt c hnh thc no.\r\n Gp v bo co vi ging vin hng dn hng tun. Ngh qu 3 tun khng l do, ging vin t chi hng dn tip.','APPROVED','2024-08-10 15:38:22','2024-08-10 22:25:30','c11e126e-fdea-4e26-b088-d726d492eb15'),('5b73be75-a09a-455a-8386-261715fd7a70','37','Xy dng h thng qun l phng khm \r\nda trn hp ng tha thun','Nghin cu cc cng ngh lp trnh:NET/ .NET core, hoc Java\r\n- Tm hiu v thc hin vic ly requiremnt t khch hng \r\n- Tm hiu v thc hin vic vit test case  test h thng\r\n- Hiu c cc h thng lp trnh c c ch Chatbot\r\n- Hiu v thc hnh c cc kin trc Microservice',2,' iu kin duyt.','Tri nghim qui trnh  trong vic pht trin phn mm:\r\n+ Tm hiu cc m hnh khm cha bnh hin nay, m hnh bc s v bnh nhn quan tm\r\n+ Thit k cc chc nng  ngi bnh nhn d dng ng k cc dch v khm cha bnh\r\n+ Thit k cc ti liu SRS, ADD, DDD\r\n+ Coding h thng vi Golang\r\n+ Tm hiu Blockchain v kt hp s dng Smart contract cng ch k s trong vic thc hin cc iu khon cung cp dch v khm cha bnh\r\n+ Tch hp v in t trong vic thanh ton\r\n+ Deploy v tch hp h thng vi cloud computing \r\n+ Thc hin testing trn cc chc nng  trin khai: Unit test, Integration test','Trin khai mt s h thng chm sc sc khe cho cc bi ton nh:\r\n-Ln lch khm cha bnh\r\n-Qun l h s bnh n\r\n-Qun l cc hp ng tha thun dch v trong khm cha bnh\r\n- ng dng cc API v  nhm xy dng cc ng dng  dng Microservice','A.Sinh vin tham gia  ti\r\n1) Nm vng kin thc, k nng lp trnh Java hoc C# (nu c kin thc Python l mt li th)\r\n2) C kin thc, k nng trin khai d n phn mm y  qui trnh t Requirement => Design => Coding => Unit Testing\r\n3) C nng lc y  v Lp k hoch, theo di tin , phn tch cc vn  pht sinh trong qu trnh thc hin d n.\r\n4) C kin thc v AI\r\n\r\n\r\nB.Sn phm\r\n1) C ti liu m t Yu cu d n.\r\n2) C ti liu m t Thit k kin trc ca d n.\r\n3) C ti liu m t Thit k chi tit cho chc nng chnh ca d n.\r\n4) C m ngun c lu vt (tracking) nh k trn h thng qun l phin bn (version control) nh Subversion hoc Git; M ngun trnh by r rng, d hiu theo tiu chun  c thng nht.\r\n5) C ti liu m t tnh hung test v kt qu test cho chc nng chnh ca d n.\r\n6) C ti liu m t cch bin dch, ng gi v hng dn nng cp m ngun cho d n.\r\n7) Bi bo khoa hc','Yu cu cng:  hon thnh mn Cng ngh mi trong SE  mc kh gii \r\nam m nghin cu cng ngh Web, lp trnh Mobile\r\n- C kin thc c bn v Java, Swift hoc React Native\r\n- C tinh thn hc hi v mong mun lm sn phm theo quy trnh cng nghip: tun th tiu chun khi vit m ngun, C hot ng m bo cht lng m ngun\r\nSinh vin c kh nng nghin cu l mt u th','APPROVED','2024-08-10 15:38:22','2024-08-10 22:25:33','a7ab968e-6d34-41f5-b85d-d219f209798d'),('5d67250d-aa1a-4f62-b23b-75a79f40c938','38','ng dng hc ting Anh cho tr em','- ng dng chy trn web hoc trn thit b di ng. \r\n- Tm hiu kh nng to hiu ng, m thanh, hnh nh, hot ha trn nn tng  chn.\r\n- M t r rng, c th yu cu ca ng dng, xc nh r  tui ca tr. Thit k bi hc theo l trnh hoc theo ch , mc ; lng ghp game hoc bi quiz  kim tra kin thc  hc.\r\n- Kho d liu phi tng i ln; m thanh, hnh nh vui ti, bt mt.\r\n- ng gi v phn phi ng dng.\r\n\r\nTham kho: Monkey junior, Babilala, Duolingo, Kids Preschool Learning Game, English Flashcard, LearnEnglish Kids, British Council, English for Kids, Play and Learn English, Kids Educational Game 5',2,' iu kin duyt.','- Tm hiu yu cu cho ng dng, ph hp vi thc t.\r\n- Xy dng ng dng theo quy trnh, ph hp vi yu cu  xc nh.','ng dng hc ting Anh cho tr em','A.Sinh vin tham gia  ti\r\n1) Nm vng kin thc, k nng lp trnh C#.\r\n2) C kin thc, k nng trin khai d n phn mm y  qui trnh t Requirement => Design => Coding => Unit Testing.\r\n3) C nng lc y  v lp k hoch, theo di tin , phn tch cc vn  pht sinh trong qu trnh thc hin d n.\r\nB.Sn phm\r\n1) Ti liu m t yu cu.\r\n2) Ti liu m t thit k.\r\n3) Ti liu m t thit k chi tit cho chc nng chnh.\r\n4) M ngun (c lu vt nh k trn h thng qun l phin bn nh SubVersion hoc Git; m ngun trnh by r rng, d hiu theo tiu chun  c thng nht).\r\n5) Ti liu m t tnh hung test v kt qu test cho chc nng chnh ca d n.\r\n6) Ti liu m t cch bin dch, ng gi v hng dn nng cp m ngun cho d n.','- am m nghin cu cng ngh, lp trnh.\r\n- C tinh thn hc hi v mong mun lm sn phm theo quy trnh cng nghip: tun th tiu chun khi vit m ngun, c hot ng m bo cht lng m ngun.\r\n- C kh nng vit m t yu cu ng dng.','APPROVED','2024-08-10 15:38:22','2024-08-10 22:25:35','c2461deb-0f4d-4666-bc84-57d26993cf0d'),('5e21843d-c4ff-4155-8956-850b83283d22','39','XY DNG WEBSITE NG K  TI V GIM ST THC HIN KHA LUN TT NGHIP CHO SINH VIN KHOA CNTT-IUH','- Tm hiu v kin thc cc chc nng front-end ca Website, Web application.\r\n(HTML, CSS, Boostrap v ngn ng lp trnh JavaScript\r\nNm r ton b qu trnh pht trin web (thit k, pht trin v thc thi)\r\nC kin thc v Responsive Design)\r\n- Tm hiu kin thc v backend nh Java, C#\r\n- Kin thc v DBMS: SQL Server, My SQL, MongoDB\r\n- Tm hiu kin thc v cc Web Services hoc API',2,' iu kin duyt.','- Phn tch vic ng k  ti m bn va thc hin vi GVHD.\r\n- Website p ng ng nhu cu thc t ca SV v GVHD cng nh qun l v mt hnh chnh.\r\n- S dng c cc cng ngh lp trnh Node JS, HTML5, CSS3, jQuery, Ajax, Java','- Website cho php SV thc hin vic ng k  ti KLTN (chn  ti, chn GVHD, ....) \r\n\'- GV thc hin cp nht  ti, kim sot s lng SV ng k theo tng thi im. \r\n\'- GV gim st tin  thc hin  ti ca SV\r\n\'- Ngi QL (Trng BM) gim st cc  ti m GV cp nht. Ngoi ra ngi QL cn c trch nhim gim st vic ng k  ti ca SV vi mi GV, thit lp cc khong thi gian theo tin  thc hin  ti.','A.Sinh vin tham gia  ti\r\n1) Nm vng kin thc, k nng thit k Web v lp trnh C#.\r\n2) C kin thc, k nng trin khai d nwebsite y  qui trnh t Requirement => Design => Coding => Unit Testing=>Maintaining.\r\n3) C nng lc y  v lp k hoch, theo di tin , phn tch cc vn  pht sinh trong qu trnh thc hin d n.\r\nB.Sn phm\r\n1) Ti liu Bo co kha lun theo mu quy nh ca FIT IUH.\r\n2) Ti liu m t yu cu.\r\n3) Ti liu m t thit k.\r\n4) Ti liu m t thit k chi tit cho chc nng chnh.\r\n5) M ngun (c lu vt nh k trn h thng qun l phin bn nh SubVersion hoc Git; m ngun trnh by r rng, d hiu theo tiu chun  c thng nht).\r\n7) Ti liu m t tnh hung test v kt qu test cho chc nng chnh ca d n.\r\n8) Ti liu m t cch trin khai Website\r\n9) Ti liu hng dn nng cp mi theo nhu cu','- SV c am m v lp trnh v phn tch h thng \r\n-SV c kin thc v lp trnh Web\r\n- SV phi chu kh hc hi v c tinh thn lm vic t gic','APPROVED','2024-08-10 15:38:22','2024-08-10 22:25:39','7fb58e30-8a15-4adb-ae04-b7b4024dac06'),('5f6aa6f0-ce7f-4e50-b01a-c752b72809c1','40','Vit chng trnh ng dng H thng qun l o to sinh vin theo h thng tn ch ca trng i hc.','- Sinh vin ng k hc phn trong chng trnh o to ca mnh v phi tha iu kin rng buc ca mn hc (mn hc song hnh, mn hc trc hay mn hc tin quyt...)\r\n- Sinh vin xem thi kha biu, kt qu hc tp, h s c nhn.\r\n- Ln thi kha biu, nhp im, im danh ...\r\n- Chc nng qun l mn hc, sinh vin, ging vin ...\r\n- Chc nng qun l im, qun l o to.\r\n- Chc nng qun l, tm kim, tra cu, thng k, bo co ....\r\n- Rng buc ton vn d liu u vo.\r\n- ng dng chy a nn tng: Mobile, web v desktop app',2,' iu kin duyt.','Vn dng kin thc  hc, nghin cu ti liu  vit ng dng c tnh thc t.','ng dng phi c tnh thc t v p dng c','- Vit ti liu bo co r rng theo quy nh (ng cu trc, y  ni dung, trch dn, ti liu tham kho).\r\n- Bi bo co phi phi th hin chi tit cc qu trnh: Thu thp yu cu, phn tch thit k, hin thc ng dng, kim th, trin khai.\r\n- Yu cu v ng dng:\r\n Phn qun l dng desktop app, phn cho ngi dng dng web app hoc mobile\r\n H thng p ng vi c t ca bi ton, ph hp thc tin.\r\n Rng buc cht ch cc rng buc ton vn c th c trong chng trnh.\r\n Chng trnh nhiu ngi dng trong mi trng network.\r\n Data, backup, security.\r\n Giao din thn thin ngi dng.\r\n Coding conventions.\r\n Pht sinh t ng documents.\r\n Chun b y  tp d liu mu ph hp thc tin v nghip v','Yu cu i vi sinh vin\r\n- Kin thc:\r\n Nm vng kin thc v lp trnh hng i tng v m hnh ha d liu.\r\n Nm vng kin thc v phn tch thit k h thng.\r\n Tm hiu kin trc Message Oriented Middleware (MOM), vn dng linh hot vo ng dng.\r\n Ngn ng Lp trnh: Ty chn Java/Nodejs/JavaScript, Hibernate Framework, (Java Servlet, JSP, JSF hoc Spring Framework), Web Servers, Log4j, Front-End Frameworks (Bootstrap, Angular, React) .\r\n Nm vng kin thc v SQL hoc NoSQL.\r\n Nm vng kin thc v lp trnh mng v h thng phn tn.\r\n Tm hiu RESTful web service, vn dng linh hot vo ng dng.\r\n  hoc ang hc cc mn hc: LT Phn tn Java, Kin trc v Thit k Phn mm, LT WWW Java.\r\n- K nng:\r\n c ti liu ting anh, tm kim nh gi ti liu.\r\n S dng thnh tho phn mm thit k nh: Enterprise Architect/ Visual Paradigm.\r\n Lm vic nhm.\r\n- Thi :\r\n Lm vic nghim tc, khng sao chp bi lm ca ngi khc  bt c hnh thc no.\r\n Gp v bo co vi ging vin hng dn hng tun. Ngh qu 3 tun khng l do, ging vin t chi hng dn tip.','APPROVED','2024-08-10 15:38:22','2024-08-10 22:25:46','c11e126e-fdea-4e26-b088-d726d492eb15'),('60c8df72-2aa4-4281-86fa-e6eda62aa19a','41','Xy dng m hnh chm sc vn thng minh da\r\ntrn nn tng IoT','Nghin cu cc cng ngh lp trnh:NET/ .NET core, hoc Java\r\n- Tm hiu v thc hin vic ly requiremnt t khch hng \r\n- Tm hiu v thc hin vic vit test case  test h thng\r\n-Hiu c cc h thng lp trnh nhng trn cc board mch nh Arduino, PI\r\n-Hiu v thc hnh c trn cc dch v nhn din hnh nh ca cc hm API m cc cng ty cng ngh cung cp nh Microsoft, Facebook, Google,...',2,' iu kin duyt.','Tri nghim qui trnh  trong vic pht trin phn mm:\r\n  + Tm hiu requirement t khch hng \r\n  + Design SRS, ADD, DDD\r\n  + Coding h thng vi NET/.NET core, C++\r\n  + Tm hiu v IoT  \r\n  + Thc hin testing \r\n  + Kt hp IoT trong h thng cnh bo','Trin khai mt s h thng cc chc nng cho cc bi ton nh:\r\n-Da vo cc sensor cm bin nhm cnh cc hot ng chm sc vn\r\n-Xy dng tp lut nhm t ng ha qui trnh lm vn\r\nHoc thit b theo di mi trng nhm h tr ra cc quyt nh cc hot ng chm sc\r\n-ng b cc h thng trn App di ng\r\n+ng dng cc API x l nh nhm xy dng cc h thng thng minh','A.Sinh vin tham gia  ti\r\n1) Nm vng kin thc, k nng lp trnh Java hoc C# (nu c kin thc Python l mt li th)\r\n2) C kin thc, k nng trin khai d n phn mm y  qui trnh t Requirement => Design => Coding => Unit Testing\r\n3) C nng lc y  v Lp k hoch, theo di tin , phn tch cc vn  pht sinh trong qu trnh thc hin d n.\r\n4) C kin thc v AI\r\n\r\n\r\nB.Sn phm\r\n1) C ti liu m t Yu cu d n.\r\n2) C ti liu m t Thit k kin trc ca d n.\r\n3) C ti liu m t Thit k chi tit cho chc nng chnh ca d n.\r\n4) C m ngun c lu vt (tracking) nh k trn h thng qun l phin bn (version control) nh Subversion hoc Git; M ngun trnh by r rng, d hiu theo tiu chun  c thng nht.\r\n5) C ti liu m t tnh hung test v kt qu test cho chc nng chnh ca d n.\r\n6) C ti liu m t cch bin dch, ng gi v hng dn nng cp m ngun cho d n.\r\n7) Bi bo khoa hc','Yu cu cng:  hon thnh mn Cng ngh mi trong SE  mc kh gii \r\nam m nghin cu cng ngh, lp trnh Mobile\r\n- C kin thc c bn v Java, Swift hoc React Native\r\n- C tinh thn hc hi v mong mun lm sn phm theo quy trnh cng nghip: tun th tiu chun khi vit m ngun, C hot ng m bo cht lng m ngun\r\nSinh vin c kh nng nghin cu l mt u th','APPROVED','2024-08-10 15:38:22','2024-08-10 22:25:48','a7ab968e-6d34-41f5-b85d-d219f209798d'),('61b7c4bb-ddce-4f69-9055-1720e39c41e7','42','V tn dng','<p>Hin ti c nhiu ng dng v in t c pht trin gn y tuy nhin chng cn phi c np tin vo  s dng. Hu ht bn khng th s dng s tin bn khng c. Nhng nu bn  trong mt nhm bn th bn c th mn tin ca bn mnh  dng trc.  y c th c xem l v tn dng. N ng ngha vi vic khi ngi tham gia vo nhm ca bn bn phi c lng tin. - Mt trng hp bn thng hay thy l i n ung vui chi trong mt nhm bn cn mt ngi ng ra  thanh ton ha n. Sau  ha n  s c chia tin li cho cc thnh vin trong nhm. Tuy nhin khng phi ai cng c s tin l  thanh ton cho bn. ng dng ny s gip bn ghi li nhng khon chi tiu trong nhm ca bn. - H thng cho php to nhiu mng, mi ngi tham gia vo mng s c mt v vi s tin l 0. - H thng cung cp nhiu loi tin t. - H thng cung cp a ngn ng. - Ngi dng tham gia mng bng m QR hoc link do ngi trong mng chia s. - Khi to transaction trong mng th c th qut bng m QR  thanh ton cho ngi to. - H thng mng s c gii hn s tin n v s tin d ti a ca mt ngi. - Khi mng b mt cn bng ( s tin khc 0 th phi cnh bo cho cc thnh vin trong mng bit) - Lch s cc giao dch, thng k chi tiu ca mng, - C th thm chc nng KYC (pht trin thm) - Chc nng xc thc ng nhp bng 2FA (pht trin thm) Ngn ng: - FE: HTML5, CSS3, JavaScript, VueJS, Quasar Framework (dng  build thnh App) - BE: Java 8+, Spring Framework, Docker, AWS - Tools: draw.io, github - Kin trc: miroservices</p>',1,' iu kin duyt.','<p>Vn dng kin thc  hc, nghin cu ti liu  vit ng dng c tnh thc t.</p>','<p>ng dng phi c tnh thc t v p dng c.</p>','<p>- Vit ti liu bo co r rng theo quy nh (ng cu trc, y  ni dung, trch dn, ti liu tham kho). - Bi bo co phi phi th hin chi tit cc qu trnh: Thu thp yu cu, phn tch thit k, hin thc ng dng, kim th, trin khai. - Yu cu v ng dng:  Ngi dng s dng mobile app  H thng p ng vi c t ca bi ton, ph hp thc tin.  Rng buc cht ch cc rng buc ton vn c th c trong chng trnh.  Chng trnh nhiu ngi dng trong mi trng network.  Data, backup, security.  Giao din thn thin ngi dng.  Coding conventions.  m bo c tiu ch an ton v ti chnh (cng thc tnh ton phi ng v x l c nhng trng hp li c th xy ra)</p>','<p>Yu cu i vi sinh vin - Kin thc:  Nm vng kin thc v lp trnh hng i tng v m hnh ha d liu.  Nm vng kin thc v phn tch thit k h thng.  Lp trnh: Java 8+, Spring Framework, Web Servers, Log4j, CSS3, HTML5, JavaScript, VueJS  Nm vng kin thc v SQL.  Bit v miroservices v h thng phn tn.  Bit v web service v REST.  Bit v AWS, Docker - K nng:  c ti liu ting anh, tm kim nh gi ti liu.  S dng thnh tho phn mm Enterprise Architect.  Github  Lm vic nhm. - Thi :  Lm vic nghim tc, khng sao chp bi lm ca ngi khc  bt c hnh thc no.  Gp v bo co vi ging vin hng dn hng tun. Ngh qu 3 tun khng l do, ging vin t chi hng dn tip.</p>','APPROVED','2024-08-10 15:38:22','2024-08-13 22:22:07','c11e126e-fdea-4e26-b088-d726d492eb15'),('6200c55b-6ccf-4508-b129-6fc2406a8e6d','43','Xy dng h thng website thng mi in t kinh doanh\r\n m thc trn nn tng di ng','- ng dng kinh doanh thng mi in t m thc trn nn\r\n tng di ng gip cho ngi dng ti u hiu qu vic kinh\r\n doanh m thc linh hot, gim chi ph nhn cng, gim thi\r\ngian vn chuyn, gim gi thnh sn phm, an ton cho ngi\r\n dng.',2,' iu kin duyt.','- Xy dng c ng dng kinh doanh thng mi in t\r\n m thc trn nn tng di ng.\r\n- T chc lm vic nhm, trin khai s dng c \r\ncng c Github  qun l m ngun.\r\n- ng dng cc gii php cng ngh  xy dng ng dng \r\nti u','Hin thc v trin khai c ng dng chy trn \r\nnn tng di ng.','- Xy dng v trin khai c ng dng theo yu cu thc t\r\n- Vit ti liu bo co r rng theo quy nh (ng cu trc, y  ni dung, trch dn, \r\nti liu tham kho).\r\n- Bi bo co phi phi th hin chi tit cc qu trnh: Thu thp yu cu, phn tch thit k, \r\nhin thc ng dng, kim th, trin khai.\r\n- Yu cu v ng dng:\r\n+ H thng p ng vi c t ca bi ton, ph hp thc tin; cc rng buc ton vn, \r\ntrong chng trnh hp l.\r\n+ Chng trnh nhiu ngi dng trong mi trng network.\r\n+ CSDL bo mt, backup.\r\n+ Giao din chc nng v phi chc nng linh hot thn thin ngi dng.\r\n+ Pht sinh t ng documents.','- Kin thc:\r\n+ Nm vng kin thc v phng php lp \r\ntrnh.\r\n+ Nm vng kin thc m hnh ha d liu,\r\nphn tch thit k h thng.\r\n+ Lp trnh: Java 8+, Hibernate Framework, \r\n(Java Servlet, JSP, JSF hoc Spring \r\nFramework), \r\nWeb Servers, Log4j, CSS3, HTML5, \r\nJavaScript,\r\n jQuery, Bootstrap4 .\r\n+ Nm vng kin thc v CSDL.\r\n+ Bit xy dng h thng phn tn; web \r\nservice.\r\n- K nng:\r\n+ S dng thnh tho phn mm Enterprise \r\nArchitect. cc ngn ng lp trnh.\r\n+ Lm vic nhm.\r\n- Thi : Lm vic nghim tc.\"','APPROVED','2024-08-10 15:38:22','2024-08-10 22:25:55','8d81ec71-666d-43cb-823f-3c0fe12bb03c'),('6696eadc-03d1-4ec8-8fb4-05630b721f62','44','Tm hiu Game engine xy dng cc tr chi theo th loi Casual game','Tri nghim qui trnh trong vic pht trin phn mm thuc lnh vc game:\r\n  + Tm hiu requirement t khch hng \r\n  + Design SRS, ADD, DDD\r\n  + Coding trn h thng Java \r\n  + Thc hin testing \r\n  + Deploy h thng',2,NULL,'Tri nghim qui trnh trong vic pht trin game:\r\n  + Tm hiu v cc game engine \r\n  + Tm hiu requirement t khch hng trong lnh vc game \r\n  + Design SRS, ADD, DDD\r\n  + Coding h thng vi C#, Java\r\n  + Thc hin testing \r\n  + Deploy trn a nn tng','Tm hiu cc game engine sau:\r\n  +Unity Engine\r\n  +Infinity Engine\r\n  +GameMaker\r\n  +Unreal Engine\r\n \r\n - Tm hiu v cc loi game theo danh mc Casual Game\r\n - xut tr chi theo th loi Casual Game\r\n -Hin thc tr chi trn vi Game engine  xut vi cc chc nng nh sau:\r\n +Ngi chi chn la cc m hnh\r\n +C ch qua vng\r\n +C ch tch im\r\n +Lt chi (vng chi)\r\n +C nhn ha ti khon game\r\n +...\r\n -Kim th tr chi trn thit b tht','A.Sinh vin tham gia  ti\r\n 1) Nm vng kin thc, k nng lp trnh Java\r\n 2) C kin thc, k nng trin khai d n phn mm y  qui trnh t Requirement => Design => Coding => Unit Testing\r\n 3) C nng lc y  v Lp k hoch, theo di tin , phn tch cc vn  pht sinh trong qu trnh thc hin d n.\r\n \r\n \r\n B.Sn phm\r\n 1) C ti liu m t Yu cu d n.\r\n 2) C ti liu m t Thit k kin trc ca d n.\r\n 3) C ti liu m t Thit k chi tit cho chc nng chnh ca d n.\r\n 4) C m ngun c lu vt (tracking) nh k trn h thng qun l phin bn (version control) nh Subversion hoc Git; M ngun trnh by r rng, d hiu theo tiu chun  c thng nht.\r\n 5) C ti liu m t tnh hung test v kt qu test cho chc nng chnh ca d n.\r\n 6) C ti liu m t cch bin dch, ng gi v hng dn nng cp m ngun cho d n.\r\n 7) Vit bi bo khoa hc','Yu cu cng:  hon thnh mn Cng ngh mi trong SE  mc kh gii\r\n am m nghin cu cng ngh, lp trnh Mobile\r\n - C kin thc c bn v Java, Swift hoc React Native\r\n - C tinh thn hc hi v mong mun lm sn phm theo quy trnh cng nghip: tun th tiu chun khi vit m ngun, C hot ng m bo cht lng m ngun\r\n Kh nng nghin cu khoa hc l mt li th','PENDING','2024-08-10 15:38:22','2024-08-10 15:38:22','ade39f51-5c1f-494e-b068-f4be124f6767'),('66e1e1ea-0ad0-4c4a-9972-2fdc45c92c58','45','Phn mm Qun l-Qung co-Cung cp dch v cho Chung C','<p>- Pht trin cc module c trong ng dng. Trao i thm vi gio vin hng dn.</p>',3,' iu kin duyt.','<p>- Vn dng kin thc  hc, nghin cu ti liu  vit ng dng c tnh thc t.</p>','<p>- Publish mt ng dng hon chnh Web App</p>','<p>A.Sinh vin tham gia  ti 1) Nm vng kin thc, k nng lp trnh cc ngn ng yu cu. 2) C kin thc, k nng trin khai d n phn mm y  qui trnh t Requirement =&gt; Design =&gt; Coding =&gt; Unit Testing 3) C k nng lp trnh s dng th vin ngoi. B.Sn phm 1) C ti liu m t Yu cu d n. 2) C ti liu m t Thit k chi tit cho chc nng chnh ca d n. 3) C m ngun c lu vt (tracking) nh k trn h thng qun l phin bn (version control) nh Subversion hoc Git; M ngun trnh by r rng. 4) C ti liu m t tnh hung test v kt qu test cho chc nng chnh ca d n. 5) C ti liu m t cch bin dch, ng gi v hng dn nng cp m ngun cho d n.</p>','<p>- Lp Trnh c Java Spring Boot, Python hoc NodeJS pha Back End di dng cc API. - Lp trnh c React JS, Next JS - S dng c cng c thit k Figma, Adobe XD - S dng c cc cng c qun l v phn task nh trello, jira... - Hiu bit c bn v Docker, Agile-Scrum - S dng c cc cng c Git, Github  qun l m ngun. - Hiu bit c bn v Test manual, Automation Test - Hiu bit cc dch v c bn trn AWS - a sn phm c ln AWS - Hiu bit s v DevOps - C tinh thn cu tin v mun hc hi. Nu cha bit c th trao i vi gio vin theo l trnh lm.</p>','APPROVED','2024-08-10 15:38:22','2024-08-14 12:47:04','0f9533e5-b3d5-4f50-a5b9-499a6d760855'),('672a8230-5941-4e58-9e16-29ca542fb9a5','46','Xy dng ng dng h tr chm sc sc khe','- Phm vi chc nng:  \r\n H tr ngi dng theo di cc hot ng thng nht                                                                                                                                                                                                                   H tr cung cp cho ngi dng nhng bi tp nng cao sc kho                                                                                                                                                                           H tr ngi dng theo di ch s BMI \r\n H tr ngi dng theo di lng nc ung hng ngy \r\n H tr ngi dng qun l ti khon                                                                                                                                                                                                                                   - i tng s dng \r\n Sn phm nhm n nhng ngi dng c nhu cu theo di ch s hot ng  ca c th cng nh t rn luyn c th. \r\n Sn phm mong mun cung cp cho cc bn PT (Personal trainer) mt knh  truyn thng ring cho bn thn cng nh kt ni cc bn n vi nhng  khch hng tim nng mong mun tm kim mt hun luyn vin ring. \r\n Sn phm cung cp cho ngi dng nhng bi tp ring gip h rn luyn c  th theo cch m h mun',2,' iu kin duyt.',' Xy dng mt ng dng hon chnh gip ngi dng theo di ch s hot ng ca c th. ng thi gi  cc bi tp ty theo th trng ca tng ngi dung, t  gip ci thin nhng thiu st v th cht cng nh gip ngi dng c mt c th cn i hn.                                                                                   Xy dng mt ng dng cho php cc PT (Personal trainer) c th ng cc bi tp do h t bin son cng nh cho php ngi dng c th kt ni vi PT gn nht  d dng trao i v ln lch tp luyn.','Phm vi thc hin: ng dng di ng                           \r\nkhi hon thnh phi p dng c\r\n trong thc t.','Nn tng cng ngh \r\n Front-end: ng dng Android c pht trin vi ngn ng lp trnh Kotlin cng th vin Android Jetpack \r\n Back-end: Firebase firestore, Firebase authentication, Room db \r\n Other tools: Github, Notion, Figma, MS Team \r\n Kin trc ng dng: Clean Architecture with MVVM','- SV c kin thc v lp trnh Web.\r\n- SV c tinh thn t gic hc hi.\r\n- SV c am m nghin cu v cng ngh','APPROVED','2024-08-10 15:38:22','2024-08-10 22:25:58','c6ce4103-ef78-4a68-9bc8-f5a07711aef0'),('672dbc20-af0f-48a1-bfb5-6428b481e418','47','XY DNG WEBSITE H TR TM VIC LM','- Tm hiu v kin thc cc chc nng front-end ca Website, Web application.\r\n(HTML, CSS, Boostrap v ngn ng lp trnh JavaScript\r\nNm r ton b qu trnh pht trin web (thit k, pht trin v thc thi)\r\nC kin thc v Responsive Design)\r\n- Tm hiu kin thc v backend nh Java, C#\r\n- Kin thc v DBMS: SQL Server, My SQL, MongoDB\r\n- Tm hiu kin thc v cc Web Services hoc API',2,' iu kin duyt.','- Website l cu ni gia cc ng c vin v cc nh tuyn dng\r\n- S dng c cc cng ngh lp trnh Node JS, HTML5, CSS3, jQuery, Ajax, Java','- H thng hot ng da trn cc nhu cu tm vic ca ng vin, \r\n- Cc nh tuyn dng tm c cc ng vin theo yu cu\r\n- H thng lu tr c thng tin cc ng vin qua mt khong thi gian c th ng vin s ph hp li vi nh tuyn ng','A.Sinh vin tham gia  ti\r\n1) Nm vng kin thc, k nng lp trnh cc ngn ng C#, Jquery, HTML, CSS, Javascript, Ajax. S dng h qun tr c s d liu Microsoft SQL Server .\r\n2) C kin thc, k nng trin khai d n phn mm y  qui trnh t Requirement => Design => Coding => Unit Testing\r\n3) C nng lc y  v Lp k hoch, theo di tin , phn tch cc vn  pht sinh trong qu trnh thc hin d n.\r\n4) C k nng lp trnh s dng li th vin x l nh.\r\nB.Sn phm\r\n1) C ti liu m t Yu cu d n.\r\n2) C ti liu m t Thit k kin trc ca d n.\r\n3) C ti liu m t Thit k chi tit cho chc nng chnh ca d n.\r\n4) C m ngun c lu vt (tracking) nh k trn h thng qun l phin bn (version control) nh Subversion hoc Git; M ngun trnh by r rng, d hiu theo tiu chun  c thng nht.\r\n5) C ti liu m t tnh hung test v kt qu test cho chc nng chnh ca d n.\r\n6) C ti liu m t cch bin dch, ng gi v hng dn nng cp m ngun cho d n.','- Vit ti liu bo co r rng theo quy nh (ng cu trc, y  ni dung, trch dn, ti liu tham kho)\r\n- Tun th chi tit cc qu trnh thc hin mt chng trnh/website: Thu thp yu cu, phn tch thit k, hin thc ng dng, kim th, trin khai.\r\n-H thng p ng vi phn tch ban u   ra.\r\n- DBMS phi m t r rng v m bo tnh ng n ca cc mi quan h cng nh d liu hin th.\r\n- H thng p ng nhu cu phn quyn r rng cho tng user thc hin.\r\n- Giao din thn thin ngi dng.\r\n- Website hon chnh p ng mc tiu  ra vi cc chc nng','APPROVED','2024-08-10 15:38:22','2024-08-10 22:26:01','7fb58e30-8a15-4adb-ae04-b7b4024dac06'),('67dcd67b-b2de-4c2a-abe0-79d98dfa7e65','48','App hc Ting Anh IELTS','- Pht trin cc module c trong ng dng. Trao i thm vi gio vin hng dn.',2,' iu kin duyt.','- Vn dng kin thc  hc, nghin cu ti liu  vit ng dng c tnh thc t.','- Publish mt ng dng hon chnh t Mobile App','A.Sinh vin tham gia  ti\r\n1) Nm vng kin thc, k nng lp trnh cc ngn ng yu cu.\r\n2) C kin thc, k nng trin khai d n phn mm y  qui trnh t Requirement => Design => Coding => Unit Testing\r\n3) C k nng lp trnh s dng th vin ngoi.\r\nB.Sn phm\r\n1) C ti liu m t Yu cu d n.\r\n2) C ti liu m t Thit k chi tit cho chc nng chnh ca d n.\r\n3) C m ngun c lu vt (tracking) nh k trn h thng qun l phin bn (version control) nh Subversion hoc Git; M ngun trnh by r rng.\r\n4) C ti liu m t tnh hung test v kt qu test cho chc nng chnh ca d n.\r\n5) C ti liu m t cch bin dch, ng gi v hng dn nng cp m ngun cho d n.','- Lp Trnh c Java Spring Boot, Python hoc NodeJS pha Back End di dng cc API.\r\n- Lp trnh c React Native hoc Flutter.\r\n- S dng c cng c thit k Figma, Adobe XD\r\n- S dng c cc cng c qun l v phn task nh trello, jira...\r\n- Hiu bit c bn v Docker, Agile-Scrum\r\n- S dng c cc cng c Git, Github  qun l m ngun.\r\n- Hiu bit c bn v Test manual, Automation Test\r\n- Hiu bit cc dch v c bn trn AWS\r\n- a sn phm c ln AWS\r\n- Hiu bit s v DevOps\r\n- C tinh thn cu tin v mun hc hi. Nu cha bit c th trao i vi gio vin theo l trnh lm.','APPROVED','2024-08-10 15:38:22','2024-08-10 22:26:04','0f9533e5-b3d5-4f50-a5b9-499a6d760855'),('6842f217-6fe0-4b95-b115-f188437b5c0e','49','Phn mm Qun l xe ti Chung C','- Pht trin cc module c trong ng dng. Trao i thm vi gio vin hng dn.',2,' iu kin duyt.','- Vn dng kin thc  hc, nghin cu ti liu  vit ng dng c tnh thc t.','- Publish mt ng dng hon chnh t Web App n Mobile App','A.Sinh vin tham gia  ti\r\n1) Nm vng kin thc, k nng lp trnh cc ngn ng yu cu.\r\n2) C kin thc, k nng trin khai d n phn mm y  qui trnh t Requirement => Design => Coding => Unit Testing\r\n3) C k nng lp trnh s dng th vin ngoi.\r\nB.Sn phm\r\n1) C ti liu m t Yu cu d n.\r\n2) C ti liu m t Thit k chi tit cho chc nng chnh ca d n.\r\n3) C m ngun c lu vt (tracking) nh k trn h thng qun l phin bn (version control) nh Subversion hoc Git; M ngun trnh by r rng.\r\n4) C ti liu m t tnh hung test v kt qu test cho chc nng chnh ca d n.\r\n5) C ti liu m t cch bin dch, ng gi v hng dn nng cp m ngun cho d n.','- Lp Trnh c Java Spring Boot, Python hoc NodeJS pha Back End di dng cc API.\r\n- Lp trnh c HTML/CSS Javascript, Jquery, React JS, Next JS pha Front End Web.\r\n- S dng c cng c thit k Figma, Adobe XD\r\n- S dng c cc cng c qun l v phn task nh trello, jira...\r\n- Hiu bit c bn v Docker, Agile-Scrum\r\n- S dng c cc cng c Git, Github  qun l m ngun.\r\n- Hiu bit c bn v Test manual, Automation Test\r\n- Hiu bit cc dch v c bn trn AWS\r\n- a sn phm c ln AWS\r\n- Hiu bit s v DevOps\r\n- C tinh thn cu tin v mun hc hi. Nu cha bit c th trao i vi gio vin theo l trnh lm.','APPROVED','2024-08-10 15:38:22','2024-08-10 22:26:06','0f9533e5-b3d5-4f50-a5b9-499a6d760855'),('6e2bd8d4-71a1-4e37-90a3-65acdb4877c0','50','Xy dng h thng ti tiu thng minh da vo nhit  khng kh','<p>Cc cng vic cn thc hin  t c mc tiu v a ra c sn phm d kin: (1) Tm hiu r quy trnh nghip v (2) Thu thp yu cu ngi dng (3) Thc hin phn tch v thit k h thng t c yu cu h thng v ng quy trnh nghip v (4) Hin thc h thng t bn thit k (5) Trin khai, cho chy thc nghim, kim th, phn tch kt qu</p>',1,' iu kin duyt.','<p>1. Gip SV tm hiu v  m trong khng kh, cch ly thng s  m  m trong khng kh, h thng ti tiu t ng 2. Vn dng c cc kin thc  hc : thu thp v phn tch c quy trnh thu thp  m v ti tiu, yu cu ca ngi dng; thit k c h thng ti tiu mt cch t ng da vo  m ca khng kh 2. Hin thc, kim th v trin khai c h thng ti tiu mt cch thng minh da trn bng thit k h thng  a ra</p>','<p>H thng ti tiu thng minh: - Thu thp c  m ca khng kh - Kch hot c h thng ti tiu da vo  m khng kh - Trin khai trn Web App v thit b di ng</p>','<p>- Mt sn phm phn mm c tnh kh thi trong thc t - Mt bn bo co k thut v sn phm a ra - Cc thnh vin phi thu hiu v trnh by li c ton b nhng cng ngh  p dng trong sn phm phn mm - Vit c mt bi bo khoa hc tr hoc bi bo ca IUH</p>','<p>- C kh nng pht trin mt h thng thng tin bng cc kin thc chuyn ngnh  c o to - C kh nng t hc, t lm vic vi tinh thn trch nhim cao - C thi  lm vic c nhn, nhm nghim tc &amp; trch nhim</p>','APPROVED','2024-08-10 15:38:22','2024-08-13 21:49:54','4a3eb48d-9f8c-4635-a3d5-e15ee458e414'),('6fb67b3d-78ae-4123-aad1-9d27ca1d87d6','51','H thng qun l hc phn thc tp doanh nghip p dng ti Khoa Cng ngh Thng tin','<p>Cc cng vic cn thc hin  t c mc tiu v a ra c sn phm d kin: (1) Tm hiu r quy trnh nghip v (2) Thu thp yu cu ngi dng (3) Thc hin phn tch v thit k h thng t c yu cu h thng v ng quy trnh nghip v (4) Hin thc h thng t bn thit k (5) Trin khai, cho chy thc nghim, kim th, phn tch kt qu</p>',1,' iu kin duyt.','<p>1. Gip SV tm hiu c quy trnh qun l hc phn thc tp doanh nghip cho cc SV ca khoa CNTT 2. Vn dng c cc kin thc  hc : thu thp v phn tch c quy trnh nghip v qun l hc phn thc tp doanh nghip ca khoa CNTT, yu cu ca ngi dng; thit k c h thng qun l HP thc tp doanh nghip p ng c yu cu ngi dng v ng vi quy trnh nghip v. 3. Hin thc, kim th v trin khai c h thng qun l thc tp doanh nghip ca khoa CNTT</p>','<p>H thng qun l HP thc tp doanh nghip: App web v di ng - Cho php qun l khoa a vo/hiu chnh: DS cc sinh vin tham gia TTDN; DS gio vin tham gia gim st TTDN; Cc yu cu nh gi TTDN; - Cho php SV thm/sa cc thng tin lin quan n TTDN ca mnh - Cho php SV bo co kt qu TTDN hng tun - Cho php GVGS theo di v nhn xt bo co hng tun ca SV - Cho SV v GVGS trao i, chia s thng tin ln nhau - Cho php GVGS a kt qu nh gi vo h thng - Cho php xut cc bo co cn thit</p>','<p>- Mt sn phm phn mm c tnh kh thi trong thc t - Mt bn bo co k thut v sn phm a ra - Cc thnh vin phi thu hiu v trnh by li c ton b nhng cng ngh  p dng trong sn phm phn mm - Vit c mt bi bo khoa hc tr hoc bi bo ca IUH</p>','<p>- C kh nng pht trin mt h thng thng tin bng cc kin thc chuyn ngnh  c o to - C kh nng t hc, t lm vic vi tinh thn trch nhim cao - C thi  lm vic c nhn, nhm nghim tc &amp; trch nhim -  thc bo co vi GVHD hng tun</p>','APPROVED','2024-08-10 15:38:22','2024-08-13 15:13:54','4a3eb48d-9f8c-4635-a3d5-e15ee458e414'),('702951c7-d483-48d1-b81a-f1ba1f7d6274','52','Xy dng Web App chia s Video (sharevideopro.com)','<p>- Pht trin cc module c trong ng dng. Trao i thm vi gio vin hng dn.</p>',2,' iu kin duyt.','<p>- Vn dng kin thc  hc, nghin cu ti liu  vit ng dng c tnh thc t.</p>','<p>- Publish mt ng dng hon chnh t Web App</p>','<p>A.Sinh vin tham gia  ti 1) Nm vng kin thc, k nng lp trnh cc ngn ng yu cu. 2) C kin thc, k nng trin khai d n phn mm y  qui trnh t Requirement =&gt; Design =&gt; Coding =&gt; Unit Testing 3) C k nng lp trnh s dng th vin ngoi. B.Sn phm 1) C ti liu m t Yu cu d n. 2) C ti liu m t Thit k chi tit cho chc nng chnh ca d n. 3) C m ngun c lu vt (tracking) nh k trn h thng qun l phin bn (version control) nh Subversion hoc Git; M ngun trnh by r rng. 4) C ti liu m t tnh hung test v kt qu test cho chc nng chnh ca d n. 5) C ti liu m t cch bin dch, ng gi v hng dn nng cp m ngun cho d n.</p>','<p>- Lp Trnh c Java Spring Boot, Python hoc NodeJS pha Back End di dng cc API. - Lp trnh c HTML/CSS Javascript, Jquery, React JS, Next JS pha Front End Web. - S dng c cng c thit k Figma, Adobe XD - S dng c cc cng c qun l v phn task nh trello, jira... - Hiu bit c bn v Docker, Agile-Scrum - S dng c cc cng c Git, Github  qun l m ngun. - Hiu bit c bn v Test manual, Automation Test - Hiu bit cc dch v c bn trn AWS - a sn phm c ln AWS - Hiu bit s v DevOps - C tinh thn cu tin v mun hc hi. Nu cha bit c th trao i vi gio vin theo l trnh lm.</p>','APPROVED','2024-08-10 15:38:22','2024-08-14 12:19:35','0f9533e5-b3d5-4f50-a5b9-499a6d760855'),('73c6825a-341d-4aa3-9b73-42a071b9e853','53','Xy dng game (online) lm vn trn thit b di ng','H tr vic s dng cc cng c trong tr chi lm vn\r\n To ra mt h thng tch im da vo kt qu thu hoch trong qua trnh lm vn\r\n Gip ngi dng c kh nng chia s thng tin, h tr chm vn cng nh lin kt vi cc thnh vin khc',2,' iu kin duyt.','Lp trnh c trn HDH Androi v Desktop bng ngn ng Java\r\n - Phn tch, thit k ng dng .\r\n - Hin thc c ng dng, trin khai c thnh cc App trn nn tng android','Hin thc v trin khai c thnh cc App trn nn tng android.','A.Sinh vin tham gia  ti\r\n 1) Nm vng kin thc, k nng lp trnh Java, lp trnh TBD trn Android\r\n 2) c ti liu ting Anh, tm kim ti liu, K nng vit bo co, ti liu thuyt trnh\r\n 3) C nng lc y  v Lp k hoch, theo di tin , phn tch cc vn  pht sinh trong qu trnh thc hin  ti. \r\n 4) C k nng s dng tch hp cng ngh mi v  ti.\r\n B.Sn phm\r\n 1) C ti liu m t Yu cu d n.\r\n 2) C ti liu m t Thit k kin trc ca d n.\r\n 3) C ti liu m t Thit k chi tit cho chc nng chnh ca d n.\r\n 4) C m ngun c lu vt (tracking) nh k trn h thng qun l phin bn (version control) nh Subversion hoc Git; M ngun trnh by r rng, d hiu theo tiu chun  c thng nht. \r\n 5) C ti liu m t tnh hung test v kt qu test cho chc nng chnh ca d n.\r\n 6) C ti liu m t cch bin dch, ng gi v hng dn nng cp m ngun cho d n.','- C kin thc lp trnh trn thit b di ng.\r\n  -C tinh thn hc hi v mong mun lm sn phm theo quy trnh cng nghip: tun th tiu chun khi vit m ngun, c hot ng m bo cht lng m ngun.\r\n -Bit cch tm hiu nhu cu thc t ca ngi dng.\r\n -C kh nng vit m t yu cu ng dng.','APPROVED','2024-08-10 15:38:22','2024-08-10 22:27:20','ade39f51-5c1f-494e-b068-f4be124f6767'),('75c2342f-72fd-4506-9b37-edd96eaa8a21','54','Xy dng phn mm qun l t vn  sa cha oto online','T vn tr gip ngi dng sa cha thay th thit b oto',2,' iu kin duyt.','T vn tr gip ngi dng trong vic bo tr sa cha oto online.','Trin khai t vn cc triu chng h hng  v thay th thit b','- Xy dng v trin khai c ng dng theo yu cu thc t\r\n- Vit ti liu bo co r rng theo quy nh (ng cu trc, y  ni dung, trch dn, \r\nti liu tham kho).\r\n- Bi bo co phi phi th hin chi tit cc qu trnh: Thu thp yu cu, phn tch thit k, \r\nhin thc ng dng, kim th, trin khai.\r\n- Yu cu v ng dng:\r\n+ H thng p ng vi c t ca bi ton, ph hp thc tin; cc rng buc ton vn, \r\ntrong chng trnh hp l.\r\n+ Chng trnh nhiu ngi dng trong mi trng network.\r\n+ CSDL bo mt, backup.\r\n+ Giao din chc nng v phi chc nng linh hot thn thin ngi dng.\r\n+ Pht sinh t ng documents.','- Kin thc:\r\n+ Nm vng kin thc v phng php lp \r\ntrnh.\r\n+ Nm vng kin thc m hnh ha d liu,\r\nphn tch thit k h thng.\r\n+ Lp trnh: Java 8+, Hibernate Framework, \r\n(Java Servlet, JSP, JSF hoc Spring \r\nFramework), \r\nWeb Servers, Log4j, CSS3, HTML5, \r\nJavaScript,\r\n jQuery, Bootstrap4 .\r\n+ Nm vng kin thc v CSDL.\r\n+ Bit xy dng h thng phn tn; web \r\nservice.\r\n- K nng:\r\n+ S dng thnh tho phn mm Enterprise \r\nArchitect. cc ngn ng lp trnh.\r\n+ Lm vic nhm.\r\n- Thi : Lm vic nghim tc.','APPROVED','2024-08-10 15:38:22','2024-08-10 22:27:31','8d81ec71-666d-43cb-823f-3c0fe12bb03c'),('787851b4-df98-4837-895d-4230102ae0fe','55','H thng qun l k tc x ca Trng i hc Cng nghip Tp. HCM','Cc cng vic cn thc hin  t c mc tiu v a ra c sn phm d kin:\r\n (1) Tm hiu r quy trnh nghip v\r\n (2) Thu thp yu cu ngi dng\r\n (3) Thc hin phn tch v thit k h thng t c yu cu h thng v ng quy trnh nghip v\r\n (4) Hin thc h thng t bn thit k\r\n (5) Trin khai, cho chy thc nghim, kim th, phn tch kt qu',2,' iu kin duyt.','1. Gip SV tm hiu c quy trnh qun l k tc x ca mt trng i hc \r\n 2. Vn dng c cc kin thc  hc : thu thp v phn tch c quy trnh nghip v qun l k tc x ca IUH, yu cu ca ngi dng; thit k c h thng k tc x p ng c yu cu ngi dng v ng vi quy trnh nghip v.\r\n 3. Hin thc, kim th v trin khai c h thng qun l k tc xc ca IUH','H thng qun l KTX cho php: \r\n - Qun l c cc ti nguyn ca k tc x (phng, in nc, trang thit b, ..)\r\n - Qun l ng k\r\n - Qun l lu tr\r\n - Qun l thu tin\r\n- Bo co thng k h tr qun l','- Mt sn phm phn mm c tnh kh thi trong thc t\r\n - Mt bn bo co k thut v sn phm a ra\r\n - Cc thnh vin phi thu hiu v trnh by li c ton b nhng cng ngh  p dng trong sn phm phn mm\r\n - Vit c mt bi bo khoa hc tr hoc bi bo ca IUH','- C kh nng pht trin mt h thng thng tin bng cc kin thc chuyn ngnh  c o to\r\n - C kh nng t hc, t lm vic vi tinh thn trch nhim cao\r\n - C thi  lm vic c nhn, nhm nghim tc & trch nhim','APPROVED','2024-08-10 15:38:22','2024-08-10 22:27:25','4a3eb48d-9f8c-4635-a3d5-e15ee458e414'),('7a5bda2a-f7ad-47f4-863e-0a7a783ccfdd','56','Xy dng phn mm c sch ti th vin i hc Cng nghip Tp.HCM','<p><span style=\"color: rgb(0, 0, 0);\">Tri nghim qui trnh trong vic pht trin phn mm:</span></p><p><span style=\"color: rgb(0, 0, 0);\"> + Tm hiu requirement t khch hng </span></p><p><span style=\"color: rgb(0, 0, 0);\"> + Design SRS, ADD, DDD</span></p><p><span style=\"color: rgb(0, 0, 0);\"> + Coding trn h thng Java </span></p><p><span style=\"color: rgb(0, 0, 0);\"> + Thc hin testing </span></p><p><span style=\"color: rgb(0, 0, 0);\"> + Deploy h thng</span></p>',2,' iu kin duyt.','<p><span style=\"color: rgb(0, 0, 0);\">Tri nghim qui trnh trong vic pht trin phn mm:</span></p><p><span style=\"color: rgb(0, 0, 0);\"> + Tm hiu requirement t khch hng </span></p><p><span style=\"color: rgb(0, 0, 0);\"> + Design SRS, ADD, DDD</span></p><p><span style=\"color: rgb(0, 0, 0);\"> + Coding h thng vi Java hoc React Native</span></p><p><span style=\"color: rgb(0, 0, 0);\"> + Thc hin testing </span></p><p><span style=\"color: rgb(0, 0, 0);\"> + Deploy h thng (cloud computing)</span></p>','<p><span style=\"color: rgb(0, 0, 0);\">Trin khi h thng c sch cho sinh vin trng i hc Cng nghip Tp.HCM</span></p><p><span style=\"color: rgb(0, 0, 0);\">+Cc chc nng trn app trin khai c cho cc nhu cu c sch cho sinh vin</span></p><p><span style=\"color: rgb(0, 0, 0);\">-c sch dng text</span></p><p><span style=\"color: rgb(0, 0, 0);\">-c sch dng voice</span></p><p><span style=\"color: rgb(0, 0, 0);\">-C nhn ha ng dng (gi , s thch theo ch  hay chuyn ngnh,...</span></p><p><span style=\"color: rgb(0, 0, 0);\">-H tr cc chc nng nh gi, ghi ch,...</span></p><p><span style=\"color: rgb(0, 0, 0);\">+Cc chc nng trn Web</span></p><p><span style=\"color: rgb(0, 0, 0);\">-Cp nhp sch (cho php tin x l vn bn)</span></p><p><span style=\"color: rgb(0, 0, 0);\">-Cc chc nng qun tr</span></p>','<p><strong style=\"color: rgb(0, 0, 0);\">.Sinh vin tham gia  ti</strong></p><p><strong style=\"color: rgb(0, 0, 0);\">1) Nm vng kin thc, k nng lp trnh Java</strong></p><p><strong style=\"color: rgb(0, 0, 0);\">2) C kin thc, k nng trin khai d n phn mm y  qui trnh t Requirement =&gt; Design =&gt; Coding =&gt; Unit Testing</strong></p><p><strong style=\"color: rgb(0, 0, 0);\">3) C nng lc y  v Lp k hoch, theo di tin , phn tch cc vn  pht sinh trong qu trnh thc hin d n.</strong></p><p><br></p><p><br></p><p><strong style=\"color: rgb(0, 0, 0);\">B.Sn phm</strong></p><p><strong style=\"color: rgb(0, 0, 0);\">1) C ti liu m t Yu cu d n.</strong></p><p><strong style=\"color: rgb(0, 0, 0);\">2) C ti liu m t Thit k kin trc ca d n.</strong></p><p><strong style=\"color: rgb(0, 0, 0);\">3) C ti liu m t Thit k chi tit cho chc nng chnh ca d n.</strong></p><p><strong style=\"color: rgb(0, 0, 0);\">4) C m ngun c lu vt (tracking) nh k trn h thng qun l phin bn (version control) nh Subversion hoc Git; M ngun trnh by r rng, d hiu theo tiu chun  c thng nht.</strong></p><p><strong style=\"color: rgb(0, 0, 0);\">5) C ti liu m t tnh hung test v kt qu test cho chc nng chnh ca d n.</strong></p><p><strong style=\"color: rgb(0, 0, 0);\">6) C ti liu m t cch bin dch, ng gi v hng dn nng cp m ngun cho d n.</strong></p><p><strong style=\"color: rgb(0, 0, 0);\">7) Bi bo khoa hc</strong></p>','<p><span style=\"color: rgb(0, 0, 0);\">Yu cu cng:  hon thnh mn Cng ngh mi trong SE  mc kh gii</span></p><p><span style=\"color: rgb(0, 0, 0);\">am m nghin cu cng ngh, lp trnh Mobile</span></p><p><span style=\"color: rgb(0, 0, 0);\">- C kin thc c bn v Java, Swift hoc React Native</span></p><p><span style=\"color: rgb(0, 0, 0);\">- C tinh thn hc hi v mong mun lm sn phm theo quy trnh cng nghip: tun th tiu chun khi vit m ngun, C hot ng m bo cht lng m ngun</span></p><p><span style=\"color: rgb(0, 0, 0);\">Sinh vin c kh nng nghin cu l mt u th</span></p>','APPROVED','2024-08-13 22:03:58','2024-08-13 22:08:36','a7ab968e-6d34-41f5-b85d-d219f209798d'),('7af1e2d7-f684-4bfc-a55b-032fa62649e0','57','Phn mm Qun l Thit b-My mc trong Ta Nh Chung C','- Pht trin cc module c trong ng dng. Trao i thm vi gio vin hng dn.',2,' iu kin duyt.','- Vn dng kin thc  hc, nghin cu ti liu  vit ng dng c tnh thc t.','- Publish mt ng dng Web App hon chnh. C th chy thc t c ngay!\r\n\' Hoc Publish mt Desktop App c th s dng c ngay','A.Sinh vin tham gia  ti\r\n1) Nm vng kin thc, k nng lp trnh cc ngn ng yu cu.\r\n2) C kin thc, k nng trin khai d n phn mm y  qui trnh t Requirement => Design => Coding => Unit Testing\r\n3) C k nng lp trnh s dng th vin ngoi.\r\nB.Sn phm\r\n1) C ti liu m t Yu cu d n.\r\n2) C ti liu m t Thit k chi tit cho chc nng chnh ca d n.\r\n3) C m ngun c lu vt (tracking) nh k trn h thng qun l phin bn (version control) nh Subversion hoc Git; M ngun trnh by r rng.\r\n4) C ti liu m t tnh hung test v kt qu test cho chc nng chnh ca d n.\r\n5) C ti liu m t cch bin dch, ng gi v hng dn nng cp m ngun cho d n.','- Lp Trnh c Java Spring Boot, Python hoc NodeJS pha Back End di dng cc API.\r\n- Lp trnh c React Native hoc Flutter.\r\n- S dng c cng c thit k Figma, Adobe XD\r\n- S dng c cc cng c qun l v phn task nh trello, jira...\r\n- Hiu bit c bn v Docker, Agile-Scrum\r\n- S dng c cc cng c Git, Github  qun l m ngun.\r\n- Hiu bit c bn v Test manual, Automation Test\r\n- Hiu bit cc dch v c bn trn AWS\r\n- a sn phm c ln AWS\r\n- Hiu bit s v DevOps\r\n- C tinh thn cu tin v mun hc hi. Nu cha bit c th trao i vi gio vin theo l trnh lm.','APPROVED','2024-08-10 15:38:22','2024-08-10 22:27:27','0f9533e5-b3d5-4f50-a5b9-499a6d760855'),('7c00997b-db29-4d7a-9ea0-3433929ba4a1','58','XY DNG WEBSITE HC TING ANH','<p>- Tm hiu r ng dng vi cc chc nng cho website nhm to s thun tin ti a cho ngi hc v ngi dy. - Tm hiu yu cu phn tch CSDL nhm ti u ha vic lu tr d liu cho Website - p dng c cc kin thc  hc  thit k v xy dng website. - Khuyn khch cinh vin tm hiu thm v cc cng ngh mi</p>',3,' iu kin duyt.','<p>- Phn tch chc nng thc t ca vic hc Ting Anh t website vi mt s trnh  khc nhau nh: Basic, Intermidiate, Advanced - S dng c cc cng ngh lp trnh Node JS, HTML5, CSS3, jQuery, Ajax, Java - i tng p dng l tt c mi ngi hc c nhu cu hc.</p>','<p>\"-Website cho php ngi hc tm kim v lm bi luyn tp cc ni dung v trnh  khc nhau, bi tp vi nhiu hnh thc v phi c p n  ngi hc d dng kim tra. - C th phn quyn vi nhiu cp  ngi hc khc nhau nh: Ngi hc, Ngi hc chuyn su, Ngi ging dy vi chc nng v nhim v ring</p>','<p>A.Sinh vin tham gia  ti 1) Nm vng kin thc, k nng thit k Web v lp trnh C#. 2) C kin thc, k nng trin khai d nwebsite y  qui trnh t Requirement =&gt; Design =&gt; Coding =&gt; Unit Testing=&gt;Maintaining. 3) C nng lc y  v lp k hoch, theo di tin , phn tch cc vn  pht sinh trong qu trnh thc hin d n. B.Sn phm 1) Ti liu Bo co kha lun theo mu quy nh ca FIT IUH. 2) Ti liu m t yu cu. 3) Ti liu m t thit k. 4) Ti liu m t thit k chi tit cho chc nng chnh. 5) M ngun (c lu vt nh k trn h thng qun l phin bn nh SubVersion hoc Git; m ngun trnh by r rng, d hiu theo tiu chun  c thng nht). 7) Ti liu m t tnh hung test v kt qu test cho chc nng chnh ca d n. 8) Ti liu m t cch trin khai Website 9) Ti liu hng dn nng cp mi theo nhu cu</p>','<p>- SV c am m v lp trnh v phn tch h thng -SV c kin thc v lp trnh Web - SV phi chu kh hc hi v c tinh thn lm vic t gic</p>','APPROVED','2024-08-10 15:38:22','2024-10-28 11:49:44','7fb58e30-8a15-4adb-ae04-b7b4024dac06'),('7cbfbc25-ff0a-48bc-a96e-75ab1b7444cf','59','Xy dng h thng qun l hc phn kha lun tt nghip ca trng i hc Cng nghip Thnh ph H Ch Minh','<p>Cc cng vic cn thc hin  t c mc tiu v a ra c sn phm d kin: (1) Tm hiu r quy trnh nghip v (2) Thu thp yu cu ngi dng (3) Thc hin phn tch v thit k h thng t c yu cu h thng v ng quy trnh nghip v (4) Hin thc h thng t bn thit k (5) Trin khai, cho chy thc nghim, kim th, phn tch kt qu</p>',1,' iu kin duyt.','<p>1. Gip SV tm hiu c quy trnh qun l hc phn kha lun tt nghip cho cc SV ca khoa CNTT 2. Vn dng c cc kin thc  hc : thu thp v phn tch c quy trnh nghip v qun l hc phn kha lun tt nghip ca khoa CNTT, yu cu ca ngi dng; thit k c h thng qun l HP kha lun p ng c yu cu ngi dng v ng vi quy trnh nghip v. 3. Hin thc, kim th v trin khai c h thng qun l HP kha lun tt nghip ca khoa CNTT</p>','<p>H thng qun l HP kha lun: - Cho php qun l khoa a vo/hiu chnh: DS cc sinh vin tham gia lm KLTN; DS gio vin tham gia hng dn KLTN; Cc yu cu nh gi KLTN; - Cho php gio vin a vo/hiu chnh cc  ti kha lun cng b cho sinh vin - Cho php ngi qun l duyt cc  ti m GV  a vo - Cho php SV ng k chn  ti KLTN mnh thch theo th t u tin thi gian. - Cho php ngi qun l phn GVPB cp b mn, GVPB cp hi ng/poster - Cho php GVHD, GVPB a kt qu nh gi vo h thng - Cho php xut cc bo co cn thit</p>','<p>- Mt sn phm phn mm c tnh kh thi trong thc t - Mt bn bo co k thut v sn phm a ra - Cc thnh vin phi thu hiu v trnh by li c ton b nhng cng ngh  p dng trong sn phm phn mm - Vit c mt bi bo khoa hc tr hoc bi bo ca IUH</p>','<p>- C kh nng pht trin mt h thng thng tin bng cc kin thc chuyn ngnh  c o to - C kh nng t hc, t lm vic vi tinh thn trch nhim cao - C thi  lm vic c nhn, nhm nghim tc &amp; trch nhim</p>','APPROVED','2024-08-10 15:38:22','2024-08-13 15:13:41','4a3eb48d-9f8c-4635-a3d5-e15ee458e414'),('7d86a0a2-e489-4802-990f-dfec991920d1','60','Xy dng website hc ting Trung','<p>- Tm hiu r ng dng vi cc chc nng cho website nhm to s thun tin ti a cho ngi hc v ngi dy. - Tm hiu yu cu phn tch CSDL nhm ti u ha vic lu tr d liu cho Website - p dng c cc kin thc  hc  thit k v xy dng website. - Khuyn khch cinh vin tm hiu thm v cc cng ngh mi</p>',2,' iu kin duyt.','<p>- Phn tch chc nng thc t ca vic hc Ting Trung t website vi mt s trnh  khc nhau nh: HSK1 -&gt; HSK 5 - S dng c cc cng ngh lp trnh Node JS, HTML5, CSS3, ReactJS - i tng p dng l tt c mi ngi hc c nhu cu hc.</p>','<p>\"-Website cho php ngi hc tm kim v lm bi luyn tp cc ni dung v trnh  khc nhau, bi tp vi nhiu hnh thc v phi c p n  ngi hc d dng kim tra. - C nhiu cch hc khc nhau cho hc vin c th chn la nh: Flashcard, hc qua Video c ph , hc t vng bng cch xem li nhng t vng  lu</p>','<p>A.Sinh vin tham gia  ti 1) Nm vng kin thc, k nng thit k Web v lp trnh C#. 2) C kin thc, k nng trin khai d nwebsite y  qui trnh t Requirement =&gt; Design =&gt; Coding =&gt; Unit Testing=&gt;Maintaining. 3) C nng lc y  v lp k hoch, theo di tin , phn tch cc vn  pht sinh trong qu trnh thc hin d n. B.Sn phm 1) Ti liu Bo co kha lun theo mu quy nh ca FIT IUH. 2) Ti liu m t yu cu. 3) Ti liu m t thit k. 4) Ti liu m t thit k chi tit cho chc nng chnh. 5) M ngun (c lu vt nh k trn h thng qun l phin bn nh SubVersion hoc Git; m ngun trnh by r rng, d hiu theo tiu chun  c thng nht). 7) Ti liu m t tnh hung test v kt qu test cho chc nng chnh ca d n. 8) Ti liu m t cch trin khai Website 9) Ti liu hng dn nng cp mi theo nhu cu</p>','<p>- SV c am m v lp trnh v phn tch h thng -SV c kin thc v lp trnh Web - SV phi chu kh hc hi v c tinh thn lm vic t gic</p>','APPROVED','2024-08-10 15:38:22','2024-08-14 10:43:08','7fb58e30-8a15-4adb-ae04-b7b4024dac06'),('7e59e8cd-6866-40d9-85a6-be346d7e0688','61','Chng trnh qun l ca hng bn l','Tham kho qua cc ng dng hin c, m t r rng, c th yu cu ca ng dng:\r\n - Qun l c s lng sn phm xut  nhp theo tng ngy.\r\n - Qun l c tnh trng hng ha: tha, thiu hay li.\r\n - Tch hp tnh nng tm kim v tnh ton nhanh chng, chnh xc.\r\n - To v xut ha n.\r\n - Kim sot doanh s v thu  chi hng ngy...\r\n (Tham kho: \r\n https://trustsales.vn/blog/quy-trinh-quan-ly-cua-hang-ban-le-73\r\n https://www.sapo.vn/blog/lam-sao-de-quan-ly-cua-hang-hieu-qua-hon\r\n https://suno.vn/blog/quan-ly-hoat-dong-cua-hang-ban-le-bang-quy-trinh-chuyen-nghiep/)',2,' iu kin duyt.','- Tm hiu yu cu cho ng dng, ph hp vi thc t.\r\n - Xy dng ng dng theo quy trnh, ph hp vi yu cu  xc nh.','Phn mm qun l bn hng  cc ca hng bn l','A.Sinh vin tham gia  ti\r\n 1) Nm vng kin thc, k nng lp trnh.\r\n 2) C kin thc, k nng trin khai d n phn mm y  qui trnh t Requirement => Design => Coding => Unit Testing.\r\n 3) C nng lc y  v lp k hoch, theo di tin , phn tch cc vn  pht sinh trong qu trnh thc hin d n.\r\n B.Sn phm\r\n 1) Ti liu m t yu cu.\r\n 2) Ti liu m t thit k.\r\n 3) Ti liu m t thit k chi tit cho chc nng chnh.\r\n 4) M ngun (c lu vt nh k trn h thng qun l phin bn nh SubVersion hoc Git; m ngun trnh by r rng, d hiu theo tiu chun  c thng nht).\r\n 5) Ti liu m t tnh hung test v kt qu test cho chc nng chnh ca d n.\r\n 6) Ti liu m t cch bin dch, ng gi v hng dn nng cp m ngun cho d n.','- am m nghin cu cng ngh, lp trnh.\r\n - C tinh thn hc hi v mong mun lm sn phm theo quy trnh cng nghip: tun th tiu chun khi vit m ngun, c hot ng m bo cht lng m ngun.\r\n - C kh nng vit m t yu cu ng dng.','APPROVED','2024-08-10 15:38:22','2024-08-10 22:27:45','c2461deb-0f4d-4666-bc84-57d26993cf0d'),('7e7b7dd3-a86a-429c-8400-cf37d5278206','62','Phn mm qun l Cn h trong Ta nh Chung C','- Pht trin cc module c trong ng dng. Trao i thm vi gio vin hng dn.',2,' iu kin duyt.','- Vn dng kin thc  hc, nghin cu ti liu  vit ng dng c tnh thc t.','- Publish mt ng dng hon chnh Web App \r\n- Hoc Publish mt Desktop App c th s dng c ngay','A.Sinh vin tham gia  ti\r\n1) Nm vng kin thc, k nng lp trnh cc ngn ng yu cu.\r\n2) C kin thc, k nng trin khai d n phn mm y  qui trnh t Requirement => Design => Coding => Unit Testing\r\n3) C k nng lp trnh s dng th vin ngoi.\r\nB.Sn phm\r\n1) C ti liu m t Yu cu d n.\r\n2) C ti liu m t Thit k chi tit cho chc nng chnh ca d n.\r\n3) C m ngun c lu vt (tracking) nh k trn h thng qun l phin bn (version control) nh Subversion hoc Git; M ngun trnh by r rng.\r\n4) C ti liu m t tnh hung test v kt qu test cho chc nng chnh ca d n.\r\n5) C ti liu m t cch bin dch, ng gi v hng dn nng cp m ngun cho d n.','- Lp Trnh c Java Spring Boot, Python hoc NodeJS pha Back End di dng cc API.\r\n- Lp trnh c React JS, Next JS\r\n- S dng c cng c thit k Figma, Adobe XD\r\n- S dng c cc cng c qun l v phn task nh trello, jira...\r\n- Hiu bit c bn v Docker, Agile-Scrum\r\n- S dng c cc cng c Git, Github  qun l m ngun.\r\n- Hiu bit c bn v Test manual, Automation Test\r\n- Hiu bit cc dch v c bn trn AWS\r\n- a sn phm c ln AWS\r\n- Hiu bit s v DevOps\r\n- C tinh thn cu tin v mun hc hi. Nu cha bit c th trao i vi gio vin theo l trnh lm.','APPROVED','2024-08-10 15:38:22','2024-08-10 22:27:47','0f9533e5-b3d5-4f50-a5b9-499a6d760855'),('80d08d09-e846-4a09-b315-1c271e5be8b2','63','Xy dng Website hc tp online','- Gip ngi hc  ti nh nhng vn tham gia cc lp hc.\r\n- Tit kim c khng gian v thi gian khng phi tp trung\r\nn trng.',2,' iu kin duyt.','- Xy dng website hc trc tuyn:\r\n-Gip ngi dng tham gia cc lp hc ph hp;\r\n-c th chn: \r\n+Phng hc, gi hc, ti liu c cung cp Website','Hin thc v trin khai c cc lp hc online','- Xy dng v trin khai c ng dng theo yu cu thc t\r\n- Vit ti liu bo co r rng theo quy nh (ng cu trc, y  ni dung, trch dn, \r\nti liu tham kho).\r\n- Bi bo co phi phi th hin chi tit cc qu trnh: Thu thp yu cu, phn tch thit k, \r\nhin thc ng dng, kim th, trin khai.\r\n- Yu cu v ng dng:\r\n+ H thng p ng vi c t ca bi ton, ph hp thc tin; cc rng buc ton vn, \r\ntrong chng trnh hp l.\r\n+ Chng trnh nhiu ngi dng trong mi trng network.\r\n+ CSDL bo mt, backup.\r\n+ Giao din chc nng v phi chc nng linh hot thn thin ngi dng.\r\n+ Pht sinh t ng documents.','- Kin thc:\r\n+ Nm vng kin thc v phng php lp \r\ntrnh.\r\n+ Nm vng kin thc m hnh ha d liu,\r\nphn tch thit k h thng.\r\n+ Lp trnh: Java 8+, Hibernate Framework, \r\n(Java Servlet, JSP, JSF hoc Spring \r\nFramework), \r\nWeb Servers, Log4j, CSS3, HTML5, \r\nJavaScript,\r\n jQuery, Bootstrap4 .\r\n+ Nm vng kin thc v CSDL.\r\n+ Bit xy dng h thng phn tn; web \r\nservice.\r\n- K nng:\r\n+ S dng thnh tho phn mm Enterprise \r\nArchitect. cc ngn ng lp trnh.\r\n+ Lm vic nhm.\r\n- Thi : Lm vic nghim tc.','APPROVED','2024-08-10 15:38:22','2024-08-10 22:27:50','8d81ec71-666d-43cb-823f-3c0fe12bb03c'),('89978db6-9d87-4d30-b81f-ab06cf5ed644','64','Website h tr n tp kin thc ton/ting vit cho hc sinh tiu hc','- M t r rng, c th yu cu ca ng dng. \r\n- C th thit k chng trnh dng cu hi trc nghim kim tra kin thc  hc, theo tng lp, tng ch . C th h tr c cu hi t ng cho b.\r\n- Kho d liu phi tng i ln; m thanh, hnh nh vui ti, bt mt.\r\n- ng gi v phn phi ng dng.\r\n\r\nTham kho: vioedu.vn',2,' iu kin duyt.','- Tm hiu yu cu cho ng dng, ph hp vi thc t.\r\n- Xy dng ng dng theo quy trnh, ph hp vi yu cu  xc nh.','ng dng h tr n tp kin thc ton cho hc sinh tiu hc','A.Sinh vin tham gia  ti\r\n1) Nm vng kin thc, k nng lp trnh C#.\r\n2) C kin thc, k nng trin khai d n phn mm y  qui trnh t Requirement => Design => Coding => Unit Testing.\r\n3) C nng lc y  v lp k hoch, theo di tin , phn tch cc vn  pht sinh trong qu trnh thc hin d n.\r\nB.Sn phm\r\n1) Ti liu m t yu cu.\r\n2) Ti liu m t thit k.\r\n3) Ti liu m t thit k chi tit cho chc nng chnh.\r\n4) M ngun (c lu vt nh k trn h thng qun l phin bn nh SubVersion hoc Git; m ngun trnh by r rng, d hiu theo tiu chun  c thng nht).\r\n5) Ti liu m t tnh hung test v kt qu test cho chc nng chnh ca d n.\r\n6) Ti liu m t cch bin dch, ng gi v hng dn nng cp m ngun cho d n.','- am m nghin cu cng ngh, lp trnh.\r\n- C tinh thn hc hi v mong mun lm sn phm theo quy trnh cng nghip: tun th tiu chun khi vit m ngun, c hot ng m bo cht lng m ngun.\r\n- C kh nng vit m t yu cu ng dng.','APPROVED','2024-08-10 15:38:22','2024-08-10 22:27:52','c2461deb-0f4d-4666-bc84-57d26993cf0d'),('8dd85a6a-c9bc-4d59-a670-dc6638ee5098','65','Phn mm Qun l ch u xe Oto 2D ti Chung C','- Pht trin cc module c trong ng dng. Trao i thm vi gio vin hng dn.',2,' iu kin duyt.','- Vn dng kin thc  hc, nghin cu ti liu  vit ng dng c tnh thc t.','- Publish mt ng dng hon chnh Web App','A.Sinh vin tham gia  ti\r\n1) Nm vng kin thc, k nng lp trnh cc ngn ng yu cu.\r\n2) C kin thc, k nng trin khai d n phn mm y  qui trnh t Requirement => Design => Coding => Unit Testing\r\n3) C k nng lp trnh s dng th vin ngoi.\r\nB.Sn phm\r\n1) C ti liu m t Yu cu d n.\r\n2) C ti liu m t Thit k chi tit cho chc nng chnh ca d n.\r\n3) C m ngun c lu vt (tracking) nh k trn h thng qun l phin bn (version control) nh Subversion hoc Git; M ngun trnh by r rng.\r\n4) C ti liu m t tnh hung test v kt qu test cho chc nng chnh ca d n.\r\n5) C ti liu m t cch bin dch, ng gi v hng dn nng cp m ngun cho d n.','- Lp Trnh c Java Spring Boot, Python hoc NodeJS pha Back End di dng cc API.\r\n- Lp trnh c React JS, Next JS\r\n- S dng c cng c thit k Figma, Adobe XD\r\n- S dng c cc cng c qun l v phn task nh trello, jira...\r\n- Hiu bit c bn v Docker, Agile-Scrum\r\n- S dng c cc cng c Git, Github  qun l m ngun.\r\n- Hiu bit c bn v Test manual, Automation Test\r\n- Hiu bit cc dch v c bn trn AWS\r\n- a sn phm c ln AWS\r\n- Hiu bit s v DevOps\r\n- C tinh thn cu tin v mun hc hi. Nu cha bit c th trao i vi gio vin theo l trnh lm.','APPROVED','2024-08-10 15:38:22','2024-08-10 22:27:56','0f9533e5-b3d5-4f50-a5b9-499a6d760855'),('8ebbe533-09ff-4f3e-a93a-584a7c3d4da6','100','XY DNG WEBSITE H THNG QUN L DANH MC U T','<p>- Tm hiu v th trng chng khon v h thng qun l danh mc u t</p><p>- Phn tch, thit k h thng v la chn techstack s dng cho d n</p><p>- Xy dng phn Frontend v Backend cho H thng qun l danh mc u t vi cc loi chng khon nh c phiu, tri phiu, FX, chng khon phi sinh</p><p>- Deploy h thng ln server vt l</p>',5,' iu kin duyt.','<p>Vn dng nhng kin thc  hc vo d n thc t</p>','<p><br></p>','<p>- C kh nng lp k hoch, qun l thi gian  theo kp tin  ca  n</p><p>- C document m t y  v chi tit v d n</p><p>- Sn phm mang tnh ng dng thc tin cao</p>','<p>- Ch ng tm hiu nhng kin thc mi v ci thin nhng phn kin thc  bit</p><p>- Thi  nghim tc, c trch nhim</p><p><br></p>','APPROVED','2024-10-28 11:48:03','2024-10-28 11:48:20','db6e917c-17a9-4486-8fb6-60dee4e42e16'),('90160ca3-1eb6-4cb6-b0da-0bf105a1ac83','66','Xy dng h thng IoT smart home','<p>Nghin cu cc cng ngh lp trnh: Java - Tm hiu v thc hin vic ly requiremnt t khch hng - Tm hiu v thc hin vic vit test case  test h thng -Hiu c cc h thng lp trnh nhng trn cc board mch nh Arduino, PI -Hiu v thc hnh c trn cc dch v nhn din hnh nh ca cc hm API m cc cng ty cng ngh cung cp nh Microsoft, Facebook, Google,...</p>',1,' iu kin duyt.','<p>Mc tiu ca  ti l xy dng mt h thng nh thng minh (Smart Home) s dng cng ngh Internet of Things (IoT)  ci thin tin nghi, an ninh v hiu qu nng lng cho ngi dng. H thng ny s cho php ngi dng iu khin v gim st cc thit b trong nh t xa thng qua in thoi thng minh hoc my tnh bng. H thng cn gip cc thit b trong nh hot ng mt cch t ng theo iu kin  c lp trnh trc m khng cn s can thip ca con ngi. H thng c th a ra cc gi  s dng thit b thng minh sao cho t c hiu qu s dng thit b tt nht.</p>','<p>Sn phm nghin cu d kin: - H thng qun l v iu khin thng qua ng dng di ng: To ra mt ng dng di ng cho php ngi dng qun l v iu khin cc thit b trong ngi nh thng qua giao din n gin v thn thin. - Thit b cm bin v iu khin: Pht trin cc thit b cm bin v iu khin  thu thp d liu t mi trng nh , chng hn nh nhit ,  m, nh sng, ca, cm bin chuyn ng, v iu khin cc thit b nh n, my lnh, qut. - H thng an ninh: Xy dng h thng an ninh thng minh cho ngi nh, bao gm cm bin chuyn ng, camera gim st, bo ng v tch hp vi h thng qun l. - Tch hp tr tu nhn to (AI): p dng cc thut ton tr tu nhn to  phn tch d liu thu thp t cc thit b cm bin, nhn dng m hnh s dng v ti u ha h thng. Kh nng ng dng d kin: - H thng IoT smart home c th t ng iu khin cc thit b nh n, my lnh, qut, ca, to ra mi trng thoi mi v thun tin cho ngi dng. - H thng c th gim st v iu khin vic s dng nng lng trong ngi nh, gip tit kim nng lng v gim chi ph in. - Ngi dng c th gim st v kim sot ngi nh t xa thng qua ng dng di ng, m bo an ninh v an ton cho ngi nh.</p>','<p>A.Sinh vin tham gia  ti 1) Nm vng kin thc, k nng lp trnh Java hoc C# (nu c kin thc Python l mt li th) 2) C kin thc, k nng trin khai d n phn mm y  qui trnh t Requirement =&gt; Design =&gt; Coding =&gt; Unit Testing 3) C nng lc y  v Lp k hoch, theo di tin , phn tch cc vn  pht sinh trong qu trnh thc hin d n. B.Sn phm 1) C ti liu m t Yu cu d n. 2) C ti liu m t Thit k kin trc ca d n. 3) C ti liu m t Thit k chi tit cho chc nng chnh ca d n. 4) C m ngun c lu vt (tracking) nh k trn h thng qun l phin bn (version control) nh Subversion hoc Git; M ngun trnh by r rng, d hiu theo tiu chun  c thng nht. 5) C ti liu m t tnh hung test v kt qu test cho chc nng chnh ca d n. 6) C ti liu m t cch bin dch, ng gi v hng dn nng cp m ngun cho d n. 7) Vit bi bo khoa hc</p>','<p>Yu cu cng:  hon thnh mn Cng ngh mi trong SE  mc kh gii am m nghin cu cng ngh, lp trnh Mobile - C kin thc c bn v Java, Swift hoc React Native - C tinh thn hc hi v mong mun lm sn phm theo quy trnh cng nghip: tun th tiu chun khi vit m ngun, C hot ng m bo cht lng m ngun</p>','APPROVED','2024-08-10 15:38:22','2024-08-14 06:53:29','ade39f51-5c1f-494e-b068-f4be124f6767'),('928030a1-b7bf-4222-946b-76282c24ecba','67','H thng qun l t v xe','Tri nghim qui trnh trong vic pht trin phn mm:\r\n  + Tm hiu, thu thp requirement t khch hng;\r\n  + Lp k hoch cho d n, phn b v qun l task;\r\n  + Thit k giao din mockup, ti liu SRS, User manual, ...;\r\n  + Coding h thng trn nn tng website hoc app mobile hoc trn c 2 nn tng;\r\n  + To cc test scenario v kim th h thng;\r\n  + Deploy h thng.',2,' iu kin duyt.','1. Gip sinh vin nm c quy trnh c bn v vic thit k v pht trin phn mm. Bt u t giai on thu thp yu cu cho n vic hin thc, kim th v trin khai phn mm n khch hng.\r\n2. Gip sinh vin h thng li kin thc v vn dng kin thc  hc  xy dng mt sn phm phn mm c th.\r\n3. Gip sinh vin hiu c gc nhn  pha khch hng v yu cu d n, t  c th t vn cho khch hng  c c mt sn phm hu t.','Pht trin h thng h tr qun l xe khch:\r\n- Qun l thng tin tuyn xe;\r\n- Qun l thng tin, s lng v v tr ch ngi ca cc loi xe;\r\n- Qun l n gi v, dch v;\r\n- Qun l chng trnh khuyn mi (mua 1 tng 1, mua theo khung gi, );\r\n- Qun l t v xe trn website v trn mobile;\r\n- Thng k doanh thu, s lt t v, \r\n- Qun l thng tin nhn vin, khch hng.','A.Sinh vin tham gia  ti\r\n 1) Nm v hiu c quy trnh pht trin phn mm (Planning > Analysis > Design > Implementation > Testing & Integration > Maintenance);\r\n 2) C kh nng lp k hoch, qun l tin  d n cng nh kh nng x l cc vn  pht sinh trong qu trnh pht trin d n;\r\n 3) Hiu c vai tr ca cc role trong d n;\r\n 4) C kin thc trong vic tip thu v phn tch yu cu, nng cao k nng lm ti liu.\r\n B.Sn phm\r\n 1) C ti liu m t yu cu d n, ti liu thit k kin trc ca d n, ti liu m t thit k chi tit cho chc nng chnh ca d n.\r\n 2) M ngun trnh by r rng, d hiu theo tiu chun  c thng nht.\r\n 3) C ti liu m t cc test scenario v kt qu test (evidence) cho chc nng chnh ca d n;\r\n 4) B cc giao din r rng, n gin ha cc thao tc, d s dng;\r\n 5) Ch  n tri nghim ngi dng vi tiu ch h thng h tr ngi dng ti a nht c th.','Yu cu bt buc:\r\n - C kh nng lp trnh website v app mobile;\r\n - S dng thnh tho t nht 1 loi CSDL;\r\n - C trch nhim vi cng vic mnh c phn cng;\r\n - Lun i hi s hon thin cao  sn phm;\r\n - Mun tri nghim quy trnh pht trin phn mm thc t;\r\n - C tinh thn hc hi, dm chp nhn sai v sa sai.','APPROVED','2024-08-10 15:38:22','2024-08-10 22:28:01','deb0b8f3-aef7-4cdb-b88a-adb87b4e8e75'),('998359a5-70c7-404b-96a3-40a733894a7d','68','Xy dng sn giao dch vic lm cho sinh vin ti cc trng i hc','Tri nghim qui trnh trong vic pht trin phn mm:\r\n  + Tm hiu requirement t khch hng \r\n  + Design SRS, ADD, DDD\r\n  + Coding trn h thng Java \r\n  + Thc hin testing \r\n  + Deploy h thng',2,' iu kin duyt.','Tri nghim qui trnh trong vic pht trin phn mm:\r\n  + Tm hiu requirement t khch hng \r\n  + Design SRS, ADD, DDD\r\n  + Coding h thng vi Java hoc React Native\r\n  + Thc hin testing \r\n  + Deploy h thng (cloud computing)\r\n  +ChatGPT h tr t vn','Trin khi h thng qun l h s tuyn dng ca nhn s\r\n +Cc chc nng trn Web cho php ngi dng qun l, tra cu cc nghip v v tuyn dng\r\n +H thng c cc cnh bo thng minh cho ngi dng t vic phn tch d liu ca ng c vin n cng vic ph hp\r\n +Cc chc nng trn app trin khai c cho cc nhu cu xem thng tin tuyn dng, h s ng c vin, hp ng tuyn dng cho vic lm online, thanh ton lng, nhn thng bo v cc cnh bo khc\r\n +Cc chc nng cho doanh nghip c th ng tin tuyn dng, lc h s ng c vin, to t phng vn v gii quyt cc thc mc khuyn ngh,...\r\n +Cc chc nng qun tr nh thit lp danh mc vic lm, cc loi hnh lao ng, gn quyn, cung cp thng tin cho ngi dng khi c nhu cu v mt s chc nng qun tr khc','A.Sinh vin tham gia  ti\r\n \r\n 1) Nm vng kin thc, k nng lp trnh Java\r\n 2) C kin thc, k nng trin khai d n phn mm y  qui trnh t Requirement => Design => Coding => Unit Testing\r\n 3) C nng lc y  v Lp k hoch, theo di tin , phn tch cc vn  pht sinh trong qu trnh thc hin d n.\r\n \r\n \r\n B.Sn phm\r\n 1) C ti liu m t Yu cu d n.\r\n 2) C ti liu m t Thit k kin trc ca d n.\r\n 3) C ti liu m t Thit k chi tit cho chc nng chnh ca d n.\r\n 4) C m ngun c lu vt (tracking) nh k trn h thng qun l phin bn (version control) nh Subversion hoc Git; M ngun trnh by r rng, d hiu theo tiu chun  c thng nht.\r\n 5) C ti liu m t tnh hung test v kt qu test cho chc nng chnh ca d n.\r\n 6) C ti liu m t cch bin dch, ng gi v hng dn nng cp m ngun cho d n.\r\n 7) Vit bi bo khoa hc','Yu cu cng:  hon thnh mn Cng ngh mi trong SE  mc kh gii\r\n am m nghin cu cng ngh, lp trnh Mobile\r\n - C kin thc c bn v Java, Swift hoc React Native\r\n - C tinh thn hc hi v mong mun lm sn phm theo quy trnh cng nghip: tun th tiu chun khi vit m ngun, C hot ng m bo cht lng m ngun\r\n Kh nng nghin cu khoa hc l mt li th','APPROVED','2024-08-10 15:38:22','2024-08-10 22:28:04','ade39f51-5c1f-494e-b068-f4be124f6767'),('99aa3bd8-1492-46c8-9783-3239324b965d','69','H thng qun l siu th','Tri nghim qui trnh trong vic pht trin phn mm:\r\n  + Tm hiu, thu thp requirement t khch hng;\r\n  + Lp k hoch cho d n, phn b v qun l task;\r\n  + Thit k giao din mockup, ti liu SRS, User manual, ...;\r\n  + Coding h thng trn nn tng website hoc app mobile hoc trn c 2 nn tng;\r\n  + To cc test scenario v kim th h thng;\r\n  + Deploy h thng.',2,' iu kin duyt.','1. Gip sinh vin nm c quy trnh c bn v vic thit k v pht trin phn mm. Bt u t giai on thu thp yu cu cho n vic hin thc, kim th v trin khai phn mm n khch hng.\r\n2. Gip sinh vin h thng li kin thc v vn dng kin thc  hc  xy dng mt sn phm phn mm c th.\r\n3. Gip sinh vin hiu c gc nhn  pha khch hng v yu cu d n, t  c th t vn cho khch hng  c c mt sn phm hu t.','Pht trin h thng h tr qun l cho trung tm chm sc xe, c th:\r\n - Qun l c cc master data lin quan nh khch hng, sn phm, khuyn mi, cc loi d liu dng hierarchy ...;\r\n - Ci t v qun l n gi cho tng loi sn phm v cc chng trnh khuyn mi cho tng loi i tng;\r\n - Qun l hot ng hng ngy ca siu th nh: hot ng nhp hng, bn hng v kim k sn phm, ...\r\n - Khch hng c th ng nhp vo h thng, xem thng tin, lch s mua hng, ...\r\n - Thc hin cc biu mu thng k lin quan n s lng, doanh thu, ...','A.Sinh vin tham gia  ti\r\n 1) Nm v hiu c quy trnh pht trin phn mm (Planning > Analysis > Design > Implementation > Testing & Integration > Maintenance);\r\n 2) C kh nng lp k hoch, qun l tin  d n cng nh kh nng x l cc vn  pht sinh trong qu trnh pht trin d n;\r\n 3) Hiu c vai tr ca cc role trong d n;\r\n 4) C kin thc trong vic tip thu v phn tch yu cu, nng cao k nng lm ti liu.\r\n B.Sn phm\r\n 1) C ti liu m t yu cu d n, ti liu thit k kin trc ca d n, ti liu m t thit k chi tit cho chc nng chnh ca d n.\r\n 2) M ngun trnh by r rng, d hiu theo tiu chun  c thng nht.\r\n 3) C ti liu m t cc test scenario v kt qu test (evidence) cho chc nng chnh ca d n;\r\n 4) B cc giao din r rng, n gin ha cc thao tc, d s dng;\r\n 5) Ch  n tri nghim ngi dng vi tiu ch h thng h tr ngi dng ti a nht c th.','Yu cu bt buc:\r\n - C kh nng lp trnh website v app mobile;\r\n - S dng thnh tho t nht 1 loi CSDL;\r\n - C trch nhim vi cng vic mnh c phn cng;\r\n - Lun i hi s hon thin cao  sn phm;\r\n - Mun tri nghim quy trnh pht trin phn mm thc t;\r\n - C tinh thn hc hi, dm chp nhn sai v sa sai.','APPROVED','2024-08-10 15:38:22','2024-08-10 22:28:07','deb0b8f3-aef7-4cdb-b88a-adb87b4e8e75'),('9a087e0b-be31-4116-b7cc-dee053d60056','70','H thng cho thu nh tr vi cc hp ng thng minh kt hp ch k s','<p>Nghin cu cc cng ngh lp trnh: Java, NodeJS, AWS - Tm hiu v thc hin vic ly requiremnt t khch hng - Tm hiu v thc hin vic vit test case  test h thng</p>',2,' iu kin duyt.','<p>Tri nghim qui trnh trong vic pht trin phn mm: + Tm hiu cc m hnh nh tr cho thu hin nay, quy trnh tm tr v cc c im nh tr m ngi thu tr quan tm + Thit k cc chc nng  ngi thu tr d dng tm c nh tr theo nhu cu ca mnh + Thit k cc ti liu SRS, ADD, DDD + Coding h thng vi Golang + Tm hiu Blockchain v kt hp s dng Smart contract cng ch k s trong vic lm hp ng thu tr + Tch hp v in t trong vic thanh ton + Deploy v tch hp h thng vi cloud computing + Thc hin testing trn cc chc nng  trin khai: Unit test, Integration test</p>','<p>Trin khai c cc ng dng trn nn tng Blockchain Hiu v p dng smart contract kt hp ch k s m bo bo mt thng tin hp ng cho khch hng H thng c th bao gm: Web, App</p>','<p>A.Sinh vin tham gia  ti 1) Nm vng kin thc, k nng lp trnh Java 2) C kin thc, k nng trin khai d n phn mm y  qui trnh t Requirement =&gt; Design =&gt; Coding =&gt; Unit Testing 3) C nng lc y  v Lp k hoch, theo di tin , phn tch cc vn  pht sinh trong qu trnh thc hin d n. 4) C kin thc v AI B.Sn phm 1) C ti liu m t Yu cu d n. 2) C ti liu m t Thit k kin trc ca d n. 3) C ti liu m t Thit k chi tit cho chc nng chnh ca d n. 4) C m ngun c lu vt (tracking) nh k trn h thng qun l phin bn (version control) nh Subversion hoc Git; M ngun trnh by r rng, d hiu theo tiu chun  c thng nht. 5) C ti liu m t tnh hung test v kt qu test cho chc nng chnh ca d n. 6) C ti liu m t cch bin dch, ng gi v hng dn nng cp m ngun cho d n. 7) Bi bo khoa hc</p>','<p>Yu cu cng:  hon thnh mn Cng ngh mi trong SE  mc kh gii am m nghin cu cng ngh, lp trnh Mobile - C kin thc c bn v Java, Swift hoc React Native - C tinh thn hc hi v mong mun lm sn phm theo quy trnh cng nghip: tun th tiu chun khi vit m ngun, C hot ng m bo cht lng m ngun Sinh vin c kh nng nghin cu l mt u th</p>','APPROVED','2024-08-10 15:38:22','2024-08-14 10:10:33','a7ab968e-6d34-41f5-b85d-d219f209798d'),('9a468bff-dd82-4ed4-9882-844a889af8b3','71','Xy dng phn mm qun l gi lm vic ca \r\nging vin trng i hc','ng dng gip ngi dng qun l cp nht thng tin gi lm\r\n trn h thng linh hot, thng k c cc hot ng cho nm hc\r\nBo mt thng tin ngi dng',2,' iu kin duyt.','\"- Xy dng c ng dng giup ngi dung\r\n qun l cp nht gi lm theo cc nm\r\ntrn nn tng PC, di ng.\r\n- T chc lm vic nhm, trin khai s dng c \r\ncng c Github  qun l m ngun.\r\n- ng dng cc gii php cng ngh  xy dng ng dng \r\nti u v bo mt\"','Hin thc v trin khai c ng dng chy trn \r\nnn tng PC, di ng.','\"Xy dng v trin khai c ng dng theo yu cu thc t\r\n- Vit ti liu bo co r rng theo quy nh (ng cu trc, y  ni dung, trch dn, \r\nti liu tham kho).\r\n- Bi bo co phi phi th hin chi tit cc qu trnh: Thu thp yu cu, phn tch thit k, \r\nhin thc ng dng, kim th, trin khai.\r\n- Yu cu v ng dng:\r\n+ H thng p ng vi c t ca bi ton, ph hp thc tin; cc rng buc ton vn, ti u\r\ntrong chng trnh hp l.\r\n+ Chng trnh nhiu ngi dng trong mi trng network.\r\n+ CSDL bo mt, backup.\r\n+ Giao din chc nng v phi chc nng linh hot thn thin ngi dng.\r\n+ Pht sinh t ng documents.\"\"\"','\"- Nm vng kin thc v phng php lp \r\ntrnh.\r\n- Nm vng kin thc m hnh ha d liu,\r\nphn tch thit k h thng. \r\nLp trnh c Java  x l Front End trn \r\nh iu hnh Android.\r\n- S dng c cc cng c Git, Github  \r\nqun l m ngun.\r\n- Hiu c Kin trc service v ng dng \r\nvo phn mm thc t.\r\n- ng dng Firebase  lp trnh Authentication\r\n vo ng dng.\"','APPROVED','2024-08-10 15:38:22','2024-08-10 22:28:25','8d81ec71-666d-43cb-823f-3c0fe12bb03c'),('9c9ff59f-aa47-4122-b582-228042d51f79','72','Xy dng phn mm qun l h tr khm cha bnh ti h thng phng khm ABC','Desktop: (Qun l bnh nhn; Qun l h s bnh n; Qun l lch khm; Qun l bc s, nhn vin y t; Qun l toa thuc; Qun l thng k nhp xut)\r\n Web: ng k lch khm\r\n  Tra cu thng tin\r\n  H tr t vn ngi bnh (blog, chat room, )\r\n ',2,' iu kin duyt.','Lp trnh c trn HDH Androi, ng dng c cc cng c (th vin, cc gi m ngun m...) vo thc hin trong  ti\r\n Phn tch, thit k ng dng .\r\n Hin thc c ng dng, trin khai c trn a nn tng','Hin thc v trin khai c thnh cc App trn nn tng android.','A.Sinh vin tham gia  ti\r\n 1) Nm vng kin thc, k nng lp trnh Java, lp trnh TBD trn Android\r\n 2) c ti liu ting Anh, tm kim ti liu, K nng vit bo co, ti liu thuyt trnh\r\n 3) C nng lc y  v Lp k hoch, theo di tin , phn tch cc vn  pht sinh trong qu trnh thc hin  ti. \r\n 4) C k nng s dng tch hp cng ngh mi v  ti.\r\n B.Sn phm\r\n 1) C ti liu m t Yu cu d n.\r\n 2) C ti liu m t Thit k kin trc ca d n.\r\n 3) C ti liu m t Thit k chi tit cho chc nng chnh ca d n.\r\n 4) C m ngun c lu vt (tracking) nh k trn h thng qun l phin bn (version control) nh Subversion hoc Git; M ngun trnh by r rng, d hiu theo tiu chun  c thng nht. \r\n 5) C ti liu m t tnh hung test v kt qu test cho chc nng chnh ca d n.\r\n 6) C ti liu m t cch bin dch, ng gi v hng dn nng cp m ngun cho d n.','- C kin thc lp trnh trn thit b di ng.\r\n  -C tinh thn hc hi v mong mun lm sn phm theo quy trnh cng nghip: tun th tiu chun khi vit m ngun, c hot ng m bo cht lng m ngun.\r\n -Bit cch tm hiu nhu cu thc t ca ngi dng.\r\n -C kh nng vit m t yu cu ng dng.','APPROVED','2024-08-10 15:38:22','2024-08-10 22:28:27','ade39f51-5c1f-494e-b068-f4be124f6767'),('a0322fa3-ec1a-46d0-89e9-f57871a17ab2','73','Xy phn mm hng dn tr gip chn ngnh hc trong \r\ntrng i hc.','\"ng dng gip ngi dng qun l, tm kim tra cu thng\r\ntin ngnh, chn ngnh ph hp, ti u v bo mt \"',2,' iu kin duyt.','\"- Xy dng c ng dng giup ngi dung\r\n chn ngnh hc ph hp online trn nn tng PC, \r\ndi ng.\r\n- T chc lm vic nhm, trin khai s dng c \r\ncng c Github  qun l m ngun.\r\n- ng dng cc gii php cng ngh  xy dng ng dng \r\nti u bo mt\"','\"Hin thc v trin khai c ng dng chy trn \r\nnn tng PC, di ng\"','\"Xy dng v trin khai c ng dng theo yu cu thc t\r\n- Vit ti liu bo co r rng theo quy nh (ng cu trc, y  ni dung, trch dn, \r\nti liu tham kho).\r\n- Bi bo co phi phi th hin chi tit cc qu trnh: Thu thp yu cu, phn tch thit k, \r\nhin thc ng dng, kim th, trin khai.\r\n- Yu cu v ng dng:\r\n+ H thng p ng vi c t ca bi ton, ph hp thc tin; cc rng buc ton vn, ti u\r\ntrong chng trnh hp l.\r\n+ Chng trnh nhiu ngi dng trong mi trng network.\r\n+ CSDL bo mt, backup.\r\n+ Giao din chc nng v phi chc nng linh hot thn thin ngi dng.\r\n+ Pht sinh t ng documents.\"','\"- Nm vng kin thc v phng php lp \r\ntrnh.\r\n- Nm vng kin thc m hnh ha d liu,\r\nphn tch thit k h thng. \r\nLp trnh c Java  x l Front End trn \r\nh iu hnh Android.\r\n- S dng c cc cng c Git, Github  \r\nqun l m ngun.\r\n- Hiu c Kin trc service v ng dng \r\nvo phn mm thc t.\r\n- ng dng Firebase  lp trnh Authentication\r\n vo ng dng\"','APPROVED','2024-08-10 15:38:22','2024-08-10 22:28:29','8d81ec71-666d-43cb-823f-3c0fe12bb03c'),('a304db17-4140-470a-848f-366cf4aaa1dd','74','H thng b phiu v qun l trn nn tng Blockchain','<p>Tm hiu v kin thc cc chc nng front-end ca Website. (HTML, CSS, Boostrap, JavaScript v ReactJs ) - Tm hiu kin thc v backend nh NodeJs,.. blockchain Ethereum v cc hp ng thng minh  ghi nhn v kim tra tnh hp l - Kin thc v DBMS: MongoDB - Tm hiu kin thc v cc Web Services hoc API</p>',2,' iu kin duyt.','<p>- Pht trin mt h thng b phiu phi tp trung, an ton v minh bch trn nn tng blockchain Ethereum. - T ng ha qu trnh b phiu v kim phiu thng qua cc hp ng thng minh (smart contracts). - m bo tnh bo mt, trnh gian ln v cc loi tn cng nh Sybil v 51%. - Cp quyn truy cp hp l cho ngi dng v m bo mi ngi ch c b phiu mt ln. - S dng ch k s  xc thc mi ln giao dch b phiu.</p>','<p>Sn phm nghin cu: - Mt h thng b phiu hon chnh trn nn tng blockchain Ethereum, bao gm giao din ngi dng v cc hp ng thng minh. - Ti liu hng dn s dng v trin khai h thng. Kh nng ng dng: - p dng trong cc cuc bu c doanh nghip, t chc, v c chnh ph  tng cng tnh minh bch v bo mt. - C th m rng v ty chnh cho nhiu mc ch b phiu khc nhau.</p>','<p>A.Sinh vin tham gia  ti 1) Nm vng kin thc, k nng lp trnh cc ngn ng HTML, CSS, Javascript, ReactJs, NodeJs,... S dng h qun tr c s d liu MongoDB . 2) C kin thc, k nng trin khai d n phn mm y  qui trnh t Requirement =&gt; Design =&gt; Coding =&gt; Unit Testing 3) C nng lc y  v Lp k hoch, theo di tin , phn tch cc vn  pht sinh trong qu trnh thc hin d n. B.Sn phm 1) C ti liu m t Yu cu d n. 2) C ti liu m t Thit k kin trc ca d n. 3) C ti liu m t Thit k chi tit cho chc nng chnh ca d n. 4) C m ngun c lu vt (tracking) nh k trn h thng qun l phin bn (version control) nh Subversion hoc Git; M ngun trnh by r rng, d hiu theo tiu chun  c thng nht. 5) C ti liu m t tnh hung test v kt qu test cho chc nng chnh ca d n. 6) C ti liu m t cch bin dch, ng gi v hng dn nng cp m ngun cho d n. 7) m bo mi ngi dng ch c b phiu mt ln v phiu bu phi c xc thc chnh xc. 8) H thng phi c kh nng bo mt cao.</p>','<p>Kin thc v blockchain, c bit l Ethereum v Solidity. - Kin thc v bo mt thng tin v ch k s. - K nng lp trnh v trin khai h thng trn nn tng web. - Cng c pht trin: Truffle, Ganache, MetaMask, v.v. - Mi trng pht trin: Node.js, React.js (hoc mt framework frontend khc), Solidity, Ethereum.</p>','APPROVED','2024-08-10 15:38:22','2024-08-14 10:40:40','7fb58e30-8a15-4adb-ae04-b7b4024dac06'),('a3b55b27-46b3-4986-b348-0a6d4f52fae7','75','Xy dng mt Website thc hin qun l cc bi bo khoa hc c bo co trong v ngoi nc. \r\nMi bi bo c s nh gi cp  thng qua s tham chiu ca ngi c.','- Tm hiu v kin thc cc chc nng front-end ca Website, Web application.\r\n(HTML, CSS, Boostrap v ngn ng lp trnh JavaScript\r\nNm r ton b qu trnh pht trin web (thit k, pht trin v thc thi)\r\nC kin thc v Responsive Design)\r\n- Tm hiu kin thc v backend nh Java, C#\r\n- Kin thc v DBMS: SQL Server, My SQL, MongoDB\r\n- Tm hiu kin thc v cc Web Services hoc API',2,' iu kin duyt.','- Website p ng nhu cu cho vic qun l cc bi bo khoa hc ca tng nh khoa hc theo tng lnh vc khoa hc c th\r\n- nh gi cp  cu tng bi bo\r\n- S dng c cc cng ngh lp trnh Node JS, HTML5, CSS3, jQuery, Ajax, Java','-H thng da trn nhu cu thc t cho vic qun l bi bo khoa hc ca cc n v nghin cu\r\n-Cch thc t chc cc bi bo ca cc nh khoa hc vi cc trnh  khc nhau.\r\n-Website nhm mc ch truy xut cc bi bo khoa hc mt cch d dng','A.Sinh vin tham gia  ti\r\n1) Nm vng kin thc, k nng lp trnh cc ngn ng C#, Jquery, HTML, CSS, Javascript, Ajax. S dng h qun tr c s d liu Microsoft SQL Server .\r\n2) C kin thc, k nng trin khai d n phn mm y  qui trnh t Requirement => Design => Coding => Unit Testing\r\n3) C nng lc y  v Lp k hoch, theo di tin , phn tch cc vn  pht sinh trong qu trnh thc hin d n.\r\n4) C k nng lp trnh s dng li th vin x l nh.\r\nB.Sn phm\r\n1) C ti liu m t Yu cu d n.\r\n2) C ti liu m t Thit k kin trc ca d n.\r\n3) C ti liu m t Thit k chi tit cho chc nng chnh ca d n.\r\n4) C m ngun c lu vt (tracking) nh k trn h thng qun l phin bn (version control) nh Subversion hoc Git; M ngun trnh by r rng, d hiu theo tiu chun  c thng nht.\r\n5) C ti liu m t tnh hung test v kt qu test cho chc nng chnh ca d n.\r\n6) C ti liu m t cch bin dch, ng gi v hng dn nng cp m ngun cho d n.','- Vit ti liu bo co r rng theo quy nh (ng cu trc, y  ni dung, trch dn, ti liu tham kho)\r\n- Tun th chi tit cc qu trnh thc hin mt chng trnh/website: Thu thp yu cu, phn tch thit k, hin thc ng dng, kim th, trin khai.\r\n-H thng p ng vi phn tch ban u   ra.\r\n- DBMS phi m t r rng v m bo tnh ng n ca cc mi quan h cng nh d liu hin th.\r\n- H thng p ng nhu cu phn quyn r rng cho tng user thc hin.\r\n- Giao din thn thin ngi dng.\r\n- Website hon chnh p ng mc tiu  ra vi cc chc nng','APPROVED','2024-08-10 15:38:22','2024-08-10 22:28:35','7fb58e30-8a15-4adb-ae04-b7b4024dac06'),('a5779041-9969-4925-816a-e4c1683dc9ad','76','XY DNG WEBSITE BN TOUR DU LCH TRONG NC KT HP BN V CHO CC TOUR.','- Tm hiu r rng v a ra cc yu cu v nghip v bn tour du lch kt hp bn v di chuyn cho khch hng. \r\n- T  dn n vic phn tch CSDL hin thc ng n\r\n- p dng c cc kin thc  hc  thit k v xy dng website. \r\n- SV c th tm hiu thm cc kin thc khc p dng cho vic to 1 Website',2,' iu kin duyt.','- Phn tch nghip v thc t ca vic bn tour du lch\r\n- S dng c cc cng ngh lp trnh Node JS, HTML5, CSS3, jQuery, Ajax, Java \r\n- Thc thi c vic thanh ton trc tuyn qua cc cng thanh ton\r\n in t vi cc loi th ATM','- website cho php ngi s dng tm kim tour du lch mong mun\r\n- tm kim c cc dch v vn chuyn tng ng cho chuyn di8','A.Sinh vin tham gia  ti\r\n1) Nm vng kin thc, k nng thit k Web v lp trnh C#.\r\n2) C kin thc, k nng trin khai d nwebsite y  qui trnh t Requirement => Design => Coding => Unit Testing=>Maintaining.\r\n3) C nng lc y  v lp k hoch, theo di tin , phn tch cc vn  pht sinh trong qu trnh thc hin d n.\r\nB.Sn phm\r\n1) Ti liu Bo co kha lun theo mu quy nh ca FIT IUH.\r\n2) Ti liu m t yu cu.\r\n3) Ti liu m t thit k.\r\n4) Ti liu m t thit k chi tit cho chc nng chnh.\r\n5) M ngun (c lu vt nh k trn h thng qun l phin bn nh SubVersion hoc Git; m ngun trnh by r rng, d hiu theo tiu chun  c thng nht).\r\n7) Ti liu m t tnh hung test v kt qu test cho chc nng chnh ca d n.\r\n8) Ti liu m t cch trin khai Website\r\n9) Ti liu hng dn nng cp mi theo nhu cu','- SV c am m v lp trnh v phn tch h thng \r\n-SV c kin thc v lp trnh Web\r\n- SV phi chu kh hc hi v c tinh thn lm vic t gic','APPROVED','2024-08-10 15:38:22','2024-08-10 22:28:37','7fb58e30-8a15-4adb-ae04-b7b4024dac06'),('a8369014-0038-4b63-9568-f28a3aa149f2','77','Xy dng phn mm qun l nh thuc','Chng trnh gip ngi qun l qun l c cc mt hng, qun l vic t, mua hng ca khchbo co, thng k',2,' iu kin duyt.','Tm hiu yu cu cho ng dng, ph hp vi thc t. Xy dng ng dng theo quy trnh, ph hp vi yu cu  xc nh.','p dng c vo thc t','A. Sinh vin tham gia  ti\r\n 1) Nm vng kin thc, k nng lp trnh C/C++ hoc Java\r\n 2) C kin thc, k nng trin khai d n phn mm y  qui trnh t Requirement => Design => Coding => Unit Testing\r\n 3) C nng lc y  v Lp k hoch, theo di tin , phn tch cc vn  pht sinh trong qu trnh thc hin d n.\r\n 4) c ti liu ting Anh, tm kim ti liu, K nng vit bo co, ti liu thuyt trnh\r\n 5) C th thu thp, phn tch c hnh vi ngi dng trong qu trnh thc hin d n.\r\n B. Sn phm\r\n 1) C ti liu m t Yu cu d n.\r\n 2) C ti liu m t Thit k kin trc ca d n.\r\n 3) C ti liu m t Thit k chi tit cho chc nng chnh ca d n.\r\n 4) C ti liu m t tnh hung test v kt qu test cho chc nng chnh ca d n.\r\n 5) C ti liu m t cch bin dch, ng gi v hng dn nng cp m ngun cho d n.','C kin thc v qun l, bo co Crystal report.\r\n - K nng phn tch thit k, lp trnh tt.\r\n - Cn c, chiu kh.\r\n - C tinh thn ham hc hi, cu tin.','APPROVED','2024-08-10 15:38:22','2024-08-10 22:28:41','8a6eb974-d9e9-4d25-898f-1f7691fbfef4'),('b13b1fa3-6e5a-4ac2-abbc-cdd04c4f97c7','78','Qun l v tr thi gian thc v qu trnh vn chuyn hng ha','- Tm hiu, nghin cu ngn ng vit ng dng trn HH Android, hoc IOS .\r\n - Tm hiu nh v ta  kt ni vi thit b di ng ca shipper.\r\n - Tm hiu service tm ng i.\r\n - Nguyn cu cch vit ng dng tch hp l tr data trn server cho shipper nh go vit, grap t xe.',2,' iu kin duyt.','- Hiu c kin trc tng th h thng vn hnh qua thit b di ng.\r\n - S dng c cc cng ngh lp trnh trn ngn ng Android, IOS.\r\n - Bit cch vit ng dng da trn thit b i ng\r\n - Hiu c cc API ca google h tr tnh v tr, khong cch gia im','-Phn mm cho php ngi ch danh nghip mun qun l shipper giao hng ti khch hng to s an tm cho gia ch.\r\n - Thng bo cthi gian d kit hng ti tay khch.\r\n - D bo c bao nhiu shipper  rnh v gn xong vic trong mt khong thi gian.\r\n - Thng k cc kiu (giao chm, nhanh...)\r\n - Cc bo biu cn thit','A.Sinh vin tham gia  ti\r\n 1) Nm vng kin thc, k nng lp trnh trn HH android hoc IOS\r\n 2) C kin thc, k nng trin khai d n phn mm y  qui trnh t Requirement => Design => Coding => Unit Testing\r\n 3) C nng lc y  v Lp k hoch, theo di tin , phn tch cc vn  pht sinh trong qu trnh thc hin d n.\r\n 4) C th thu thp thng tin v phn tch cc vn  pht sinh.\r\n B.Sn phm\r\n 1) C ti liu m t Yu cu d n.\r\n 2) C ti liu m t Thit k kin trc ca d n.\r\n 3) C ti liu m t Thit k chi tit cho chc nng chnh ca d n.\r\n 4) C ti liu m t tnh hung test v kt qu test cho chc nng chnh ca d n.\r\n 5) C ti liu m t cch bin dch, ng gi v hng dn nng cp m ngun cho d n.','- am m nghin cu cng ngh, thut ton.\r\n - C kin thc c bn v lp trnh thit b di ng nh trn HDH Android, IOS,\r\n - C tinh thn hc hi v mong mun lm sn phm theo thng mi cng ng','APPROVED','2024-08-10 15:38:22','2024-08-10 22:28:44','de73f2b5-f0f9-4b16-86ac-d52852d3e672'),('b1ecfd26-e05c-48dd-841d-e96ce8eef41e','79','H thng qun l thm m vin KimBeautySpa','Cc cng vic cn thc hin  t c mc tiu v a ra c sn phm d kin:\r\n (1) Tm hiu r quy trnh nghip v\r\n (2) Thu thp yu cu ngi dng\r\n (3) Thc hin phn tch v thit k h thng t c yu cu h thng v ng quy trnh nghip v\r\n (4) Hin thc h thng t bn thit k\r\n (5) Trin khai, cho chy thc nghim, kim th, phn tch kt qu',2,' iu kin duyt.','1. Gip SV tm hiu c quy trnh nghip v lin quan n cc dch v ca cc spa \r\n 2. Vn dng c cc kin thc  hc : thu thp v phn tch c quy trnh nghip v qun l spa, yu cu ca ngi dng; thit k c h thng qun l spa p ng c yu cu ngi dng v ng vi quy trnh nghip v.\r\n 2. Hin thc, kim th v trin khai c h thng qun l cc spa mt cch thng minh d trn bng thit k h thng  a ra','H thng qun l spa thng minh: \r\n - Qun l c cc dch v c th c ca mt chui cc spa\r\n- Bo co thng k \r\n - Trin khai trn Web App\r\n - C tnh kh thi trong thc t','- Mt sn phm phn mm c tnh kh thi trong thc t\r\n - Mt bn bo co k thut v sn phm a ra\r\n - Cc thnh vin phi thu hiu v trnh by li c ton b nhng cng ngh  p dng trong sn phm phn mm\r\n - Vit c mt bi bo khoa hc tr hoc bi bo ca IUH','- C kh nng pht trin mt h thng thng tin bng cc kin thc chuyn ngnh  c o to\r\n - C kh nng t hc, t lm vic vi tinh thn trch nhim cao\r\n - C thi  lm vic c nhn, nhm nghim tc & trch nhim','APPROVED','2024-08-10 15:38:22','2024-08-10 22:28:32','4a3eb48d-9f8c-4635-a3d5-e15ee458e414'),('b23f4de6-5c00-4fd3-b6db-23d265bdeb30','80','Vit chng trnh ng dng H thng qun l phng khm a khoa.','- Cho php xp lch khm cho bnh nhn bng cch: t lch khm online hoc trc tip ti phng khm.\r\n- Tip nhn bnh nhn, phn b bnh nhn n cc bung khm tng ng vi khoa bnh nhn mun khm, theo th t u tin (u tin theo th t t lch khm v u tin khc).\r\n- H tr bc s thm khm, chun on bnh, ch nh xt nghim (nu c), k n thuc, hn lch ti khm....\r\n- Khi bc s khm bnh, nu c pht sinh toa thuc, tt c cc toa thuc ca cc bc s  cc bung khm s c chuyn t ng n quy thuc theo th t.\r\n-  Send mail/ message hn hoc cm n khch hng.\r\n- Thanh ton vin ph / dch v nu c\r\n- Quy bn thuc: Bn thuc theo toa (c th ty bin theo yu cu ca khch hng) v bn thuc cho khch vng lai.\r\n- Ti quy thuc, nu c nhiu dc s cng bn thuc, th vic phn b n thuc cng phi theo th t u tin.\r\n- Chc nng qun l, tm kim, tra cu lch s bnh ca bnh nhn, thng k, bo co ....\r\n- Lin h h tr khch hng t xa\r\n- Rng buc ton vn d liu u vo.\r\n- ng dng chy a nn tng: Mobile, web v desktop app',2,' iu kin duyt.','Vn dng kin thc  hc, nghin cu ti liu  vit ng dng c tnh thc t.','ng dng phi c tnh thc t v p dng c','- Vit ti liu bo co r rng theo quy nh (ng cu trc, y  ni dung, trch dn, ti liu tham kho).\r\n- Bi bo co phi phi th hin chi tit cc qu trnh: Thu thp yu cu, phn tch thit k, hin thc ng dng, kim th, trin khai.\r\n- Yu cu v ng dng:\r\n Phn qun l dng desktop app, phn cho ngi dng dng web app hoc mobile\r\n H thng p ng vi c t ca bi ton, ph hp thc tin.\r\n Rng buc cht ch cc rng buc ton vn c th c trong chng trnh.\r\n Chng trnh nhiu ngi dng trong mi trng network.\r\n Data, backup, security.\r\n Giao din thn thin ngi dng.\r\n Coding conventions.\r\n Pht sinh t ng documents.\r\n Chun b y  tp d liu mu ph hp thc tin v nghip v','Yu cu i vi sinh vin\r\n- Kin thc:\r\n Nm vng kin thc v lp trnh hng i tng v m hnh ha d liu.\r\n Nm vng kin thc v phn tch thit k h thng.\r\n Tm hiu kin trc Message Oriented Middleware (MOM), vn dng linh hot vo ng dng.\r\n Ngn ng Lp trnh: Ty chn Java/Nodejs/JavaScript, Hibernate Framework, (Java Servlet, JSP, JSF hoc Spring Framework), Web Servers, Log4j, Front-End Frameworks (Bootstrap, Angular, React) .\r\n Nm vng kin thc v SQL hoc NoSQL.\r\n Nm vng kin thc v lp trnh mng v h thng phn tn.\r\n Tm hiu RESTful web service, vn dng linh hot vo ng dng.\r\n  hoc ang hc cc mn hc: LT Phn tn Java, Kin trc v Thit k Phn mm, LT WWW Java.\r\n- K nng:\r\n c ti liu ting anh, tm kim nh gi ti liu.\r\n S dng thnh tho phn mm thit k nh: Enterprise Architect/ Visual Paradigm.\r\n Lm vic nhm.\r\n- Thi :\r\n Lm vic nghim tc, khng sao chp bi lm ca ngi khc  bt c hnh thc no.\r\n Gp v bo co vi ging vin hng dn hng tun. Ngh qu 3 tun khng l do, ging vin t chi hng dn tip.','APPROVED','2024-08-10 15:38:22','2024-08-10 22:28:21','c11e126e-fdea-4e26-b088-d726d492eb15'),('b4a35e2d-c5d8-416d-9719-e645ea2c6ec6','81','ng dng qun l thi gian biu cho sinh vin trn thit b di ng','- Tham kho qua cc ng dng hin c, m t r rng, c th yu cu ca ng dng.\r\n - ng dng cho php nhc nh cng vic khi gn n hn; cho php qun l thi gian biu d dng, tin li, c bit l lp thi gian biu cho nhng cng vic lp li hng ngy, hng tun,....\r\n- ng gi v phn phi ng dng trn thit b di ng.',2,' iu kin duyt.','- Hiu c cch thc lp trnh trn thit b di ng.\r\n- Tm hiu yu cu cho ng dng, ph hp vi thc t.\r\n- Xy dng ng dng theo quy trnh, ph hp vi yu cu  xc nh.','ng dng qun l thi gian biu cho sinh vin trn thit b di ng','A.Sinh vin tham gia  ti\r\n1) Nm vng kin thc, k nng lp trnh.\r\n2) C kin thc, k nng trin khai d n phn mm y  qui trnh t Requirement => Design => Coding => Unit Testing.\r\n3) C nng lc y  v lp k hoch, theo di tin , phn tch cc vn  pht sinh trong qu trnh thc hin d n.\r\nB.Sn phm\r\n1) Ti liu m t yu cu.\r\n2) Ti liu m t thit k.\r\n3) Ti liu m t thit k chi tit cho chc nng chnh.\r\n4) M ngun (c lu vt nh k trn h thng qun l phin bn nh SubVersion hoc Git; m ngun trnh by r rng, d hiu theo tiu chun  c thng nht).\r\n5) Ti liu m t tnh hung test v kt qu test cho chc nng chnh ca d n.\r\n6) Ti liu m t cch bin dch, ng gi v hng dn nng cp m ngun cho d n.','- am m nghin cu cng ngh, lp trnh trn thit b di ng.\r\n - C kin thc lp trnh trn thit b di ng.\r\n - C tinh thn hc hi v mong mun lm sn phm theo quy trnh cng nghip: tun th tiu chun khi vit m ngun, c hot ng m bo cht lng m ngun.\r\n - Bit cch tm hiu nhu cu thc t ca ngi dng.\r\n - C kh nng vit m t yu cu ng dng.','APPROVED','2024-08-10 15:38:22','2024-08-10 22:28:48','c2461deb-0f4d-4666-bc84-57d26993cf0d'),('b4bc5f2b-9458-437f-985a-e0bd909fe375','82','Xy dng cc ng dng thng minh trn nn tng Blockchain','<p>Nghin cu cc cng ngh lp trnh: Java, NodeJS, AWS - Tm hiu v thc hin vic ly requiremnt t khch hng - Tm hiu v thc hin vic vit test case  test h thng</p>',2,' iu kin duyt.','<p>Tri nghim qui trnh trong vic pht trin phn mm: + Tm hiu requirement t khch hng + Design SRS, ADD, DDD + Coding h thng vi Java + Tm hiu Blockchain + Thc hin testing trn cc chc nng  trin khai + Deploy h thng (cloud computing)</p>','<p>Trin khi c cc ng dng trn nn tng Blockchain H thng c th bao gm: Web, App Cc bi ton c th p dng nh: H thng cho thu nh vi cc hp ng thng minh, cc dch v chm sc khch hng ti ngn hng,....</p>','<p>A.Sinh vin tham gia  ti 1) Nm vng kin thc, k nng lp trnh Java 2) C kin thc, k nng trin khai d n phn mm y  qui trnh t Requirement =&gt; Design =&gt; Coding =&gt; Unit Testing 3) C nng lc y  v Lp k hoch, theo di tin , phn tch cc vn  pht sinh trong qu trnh thc hin d n. 4) C kin thc v AI B.Sn phm 1) C ti liu m t Yu cu d n. 2) C ti liu m t Thit k kin trc ca d n. 3) C ti liu m t Thit k chi tit cho chc nng chnh ca d n. 4) C m ngun c lu vt (tracking) nh k trn h thng qun l phin bn (version control) nh Subversion hoc Git; M ngun trnh by r rng, d hiu theo tiu chun  c thng nht. 5) C ti liu m t tnh hung test v kt qu test cho chc nng chnh ca d n. 6) C ti liu m t cch bin dch, ng gi v hng dn nng cp m ngun cho d n. 7) Bi bo khoa hc</p>','<p>Yu cu cng:  hon thnh mn Cng ngh mi trong SE  mc kh gii am m nghin cu cng ngh, lp trnh Mobile - C kin thc c bn v Java, Swift hoc React Native - C tinh thn hc hi v mong mun lm sn phm theo quy trnh cng nghip: tun th tiu chun khi vit m ngun, C hot ng m bo cht lng m ngun Sinh vin c kh nng nghin cu l mt u th Sinh vin c kh nng nghin cu l mt u th</p>','APPROVED','2024-08-10 15:38:22','2024-08-14 04:32:22','a7ab968e-6d34-41f5-b85d-d219f209798d'),('b6c665d8-df0d-43b3-886d-b7145a91044f','83','Xy Dng Website Thng Mi in T Kt Hp Khuyn Ngh Sn Phm.','1. Phm vi:\r\n  a. Phm vi mi trng:\r\n  - Trin khai sn phm  ti trn mi trng web.\r\n  b. Phm vi chc nng:\r\n  - Qun l danh mc, sn phm\r\n  - Qun l khch hng, ti khon c nhn\r\n  - Qun l n t hng, gi hng, thanh ton (bao gm thanh ton Paypal)\r\n  - Qun l lin h, kim tra tin nhn\r\n  - Khuyn ngh hin th sn phm, tm kim s dng thut ton Collaborative Filtering Recommendation System. V  tng th thut ton:\r\n  c. Trc tin, ta to 1 ma trn user-item, trong , mi phn t k ca ma trn biu th 1 user X nh gi 1 item Y vi gi tr k . Sau , ta bin i ma trn bng cch mi phn t trong ma trn tr i gi tr trung bnh ca cc phn t trong ct.\r\n2. i tng:\r\n  - Ngi dng c nhu cu mua hng online.\r\n  - Ngi dng c nhu cu bn hng.',2,' iu kin duyt.','- Xy dng c h thng bn hng vi ni dung phong ph, giao din thn thin, mu sc hi ha, b cc hp l, p ng cc chc nng cn thit ca mt h thng thng mi in t.\r\n - Xy dng c h thng qun tr cho ngi dng v ca hng vi cc chc nng qun l thng tin a dng v tin dng.','- Nm bt v p dng c cc cng ngh mi  xy dng sn phm  ti.\r\n - Hiu r cc nghip v, chc nng ca mt h thng bn hng a nn tng.\r\n - p dng c cc kin thc  hc v phn tch v thit k h thng phn mm, quy trnh pht trin phn mm, cng nh qun l v trin khai d n phn mm  xy dng sn phm  ti.\r\n - Xy dng c h thng p ng c cc yu cu v giao din v chc nng   ra.\r\n - C th thay i giao din mt cch linh ng v m rng thm cc chc nng mi cho sn phm  ti  ph hp vi nhu cu thc tin trong tng lai.','1. Phng php thc hin:\r\n  - Tm hiu v ReactJS, Golang, MySQL.\r\n  - Kho st thc trng cc h thng bn hng hin c trn th trng, t  tin hnh phn tch, xc nh cc yu cu c th cho  ti.\r\n  - Phn tch v thit k h thng bn hng.\r\n  - Tm hiu quy trnh thit k UX/UI v tin hnh thit k giao din cho website v ng dng di ng.\r\n  - Xy dng website cho ngi dng v ch shop.\r\n  - Tin hnh trin khai v kim th.\r\n  2. Cng ngh:\r\n  - Front-end: ReactJS\r\n  - Back-end: Go Gin, Gorm\r\n  - Database: MySQL\r\n  - Deploy: Docker, Kubernetes, GCP\r\n  - Document & Process Management: GitHub Project\r\n  - Project management: Scrum Framework','- SV c kin thc v lp trnh Web.\r\n - SV c tinh thn t gic hc hi.\r\n - SV c am m nghin cu v cng ngh','APPROVED','2024-08-10 15:38:22','2024-08-10 22:28:52','c6ce4103-ef78-4a68-9bc8-f5a07711aef0'),('b787237b-f76c-4d4e-b006-cb2c21fb3941','84','H thng qun l t v xem phim','<p>Tri nghim qui trnh trong vic pht trin phn mm: + Tm hiu, thu thp requirement t khch hng; + Lp k hoch cho d n, phn b v qun l task; + Thit k giao din mockup, ti liu SRS, User manual, ...; + Coding h thng trn nn tng website hoc app mobile hoc trn c 2 nn tng; + To cc test scenario v kim th h thng; + Deploy h thng.</p>',3,' iu kin duyt.','<p>1. Gip sinh vin nm c quy trnh c bn v vic thit k v pht trin phn mm. Bt u t giai on thu thp yu cu cho n vic hin thc, kim th v trin khai phn mm n khch hng. 2. Gip sinh vin h thng li kin thc v vn dng kin thc  hc  xy dng mt sn phm phn mm c th. 3. Gip sinh vin hiu c gc nhn  pha khch hng v yu cu d n, t  c th t vn cho khch hng  c c mt sn phm hu t.</p>','<p>Pht trin h thng h tr qun l rp chiu phim: - ng thng tin gii thiu phim (phim ang chiu, phim sp chiu); - Qun l thng tin, s lng v v tr ch ngi ca cc rp chiu; - Qun l n gi v, dch v; - Qun l chng trnh khuyn mi (mua 1 tng 1, mua theo khung gi, ); - Qun l t v xem phim trn website v trn mobile; - Thng k doanh thu, s lt t v,  - Qun l thng tin nhn vin, khch hng.</p>','<p>A.Sinh vin tham gia  ti 1) Nm v hiu c quy trnh pht trin phn mm (Planning &gt; Analysis &gt; Design &gt; Implementation &gt; Testing &amp; Integration &gt; Maintenance); 2) C kh nng lp k hoch, qun l tin  d n cng nh kh nng x l cc vn  pht sinh trong qu trnh pht trin d n; 3) Hiu c vai tr ca cc role trong d n; 4) C kin thc trong vic tip thu v phn tch yu cu, nng cao k nng lm ti liu. B.Sn phm 1) C ti liu m t yu cu d n, ti liu thit k kin trc ca d n, ti liu m t thit k chi tit cho chc nng chnh ca d n. 2) M ngun trnh by r rng, d hiu theo tiu chun  c thng nht. 3) C ti liu m t cc test scenario v kt qu test (evidence) cho chc nng chnh ca d n; 4) B cc giao din r rng, n gin ha cc thao tc, d s dng; 5) Ch  n tri nghim ngi dng vi tiu ch h thng h tr ngi dng ti a nht c th.</p>','<p>Yu cu bt buc: - C kh nng lp trnh website v app mobile; - S dng thnh tho t nht 1 loi CSDL; - C trch nhim vi cng vic mnh c phn cng; - Lun i hi s hon thin cao  sn phm; - Mun tri nghim quy trnh pht trin phn mm thc t; - C tinh thn hc hi, dm chp nhn sai v sa sai.</p>','APPROVED','2024-08-10 15:38:22','2024-10-28 11:50:44','deb0b8f3-aef7-4cdb-b88a-adb87b4e8e75'),('bbf2ceaf-9f3b-4884-b178-6bf81144b220','85','Vit chng trnh ng dng H thng qun l thm m vin','- Qun l nhn vin, chm sc khch hng spa, thu chi, kho hng,\r\n- H tr t lch / chm sc khch hng\r\n- Cp nht trng thi ca khch hng ( check-in, i lch hn, ang ch, hon thnh)\r\n- Theo di liu trnh, nhc hn\r\n- Phn hng khch hng (khch mi, khch c, khch VIP)\r\n- Lu li hnh nh trc, trong v sau liu trnh, chi tit tng giai on ca khch hng \r\n- Gi email/ message nhc hn / ha n thanh ton\r\n- H tr nh gi dch v t khch hng\r\n- Tin tc / s kin hng ngy\r\n- Chc nng qun l, tm kim, tra cu, thng k, bo co ....\r\n- Rng buc ton vn d liu u vo.\r\n- ng dng chy a nn tng: Mobile, web v desktop app',2,' iu kin duyt.','Vn dng kin thc  hc, nghin cu ti liu  vit ng dng c tnh thc t.','ng dng phi c tnh thc t v p dng c','- Vit ti liu bo co r rng theo quy nh (ng cu trc, y  ni dung, trch dn, ti liu tham kho).\r\n- Bi bo co phi phi th hin chi tit cc qu trnh: Thu thp yu cu, phn tch thit k, hin thc ng dng, kim th, trin khai.\r\n- Yu cu v ng dng:\r\n Phn qun l dng desktop app, phn cho ngi dng dng web app hoc mobile\r\n H thng p ng vi c t ca bi ton, ph hp thc tin.\r\n Rng buc cht ch cc rng buc ton vn c th c trong chng trnh.\r\n Chng trnh nhiu ngi dng trong mi trng network.\r\n Data, backup, security.\r\n Giao din thn thin ngi dng.\r\n Coding conventions.\r\n Pht sinh t ng documents.\r\n Chun b y  tp d liu mu ph hp thc tin v nghip v','Yu cu i vi sinh vin\r\n- Kin thc:\r\n Nm vng kin thc v lp trnh hng i tng v m hnh ha d liu.\r\n Nm vng kin thc v phn tch thit k h thng.\r\n Tm hiu kin trc Message Oriented Middleware (MOM), vn dng linh hot vo ng dng.\r\n Ngn ng Lp trnh: Ty chn Java/Nodejs/JavaScript, Hibernate Framework, (Java Servlet, JSP, JSF hoc Spring Framework), Web Servers, Log4j, Front-End Frameworks (Bootstrap, Angular, React) .\r\n Nm vng kin thc v SQL hoc NoSQL.\r\n Nm vng kin thc v lp trnh mng v h thng phn tn.\r\n Tm hiu RESTful web service, vn dng linh hot vo ng dng.\r\n  hoc ang hc cc mn hc: LT Phn tn Java, Kin trc v Thit k Phn mm, LT WWW Java.\r\n- K nng:\r\n c ti liu ting anh, tm kim nh gi ti liu.\r\n S dng thnh tho phn mm thit k nh: Enterprise Architect/ Visual Paradigm.\r\n Lm vic nhm.\r\n- Thi :\r\n Lm vic nghim tc, khng sao chp bi lm ca ngi khc  bt c hnh thc no.\r\n Gp v bo co vi ging vin hng dn hng tun. Ngh qu 3 tun khng l do, ging vin t chi hng dn tip.','APPROVED','2024-08-10 15:38:22','2024-08-10 22:28:58','c11e126e-fdea-4e26-b088-d726d492eb15'),('bdd15f41-4bd6-471c-8bfa-6fa10f2c66c2','86','Xy dng ng dng qun l vn ti hng ha logistic','- ng dng qun l vn ti hng ha logistic gip cho ngi\r\n dng ti u hiu qu cng tc vn chuyn hng ha, gim\r\nchi ph vn ti, gim thi gian vn chuyn. \r\n- ng dng bi ton ti u a ra gii php hp l trong \r\nqun l vn ti.',2,' iu kin duyt.','- Xy dng c ng dng qun l vn ti hng ha logistic\r\n- T chc lm vic nhm, trin khai s dng c \r\ncng c Github  qun l m ngun.\r\n- ng dng bi ton ti u trong qun l vn ti.','Hin thc trin khai c ng dng offline v\r\nonline','- Xy dng v trin khai c ng dng theo yu cu thc t\r\n- Vit ti liu bo co r rng theo quy nh (ng cu trc, y  ni dung, trch dn, \r\nti liu tham kho).\r\n- Bi bo co phi phi th hin chi tit cc qu trnh: Thu thp yu cu, phn tch thit k, \r\nhin thc ng dng, kim th, trin khai.\r\n- Yu cu v ng dng:\r\n+ H thng p ng vi c t ca bi ton, ph hp thc tin; cc rng buc ton vn, \r\ntrong chng trnh hp l.\r\n+ Chng trnh nhiu ngi dng trong mi trng network.\r\n+ CSDL bo mt, backup.\r\n+ Giao din chc nng v phi chc nng linh hot thn thin ngi dng.\r\n+ Pht sinh t ng documents.','- Kin thc:\r\n+ Nm vng kin thc v phng php lp \r\ntrnh.\r\n+ Nm vng kin thc m hnh ha d liu,\r\nphn tch thit k h thng.\r\n+ Lp trnh: Java 8+, Hibernate Framework, \r\n(Java Servlet, JSP, JSF hoc Spring \r\nFramework), \r\nWeb Servers, Log4j, CSS3, HTML5, \r\nJavaScript,\r\n jQuery, Bootstrap4 .\r\n+ Nm vng kin thc v CSDL.\r\n+ Bit xy dng h thng phn tn; web \r\nservice.\r\n- K nng:\r\n+ S dng thnh tho phn mm Enterprise \r\nArchitect. cc ngn ng lp trnh.\r\n+ Lm vic nhm.\r\n- Thi : Lm vic nghim tc','APPROVED','2024-08-10 15:38:22','2024-08-10 22:29:07','8d81ec71-666d-43cb-823f-3c0fe12bb03c'),('c6f7c9af-cf7c-48a7-bc85-bfb4a13195bd','87','Phn mm Qun l du lch','Chng trnh gip ngi qun l to c cc tour, qun l  khch hng ng k, bo co, thng k ',2,' iu kin duyt.','Tm hiu yu cu cho ng dng, ph hp vi thc t. Xy dng ng dng theo quy trnh, ph hp vi yu cu  xc nh.','p dng c vo thc t','A. Sinh vin tham gia  ti\r\n 1) Nm vng kin thc, k nng lp trnh C/C++ hoc Java\r\n 2) C kin thc, k nng trin khai d n phn mm y  qui trnh t Requirement => Design => Coding => Unit Testing\r\n 3) C nng lc y  v Lp k hoch, theo di tin , phn tch cc vn  pht sinh trong qu trnh thc hin d n.\r\n 4) c ti liu ting Anh, tm kim ti liu, K nng vit bo co, ti liu thuyt trnh\r\n 5) C th thu thp, phn tch c hnh vi ngi dng trong qu trnh thc hin d n.\r\n B. Sn phm\r\n 1) C ti liu m t Yu cu d n.\r\n 2) C ti liu m t Thit k kin trc ca d n.\r\n 3) C ti liu m t Thit k chi tit cho chc nng chnh ca d n.\r\n 4) C ti liu m t tnh hung test v kt qu test cho chc nng chnh ca d n.\r\n 5) C ti liu m t cch bin dch, ng gi v hng dn nng cp m ngun cho d n.','C kin thc v qun l, bo co Crystal report.\r\n - K nng phn tch thit k, lp trnh tt.\r\n - Cn c, chiu kh.\r\n - C tinh thn ham hc hi, cu tin.','APPROVED','2024-08-10 15:38:22','2024-08-10 22:29:10','8a6eb974-d9e9-4d25-898f-1f7691fbfef4'),('c91b5e54-eb9f-4c16-9f53-af83b49c1a3e','88','Xy dng Website bn trang thit b in t','<p>- Nghin cu chi tit v xc nh cc yu cu nghip v cho vic bn hng trc tuyn. - Thc hin phn tch CSDL mt cch chnh xc da trn cc yu cu  thu thp. - p dng cc kin thc  hc vo vic thit k v pht trin website. - SV c th tm hiu thm cc kin thc khc p dng cho vic to 1 Website.</p>',2,' iu kin duyt.','<p>- Phn tch nghip v thc t ca vic bn trang thit b in t online - S dng c cc cng ngh lp trnh React 18, NextJS 13, React Context, Bootstrap Material CSS, ChartJS, MongoDB. - Thc thi c vic thanh ton trc tuyn qua cc cng thanh ton in t v cc loi th ATM.</p>','<p>Website sau khi hon thnh c tnh thc t v phc v c cc chc nng c bn ca mt website thng mi in t.</p>','<p>A.Sinh vin tham gia  ti 1) Nm vng kin thc, k nng thit k Web v lp trnh HTML, CSS, Javascript, React, NextJS. S dng h qun tr CSDL MongoDB. 2) C kin thc, k nng trin khai d n website y  quy trnh t Requirement =&gt; Design =&gt; Coding =&gt; Unit Testing=&gt;Maintaining. 3) C nng lc y  v lp k hoch, theo di tin , phn tch cc vn  pht sinh trong qu trnh thc hin d n. B.Sn phm 1) Ti liu Bo co kha lun theo mu quy nh ca FIT IUH. 2) Ti liu m t yu cu. 3) Ti liu m t thit k. 4) Ti liu m t thit k chi tit cho chc nng chnh. 5) M ngun (c lu vt nh k trn h thng qun l phin bn nh SubVersion hoc Git; m ngun trnh by r rng, d hiu theo tiu chun  c thng nht). 7) Ti liu m t tnh hung test v kt qu test cho chc nng chnh ca d n. 8) Ti liu m t cch trin khai Website 9) Ti liu hng dn nng cp mi theo nhu cu</p>','<p>- SV c am m v lp trnh v phn tch h thng -SV c kin thc v lp trnh Web - SV phi chu kh hc hi v c tinh thn lm vic t gic</p>','APPROVED','2024-08-10 15:38:22','2024-08-13 14:33:55','7fb58e30-8a15-4adb-ae04-b7b4024dac06'),('cb8e3e5b-3736-4889-be38-2903e2767849','89','Vit chng trnh ng dng t tour du lch online','<p>H thng gi  cc tour du lch ph hp vi cc tiu ch khch hng mong mun. Vi mi tour du lch ngoi vic hin th cc tiu ch ca KH, l trnh tour du lch th h thng s a ra cc u im (s kin, hot ng gii tr, khuyn mi...) khc bit. H thng h tr vic thanh ton trc tuyn thng qua xc thc bng gmail hoc sdt. H thng s tch hp chat box t ng s dng tr tu nhn to  t ng tr li cc yu cu v h tr khch hng. Ngi dng c th xem cc tour du lch theo cc tiu ch mong mun ca mnh, cng nh t v thanh ton trc tuyn tour. Ngi dng c th hon v hoc i v theo chnh sch hon v. H thng s gi m v v sdt hoc gmail m khch hng ng k.</p>',1,' iu kin duyt.','<p>Vn dng kin thc  hc, nghin cu ti liu  vit ng dng c tnh thc t.</p>','<p>ng dng phi c tnh thc t v p dng c.</p>','<p>- Vit ti liu bo co r rng theo quy nh (ng cu trc, y  ni dung, trch dn, ti liu tham kho). - Bi bo co phi phi th hin chi tit cc qu trnh: Thu thp yu cu, phn tch thit k, hin thc ng dng, kim th, trin khai. - Yu cu v ng dng:  Phn qun l dng desktop app, phn cho ngi dng dng web app hoc mobile  H thng p ng vi c t ca bi ton, ph hp thc tin.  Rng buc cht ch cc rng buc ton vn c th c trong chng trnh.  Chng trnh nhiu ngi dng trong mi trng network.  Data, backup, security.  Giao din thn thin ngi dng.  Coding conventions.  Pht sinh t ng documents.</p>','<p>Yu cu i vi sinh vin - Kin thc:  Nm vng kin thc v lp trnh hng i tng v m hnh ha d liu.  Nm vng kin thc v phn tch thit k h thng.  Lp trnh: Java 8+, Hibernate Framework( Spring Framework), Web Servers, JavaScript, React JS, React Native,OAuth2 .  Nm vng kin thc v SQL hoc NoSQL.  Bit v miroservices v h thng phn tn.  Bit v web service v REST.   hoc ang hc cc mn hc: LT Phn tn Java, Kin trc v Thit k Phn mm, LT WWW Java.  S dng Apache Kafka ,Docker.  S dng Dialogflow  x l phn chatbox. - K nng:  c ti liu ting anh, tm kim nh gi ti liu.  S dng thnh tho phn mm Enterprise Architect.  Github  Lm vic nhm. - Thi :  Lm vic nghim tc, khng sao chp bi lm ca ngi khc  bt c hnh thc no.  Gp v bo co vi ging vin hng dn hng tun. Ngh qu 3 tun khng l do, ging vin t chi hng dn tip.</p>','APPROVED','2024-08-10 15:38:22','2024-08-13 22:22:14','c11e126e-fdea-4e26-b088-d726d492eb15'),('ccccfea6-a5cb-4735-a99c-54279e5b1c76','90','Xy phn mm t ch t chc s kin trc tuyn','ng dng gip ngi dng tm kim tra cu thng tin t ch\r\nt chc s kin online, ti u v bo mt',2,' iu kin duyt.','\"- Xy dng c ng dng giup ngi dung\r\n tim kim t ch t chc s kin online trn nn tng PC, \r\ndi ng.\r\n- T chc lm vic nhm, trin khai s dng c \r\ncng c Github  qun l m ngun.\r\n- ng dng cc gii php cng ngh  xy dng ng dng \r\nti u bo mt\"','Hin thc v trin khai c ng dng chy trn \r\nnn tng PC, di ng','Xy dng v trin khai c ng dng theo yu cu thc t\r\n- Vit ti liu bo co r rng theo quy nh (ng cu trc, y  ni dung, trch dn, \r\nti liu tham kho).\r\n- Bi bo co phi phi th hin chi tit cc qu trnh: Thu thp yu cu, phn tch thit k, \r\nhin thc ng dng, kim th, trin khai.\r\n- Yu cu v ng dng:\r\n+ H thng p ng vi c t ca bi ton, ph hp thc tin; cc rng buc ton vn, ti u\r\ntrong chng trnh hp l.\r\n+ Chng trnh nhiu ngi dng trong mi trng network.\r\n+ CSDL bo mt, backup.\r\n+ Giao din chc nng v phi chc nng linh hot thn thin ngi dng.\r\n+ Pht sinh t ng documents.','- Nm vng kin thc v phng php lp \r\ntrnh.\r\n- Nm vng kin thc m hnh ha d liu,\r\nphn tch thit k h thng. \r\nLp trnh c Java  x l Front End trn \r\nh iu hnh Android.\r\n- S dng c cc cng c Git, Github  \r\nqun l m ngun.\r\n- Hiu c Kin trc service v ng dng \r\nvo phn mm thc t.\r\n- ng dng Firebase  lp trnh Authentication\r\n vo ng dng','APPROVED','2024-08-10 15:38:22','2024-08-10 22:29:18','8d81ec71-666d-43cb-823f-3c0fe12bb03c'),('d3dab269-2d6d-4451-bd90-dde1308a6789','91','NG DNG DI NG S LIN LC IN T GIA NH TRNG, PH HUYNH V HC SINH CHO TRNG I HC','- Tm hiu v kin thc cc chc nng front-end ca Website, Web application.\r\n(HTML, CSS, Boostrap v ngn ng lp trnh JavaScript\r\nNm r ton b qu trnh pht trin web (thit k, pht trin v thc thi)\r\nC kin thc v Responsive Design)\r\n- Tm hiu kin thc v backend nh Java, C#\r\n- Kin thc v DBMS: SQL Server, My SQL, MongoDB\r\n- Tm hiu kin thc v cc Web Services hoc API',2,' iu kin duyt.','- H thng hon thnh p ng c mi lin kt gia gia nh v nh trng\r\n- S dng c cc cng ngh lp trnh Node JS, HTML5, CSS3, jQuery, Ajax, Java','- h thng m phng nh s lin lc gia gia nh v nh trng,\r\n- h thng phi p ng c nhu cu s dng ca sinh vin m cn c cc bc ph huynh nhng ngi s khng chuyn s dng h thng','A.Sinh vin tham gia  ti\r\n1) Nm vng kin thc, k nng lp trnh cc ngn ng C#, Jquery, HTML, CSS, Javascript, Ajax. S dng h qun tr c s d liu Microsoft SQL Server .\r\n2) C kin thc, k nng trin khai d n phn mm y  qui trnh t Requirement => Design => Coding => Unit Testing\r\n3) C nng lc y  v Lp k hoch, theo di tin , phn tch cc vn  pht sinh trong qu trnh thc hin d n.\r\n4) C k nng lp trnh s dng li th vin x l nh.\r\nB.Sn phm\r\n1) C ti liu m t Yu cu d n.\r\n2) C ti liu m t Thit k kin trc ca d n.\r\n3) C ti liu m t Thit k chi tit cho chc nng chnh ca d n.\r\n4) C m ngun c lu vt (tracking) nh k trn h thng qun l phin bn (version control) nh Subversion hoc Git; M ngun trnh by r rng, d hiu theo tiu chun  c thng nht.\r\n5) C ti liu m t tnh hung test v kt qu test cho chc nng chnh ca d n.\r\n6) C ti liu m t cch bin dch, ng gi v hng dn nng cp m ngun cho d n.','- Vit ti liu bo co r rng theo quy nh (ng cu trc, y  ni dung, trch dn, ti liu tham kho)\r\n- Tun th chi tit cc qu trnh thc hin mt chng trnh/website: Thu thp yu cu, phn tch thit k, hin thc ng dng, kim th, trin khai.\r\n-H thng p ng vi phn tch ban u   ra.\r\n- DBMS phi m t r rng v m bo tnh ng n ca cc mi quan h cng nh d liu hin th.\r\n- H thng p ng nhu cu phn quyn r rng cho tng user thc hin.\r\n- Giao din thn thin ngi dng.\r\n- Website hon chnh p ng mc tiu  ra vi cc chc nng','APPROVED','2024-08-10 15:38:22','2024-08-10 21:38:16','7fb58e30-8a15-4adb-ae04-b7b4024dac06'),('d48bc5ca-19cc-4406-916a-2612e73a52c2','92','Phn mm Qun l trung tm tin hc.','Chng trnh gip ngi qun l qun l c gio vin, phng hc, lp hc, hc vin..., phn lp cho gio vin, qun l thi v im thi ca hc vin, im danh theo lp, ng hc ph',2,' iu kin duyt.','Tm hiu yu cu cho ng dng, ph hp vi thc t. Xy dng ng dng theo quy trnh, ph hp vi yu cu  xc nh.','p dng c vo thc t','A. Sinh vin tham gia  ti\r\n 1) Nm vng kin thc, k nng lp trnh C/C++ hoc Java\r\n 2) C kin thc, k nng trin khai d n phn mm y  qui trnh t Requirement => Design => Coding => Unit Testing\r\n 3) C nng lc y  v Lp k hoch, theo di tin , phn tch cc vn  pht sinh trong qu trnh thc hin d n.\r\n 4) c ti liu ting Anh, tm kim ti liu, K nng vit bo co, ti liu thuyt trnh\r\n 5) C th thu thp, phn tch c hnh vi ngi dng trong qu trnh thc hin d n.\r\n B. Sn phm\r\n 1) C ti liu m t Yu cu d n.\r\n 2) C ti liu m t Thit k kin trc ca d n.\r\n 3) C ti liu m t Thit k chi tit cho chc nng chnh ca d n.\r\n 4) C ti liu m t tnh hung test v kt qu test cho chc nng chnh ca d n.\r\n 5) C ti liu m t cch bin dch, ng gi v hng dn nng cp m ngun cho d n.','C kin thc v qun l, bo co Crystal report.\r\n - K nng phn tch thit k, lp trnh tt.\r\n - Cn c, chiu kh.\r\n - C tinh thn ham hc hi, cu tin.','APPROVED','2024-08-10 15:38:22','2024-08-10 21:39:43','8a6eb974-d9e9-4d25-898f-1f7691fbfef4'),('d70772d3-fd89-44a3-917c-6d9203ed72ac','93','XY DNG WEBSITE HC CNG NGH THNG TIN TCH HP BI KIM TRA V NH GI','<p>_ Website cung cp mt mi trng hc tp trc tuyn a dng, gip ngi dng tip cn d dng vi nhng kha hc cht lng cao t mi ni.</p><p>- To iu kin cho ngi dng theo di tin  hc tp ca mnh mt cch chi tit v nh gi hiu qu hc tp qua cc bi test kin thc, gip nng cao cht lng hc tp v t nh gi nng lc bn thn</p>',2,' iu kin duyt.','<p>\'_Xy dng c website thn thin cho ngi dng  hc tp v nng cao kin thc trc tuyn.</p><p>- i tng p dng l tt c mi ngi hc c nhu cu hc</p><p>- Vn dng kin thc  hc, nghin cu ti liu</p>','<p>Website sau khi hon thnh phi c tnh thc t v p dng c</p>','<p>A.Sinh vin tham gia  ti</p><p>1) ) Nm vng kin thc, k nng thit k h thng v lp trnh ng dng Web.</p><p>2) C kin thc, k nng trin khai d nwebsite y  qui trnh t Requirement =&gt; Design =&gt; Coding =&gt; Unit Testing=&gt;Maintaining.</p><p>3) C nng lc y  v lp k hoch, theo di tin , phn tch cc vn  pht sinh trong qu trnh thc hin d n.</p><p>B.Sn phm</p><p>1) Ti liu Bo co kha lun theo mu quy nh ca FIT IUH.</p><p>2) Ti liu m t yu cu.</p><p>3) Ti liu m t thit k.</p><p>4) Ti liu m t thit k chi tit cho chc nng chnh.</p><p>5) Ti liu m t tnh hung test v kt qu test cho chc nng chnh ca d n.</p><p>6) Ti liu m t cch trin khai h thng</p>','<p>_ Website cung cp mt mi trng hc tp trc tuyn a dng, gip ngi dng tip cn d dng vi nhng kha hc cht lng cao t mi ni.</p><p>- To iu kin cho ngi dng theo di tin  hc tp ca mnh mt cch chi tit v nh gi hiu qu hc tp qua cc bi test kin thc, gip nng cao cht lng hc tp v t nh gi nng lc bn thn</p>','APPROVED','2024-08-13 21:22:17','2024-08-14 10:42:05','7fb58e30-8a15-4adb-ae04-b7b4024dac06'),('db2ff6c0-46d4-4c74-98f1-2392159e07e1','94','XY DNG WEBSITE QUN L H THNG PHNG HC TRONG TRNG I HC CNG NGHIP TPHCM','- Tm hiu v kin thc cc chc nng front-end ca Website, Web application.\r\n(HTML, CSS, Boostrap v ngn ng lp trnh JavaScript\r\nNm r ton b qu trnh pht trin web (thit k, pht trin v thc thi)\r\nC kin thc v Responsive Design)\r\n- Tm hiu kin thc v backend nh Java, C#\r\n- Kin thc v DBMS: SQL Server, My SQL, MongoDB\r\n- Tm hiu kin thc v cc Web Services hoc API',2,' iu kin duyt.','- Website p ng nhu cu qun l cc phng hc ti mi bui hc vi s lng sinh vin tng ng theo tng ca hc, tng lp hc\r\n- i tng p dng l cc chuyn vin phng o to, gio vin v sinh vin','-H thng da trn nhu cu thc t cho vic truy xut phng hc ca gio vin, sinh vin. Nhu cu sp xp phng phng ca chuyn vin phng o to.\r\n-Cch thc t chc cc phng hc hc d vo cc yu t nh phng l thuyt, phng thc hnh, tit hc, lp hc ca ging vin.\r\n-Website nhm mc ch truy xut nhanh chng, d dng cho ngi hc v ngi dy','A.Sinh vin tham gia  ti\r\n1) Nm vng kin thc, k nng thit k Web v lp trnh C#.\r\n2) C kin thc, k nng trin khai d nwebsite y  qui trnh t Requirement => Design => Coding => Unit Testing=>Maintaining.\r\n3) C nng lc y  v lp k hoch, theo di tin , phn tch cc vn  pht sinh trong qu trnh thc hin d n.\r\nB.Sn phm\r\n1) Ti liu Bo co kha lun theo mu quy nh ca FIT IUH.\r\n2) Ti liu m t yu cu.\r\n3) Ti liu m t thit k.\r\n4) Ti liu m t thit k chi tit cho chc nng chnh.\r\n5) M ngun (c lu vt nh k trn h thng qun l phin bn nh SubVersion hoc Git; m ngun trnh by r rng, d hiu theo tiu chun  c thng nht).\r\n7) Ti liu m t tnh hung test v kt qu test cho chc nng chnh ca d n.\r\n8) Ti liu m t cch trin khai Website\r\n9) Ti liu hng dn nng cp mi theo nhu cu','- Vit ti liu bo co r rng theo quy nh (ng cu trc, y  ni dung, trch dn, ti liu tham kho)\r\n- Tun th chi tit cc qu trnh thc hin mt chng trnh/website: Thu thp yu cu, phn tch thit k, hin thc ng dng, kim th, trin khai.\r\n-H thng p ng vi phn tch ban u   ra.\r\n- DBMS phi m t r rng v m bo tnh ng n ca cc mi quan h cng nh d liu hin th.\r\n- H thng p ng nhu cu phn quyn r rng cho tng user thc hin.\r\n- Giao din thn thin ngi dng.\r\n- Website hon chnh p ng mc tiu  ra vi cc chc nng','APPROVED','2024-08-10 15:38:22','2024-08-10 21:39:46','7fb58e30-8a15-4adb-ae04-b7b4024dac06'),('ddcb81d1-1b01-490a-a857-e419e979e4e2','95','Vit chng trnh ng dng H thng qun l cho trung tm ngoi ng.','- Cho php nh gi u vo ca hc vin  a ra gi  xp lch hc cho hc vin ph hp.\r\n- Xp lch ging vin, tnh lng.\r\n- H tr gio vin im danh\r\n- H tr ghi danh, thu hc ph, khuyn mi \r\n- Cho php hc vin xem lch hc, thng tin tng bui hc, ni dung hc tp theo l trnh ca tng bui hc, lch s cc lp hc\r\n- Cho php hc vin hc tp  nh: n tp bi c, chun b bi mi v chm im. Bi hc thit k  nhiu dng khc nhau: FlashCart, match, listen and say, role-play, mini test \r\n- Qun l Gio vin/ hc vin/ kha hc/ gio trnh \r\n- T ch thi trc nghim\r\n- T ng ha vic thng bo nhc nh thi c, hc ph\r\n- Gi email kt qu hc tp/ ha n thanh ton\r\n- Tin tc / s kin hng ngy\r\n- Chc nng qun l, tm kim, tra cu, thng k, bo co ....\r\n- Rng buc ton vn d liu u vo.\r\n- ng dng chy a nn tng: Mobile, web v desktop app',2,' iu kin duyt.','Vn dng kin thc  hc, nghin cu ti liu  vit ng dng c tnh thc t.','ng dng phi c tnh thc t v p dng c','- Vit ti liu bo co r rng theo quy nh (ng cu trc, y  ni dung, trch dn, ti liu tham kho).\r\n- Bi bo co phi phi th hin chi tit cc qu trnh: Thu thp yu cu, phn tch thit k, hin thc ng dng, kim th, trin khai.\r\n- Yu cu v ng dng:\r\n Phn qun l dng desktop app, phn cho ngi dng dng web app hoc mobile\r\n H thng p ng vi c t ca bi ton, ph hp thc tin.\r\n Rng buc cht ch cc rng buc ton vn c th c trong chng trnh.\r\n Chng trnh nhiu ngi dng trong mi trng network.\r\n Data, backup, security.\r\n Giao din thn thin ngi dng.\r\n Coding conventions.\r\n Pht sinh t ng documents.\r\n Chun b y  tp d liu mu ph hp thc tin v nghip v','Yu cu i vi sinh vin\r\n- Kin thc:\r\n Nm vng kin thc v lp trnh hng i tng v m hnh ha d liu.\r\n Nm vng kin thc v phn tch thit k h thng.\r\n Tm hiu kin trc Message Oriented Middleware (MOM), vn dng linh hot vo ng dng.\r\n Ngn ng Lp trnh: Ty chn Java/Nodejs/JavaScript, Hibernate Framework, (Java Servlet, JSP, JSF hoc Spring Framework), Web Servers, Log4j, Front-End Frameworks (Bootstrap, Angular, React) .\r\n Nm vng kin thc v SQL hoc NoSQL.\r\n Nm vng kin thc v lp trnh mng v h thng phn tn.\r\n Tm hiu RESTful web service, vn dng linh hot vo ng dng.\r\n  hoc ang hc cc mn hc: LT Phn tn Java, Kin trc v Thit k Phn mm, LT WWW Java.\r\n- K nng:\r\n c ti liu ting anh, tm kim nh gi ti liu.\r\n S dng thnh tho phn mm thit k nh: Enterprise Architect/ Visual Paradigm.\r\n Lm vic nhm.\r\n- Thi :\r\n Lm vic nghim tc, khng sao chp bi lm ca ngi khc  bt c hnh thc no.\r\n Gp v bo co vi ging vin hng dn hng tun. Ngh qu 3 tun khng l do, ging vin t chi hng dn tip.','APPROVED','2024-08-10 15:38:22','2024-08-10 21:39:55','c11e126e-fdea-4e26-b088-d726d492eb15'),('ea3ee8ce-3196-4a39-9e94-21ad8e2e587e','96','Xy dng phn mm qun l dch v gip vic cho cng ty dch v ABC','Desktop:Qun l khch hng\r\n Qun l nhn vin tp v\r\n Qun l dch v\r\n Qun l ha n, \r\n Qun l thng k, nhp xut\r\n Web :\r\n  ng k s dng dch v, khch hng\r\n Tra cu thng tin dch v\r\n H tr t vn khch hng',2,' iu kin duyt.','Lp trnh c trn HDH Androi, ng dng c cc cng c (th vin, cc gi m ngun m...) vo thc hin trong  ti\r\n Phn tch, thit k ng dng .\r\n Hin thc c ng dng, trin khai c thnh cc App trn a nn tng','Hin thc v trin khai c thnh cc App trn nn tng android.','A.Sinh vin tham gia  ti\r\n 1) Nm vng kin thc, k nng lp trnh Java, lp trnh TBD trn Android\r\n 2) c ti liu ting Anh, tm kim ti liu, K nng vit bo co, ti liu thuyt trnh\r\n 3) C nng lc y  v Lp k hoch, theo di tin , phn tch cc vn  pht sinh trong qu trnh thc hin  ti. \r\n 4) C k nng s dng tch hp cng ngh mi v  ti.\r\n B.Sn phm\r\n 1) C ti liu m t Yu cu d n.\r\n 2) C ti liu m t Thit k kin trc ca d n.\r\n 3) C ti liu m t Thit k chi tit cho chc nng chnh ca d n.\r\n 4) C m ngun c lu vt (tracking) nh k trn h thng qun l phin bn (version control) nh Subversion hoc Git; M ngun trnh by r rng, d hiu theo tiu chun  c thng nht. \r\n 5) C ti liu m t tnh hung test v kt qu test cho chc nng chnh ca d n.\r\n 6) C ti liu m t cch bin dch, ng gi v hng dn nng cp m ngun cho d n.','- C kin thc lp trnh trn thit b di ng.\r\n  -C tinh thn hc hi v mong mun lm sn phm theo quy trnh cng nghip: tun th tiu chun khi vit m ngun, c hot ng m bo cht lng m ngun.\r\n -Bit cch tm hiu nhu cu thc t ca ngi dng.\r\n -C kh nng vit m t yu cu ng dng.','APPROVED','2024-08-10 15:38:22','2024-08-10 21:39:58','ade39f51-5c1f-494e-b068-f4be124f6767'),('f2b25d69-afc8-4885-8b1b-72ab8ddce9c2','97','ng dng s lin lc in t cp tiu hc','- ng dng chy trn web hoc trn thit b di ng.\r\n- Tham kho qua cc ng dng hin c, m t r rng, c th yu cu ca ng dng.\r\n- ng dng cho php GV cp nht bo bi hng ngy, hng tun v ph huynh c th theo di bo bi ny.\r\n- Lng d liu th phi tng i ln v tht.\r\n- ng gi v phn phi ng dng.\r\n\r\nTham kho: https://vnedu.vn/',2,' iu kin duyt.','- Tm hiu yu cu cho ng dng, ph hp vi thc t.\r\n- Xy dng ng dng theo quy trnh, ph hp vi yu cu  xc nh.','ng dng s lin lc in t cp tiu hc','A.Sinh vin tham gia  ti\r\n1) Nm vng kin thc, k nng lp trnh C#.\r\n2) C kin thc, k nng trin khai d n phn mm y  qui trnh t Requirement => Design => Coding => Unit Testing.\r\n3) C nng lc y  v lp k hoch, theo di tin , phn tch cc vn  pht sinh trong qu trnh thc hin d n.\r\nB.Sn phm\r\n1) Ti liu m t yu cu.\r\n2) Ti liu m t thit k.\r\n3) Ti liu m t thit k chi tit cho chc nng chnh.\r\n4) M ngun (c lu vt nh k trn h thng qun l phin bn nh SubVersion hoc Git; m ngun trnh by r rng, d hiu theo tiu chun  c thng nht).\r\n5) Ti liu m t tnh hung test v kt qu test cho chc nng chnh ca d n.\r\n6) Ti liu m t cch bin dch, ng gi v hng dn nng cp m ngun cho d n.','- am m nghin cu cng ngh, lp trnh.\r\n- C tinh thn hc hi v mong mun lm sn phm theo quy trnh cng nghip: tun th tiu chun khi vit m ngun, c hot ng m bo cht lng m ngun.\r\n- C kh nng vit m t yu cu ng dng.','APPROVED','2024-08-10 15:38:22','2024-08-10 21:39:51','c2461deb-0f4d-4666-bc84-57d26993cf0d'),('f91b293a-6c9c-413f-92aa-3fa365503503','98','Xy dng shop qun o tch hp gi  sn phm v d bo doanh\r\nthu','Phm vi mi trng: ng dng Website\r\nPhm vi chc nng:\r\n- i vi Khch hng\r\n+ Tm kim sn phm\r\n+ Xem chi tit sn phm\r\n+ Chn mua sn phm v a vo gi hng\r\n+ nh gi sn phm sau khi mua\r\n+ Thanh ton gi hng\r\n+ c  xut sn phm da trn s a thch ca bn thn vi cc\r\nkhch hng khc\r\n+ ng nhp, ng k v cc chc nng xc thc khc\r\n+ Chuyn i ngn ng Anh - Vit\r\n- i vi ch shop:\r\n+ Thm, xa, sa sn phm\r\n+ Qun l nhp, xut kho hng\r\n+ Xem doanh thu v c d bo doanh thu\r\n+ Xem tnh trng cc n hng',2,' iu kin duyt.','a. Ci thin Website bn qun o\r\n- Khch hng: C th lc cc loi qun o, tm kim sn phm ph hp nhu\r\ncu, thm sn phm vo gi hng, thanh ton,...                                                         - Ch shop: Xem doanh thu, thm sa xa cc sn phm bn hng, qun l\r\nsn phm trong ca hng\r\n- Ci thin UI,UX v b sung cc nghip v cn thiu t d n trc\r\n- Tnh nng chuyn i ngn ng\r\nb. Ci thin chc nng  xut v d bo doanh thu\r\n- B sung thm d liu\r\n- Ci thin li thut ton  tng  chnh xc\r\nc. Xy dng h thng thanh ton online\r\n- Cho php thanh ton online thng qua Paypal','ng dng Website                                                                                                                                                                       To ra website phc v cc chc nng c bn ca mt website thng mi in t.','Nn tng cng ngh:\r\n- Front-end:\r\n+ Ngn ng: JavaScript\r\n+ Framework: React\r\n- Back-end:\r\n+ Ngn ng: C#\r\n+ Framework: ASP .NET, ML.NET','- SV c kin thc v lp trnh Web.\r\n- SV c tinh thn t gic hc hi.\r\n- SV c am m nghin cu v cng ngh','APPROVED','2024-08-10 15:38:22','2024-08-10 21:41:12','c6ce4103-ef78-4a68-9bc8-f5a07711aef0'),('fbe69248-992f-4995-a198-9937305bebbc','99','XY DNG WEBSITE NG DNG CHO MT TRUNG TM O TO NGOI NG T CHC THI TRC NGHIM TRC TUYN.','- Tm hiu v kin thc cc chc nng front-end ca Website, Web application.\r\n(HTML, CSS, Boostrap v ngn ng lp trnh JavaScript\r\nNm r ton b qu trnh pht trin web (thit k, pht trin v thc thi)\r\nC kin thc v Responsive Design)\r\n- Tm hiu kin thc v backend nh Java, C#\r\n- Kin thc v DBMS: SQL Server, My SQL, MongoDB\r\n- Tm hiu kin thc v cc Web Services hoc API',2,' iu kin duyt.','-Website phc v cho vic t chc thi, nh gi kt qu trc tuyn\r\n- - S dng c cc cng ngh lp trnh Node JS, HTML5, CSS3, jQuery, Ajax, Java','- H thng hot ng da trn nhu cu thi trc tuyn ca ngi hc v t chc thi ca n v o to.\r\n- K thut lu tr d liu (b , cu hi, cu tr li, ), n v t chc thc hin vic lm , lm ngn hng cu hi, th sinh d thi c nh gi kt qu v gii hn thi gian cho mi bi thi.','A.Sinh vin tham gia  ti\r\n1) Nm vng kin thc, k nng lp trnh cc ngn ng C#, Jquery, HTML, CSS, Javascript, Ajax. S dng h qun tr c s d liu Microsoft SQL Server .\r\n2) C kin thc, k nng trin khai d n phn mm y  qui trnh t Requirement => Design => Coding => Unit Testing\r\n3) C nng lc y  v Lp k hoch, theo di tin , phn tch cc vn  pht sinh trong qu trnh thc hin d n.\r\n4) C k nng lp trnh s dng li th vin x l nh.\r\nB.Sn phm\r\n1) C ti liu m t Yu cu d n.\r\n2) C ti liu m t Thit k kin trc ca d n.\r\n3) C ti liu m t Thit k chi tit cho chc nng chnh ca d n.\r\n4) C m ngun c lu vt (tracking) nh k trn h thng qun l phin bn (version control) nh Subversion hoc Git; M ngun trnh by r rng, d hiu theo tiu chun  c thng nht.\r\n5) C ti liu m t tnh hung test v kt qu test cho chc nng chnh ca d n.\r\n6) C ti liu m t cch bin dch, ng gi v hng dn nng cp m ngun cho d n.','- Vit ti liu bo co r rng theo quy nh (ng cu trc, y  ni dung, trch dn, ti liu tham kho)\r\n- Tun th chi tit cc qu trnh thc hin mt chng trnh/website: Thu thp yu cu, phn tch thit k, hin thc ng dng, kim th, trin khai.\r\n-H thng p ng vi phn tch ban u   ra.\r\n- DBMS phi m t r rng v m bo tnh ng n ca cc mi quan h cng nh d liu hin th.\r\n- H thng p ng nhu cu phn quyn r rng cho tng user thc hin.\r\n- Giao din thn thin ngi dng.\r\n- Website hon chnh p ng mc tiu  ra vi cc chc nng','APPROVED','2024-08-10 15:38:22','2024-08-10 21:41:15','7fb58e30-8a15-4adb-ae04-b7b4024dac06');
/*!40000 ALTER TABLE `topics` ENABLE KEYS */;
UNLOCK TABLES;

--
-- Table structure for table `transcripts`
--

DROP TABLE IF EXISTS `transcripts`;
/*!40101 SET @saved_cs_client     = @@character_set_client */;
/*!50503 SET character_set_client = utf8mb4 */;
CREATE TABLE `transcripts` (
  `id` char(36) CHARACTER SET utf8mb4 COLLATE utf8mb4_bin NOT NULL,
  `score` float DEFAULT NULL,
  `created_at` datetime NOT NULL,
  `updated_at` datetime NOT NULL,
  `student_term_id` char(36) CHARACTER SET utf8mb4 COLLATE utf8mb4_bin DEFAULT NULL,
  `evaluation_id` char(36) CHARACTER SET utf8mb4 COLLATE utf8mb4_bin DEFAULT NULL,
  `lecturer_term_id` char(36) CHARACTER SET utf8mb4 COLLATE utf8mb4_bin DEFAULT NULL,
  PRIMARY KEY (`id`),
  KEY `student_term_id` (`student_term_id`),
  KEY `evaluation_id` (`evaluation_id`),
  KEY `lecturer_term_id` (`lecturer_term_id`),
  CONSTRAINT `transcripts_ibfk_1` FOREIGN KEY (`student_term_id`) REFERENCES `student_terms` (`id`) ON DELETE SET NULL ON UPDATE CASCADE,
  CONSTRAINT `transcripts_ibfk_2` FOREIGN KEY (`evaluation_id`) REFERENCES `evaluations` (`id`) ON DELETE SET NULL ON UPDATE CASCADE,
  CONSTRAINT `transcripts_ibfk_3` FOREIGN KEY (`lecturer_term_id`) REFERENCES `lecturer_terms` (`id`) ON DELETE SET NULL ON UPDATE CASCADE
) ENGINE=InnoDB DEFAULT CHARSET=utf8mb4 COLLATE=utf8mb4_0900_ai_ci;
/*!40101 SET character_set_client = @saved_cs_client */;

--
-- Dumping data for table `transcripts`
--

LOCK TABLES `transcripts` WRITE;
/*!40000 ALTER TABLE `transcripts` DISABLE KEYS */;
/*!40000 ALTER TABLE `transcripts` ENABLE KEYS */;
UNLOCK TABLES;
/*!40103 SET TIME_ZONE=@OLD_TIME_ZONE */;

/*!40101 SET SQL_MODE=@OLD_SQL_MODE */;
/*!40014 SET FOREIGN_KEY_CHECKS=@OLD_FOREIGN_KEY_CHECKS */;
/*!40014 SET UNIQUE_CHECKS=@OLD_UNIQUE_CHECKS */;
/*!40101 SET CHARACTER_SET_CLIENT=@OLD_CHARACTER_SET_CLIENT */;
/*!40101 SET CHARACTER_SET_RESULTS=@OLD_CHARACTER_SET_RESULTS */;
/*!40101 SET COLLATION_CONNECTION=@OLD_COLLATION_CONNECTION */;
/*!40111 SET SQL_NOTES=@OLD_SQL_NOTES */;

-- Dump completed on 2024-10-29  9:11:27
