-- --------------------------------------------------------
-- Host:                         127.0.0.1
-- Server version:               10.4.32-MariaDB - mariadb.org binary distribution
-- Server OS:                    Win64
-- HeidiSQL Version:             12.6.0.6765
-- --------------------------------------------------------

/*!40101 SET @OLD_CHARACTER_SET_CLIENT=@@CHARACTER_SET_CLIENT */;
/*!40101 SET NAMES utf8 */;
/*!50503 SET NAMES utf8mb4 */;
/*!40103 SET @OLD_TIME_ZONE=@@TIME_ZONE */;
/*!40103 SET TIME_ZONE='+00:00' */;
/*!40014 SET @OLD_FOREIGN_KEY_CHECKS=@@FOREIGN_KEY_CHECKS, FOREIGN_KEY_CHECKS=0 */;
/*!40101 SET @OLD_SQL_MODE=@@SQL_MODE, SQL_MODE='NO_AUTO_VALUE_ON_ZERO' */;
/*!40111 SET @OLD_SQL_NOTES=@@SQL_NOTES, SQL_NOTES=0 */;

-- Dumping data for table manage_graduation_se_iuh.achievements: ~0 rows (approximately)

-- Dumping data for table manage_graduation_se_iuh.assigns: ~3 rows (approximately)
INSERT INTO `assigns` (`id`, `type`, `created_at`, `updated_at`, `group_lecturer_id`, `group_student_id`) VALUES
	('3821587c-25be-4d46-abf1-7ad10ebc21d5', 'REPORT_COUNCIL', '2024-07-19 12:26:45', '2024-07-19 12:26:45', 'df962952-fa25-4f8b-b0f6-185b8c39be8b', '8e1eb927-e027-417f-9c79-36ae9685d2ed'),
	('b23c6ca5-f66d-47b1-9eb9-4e67b105ebc6', 'REPORT_COUNCIL', '2024-07-19 12:26:45', '2024-07-19 12:26:45', 'df962952-fa25-4f8b-b0f6-185b8c39be8b', 'ce1cc51b-1f47-4a8c-ada8-a609dae97351'),
	('d6196d60-d13d-4089-99b8-e099a2d2ac46', 'REPORT_COUNCIL', '2024-07-19 12:26:45', '2024-07-19 12:26:45', 'df962952-fa25-4f8b-b0f6-185b8c39be8b', '1071999c-6f32-4e73-8912-9074a2f58ddd');

-- Dumping data for table manage_graduation_se_iuh.evaluations: ~15 rows (approximately)
INSERT INTO `evaluations` (`id`, `name`, `score_max`, `description`, `type`, `created_at`, `updated_at`, `term_id`) VALUES
	('1cdef070-3667-49a7-9539-12a215db8ee4', 'Implement the project according to the designed solution.', 20, '[0 - 4) - Implement less than 10% of the information system as designed. ; [4 - 10) - Implement up to 30% of the information system as designed. ; [10 - 16) - Implement up to 70% of the information system as designed. ; [16 - 20] - Implement over 70% of the information system as designed.', 'ADVISOR', '2024-07-16 00:40:09', '2024-07-16 00:40:09', '158861f1-9d9a-47f6-97d3-547f5d6809cc'),
	('22726ba8-19fa-4142-bdc3-1b29e42c12cb', 'Write the project documentation according to predefined regulations.', 10, '[0 - 2) - Incomplete writing of the required chapters of a graduation thesis report.\r\n- There are no references cited.\r\n- Copy other thesis topics without citing them. ; [2 - 5) - Incomplete writing of the required chapters of a graduation thesis report.\r\n- References are cited but not in the correct format.\r\n- There are more than 3 spelling errors on any page.\r\n- Confusing, confusing sentences, translated verbatim from English on any page. ; [5 - 8) - Can write all the necessary chapters of a graduation thesis report.\r\n- Write citations in the correct format and in the correct location.\r\n- There are no more than 3 spelling errors on any page. ; [8 - 10] - There should not be more than 1 spelling error on any page.\r\n- The layout of the chapters is clear; There are transition sentences between chapters and paragraphs.\r\n- Font, line, and paragraph formatting must be consistent.', 'ADVISOR', '2024-07-16 00:40:09', '2024-07-16 00:40:09', '158861f1-9d9a-47f6-97d3-547f5d6809cc'),
	('28937dd8-9314-4eaf-9b96-3b574a141615', 'Identify the requirements of the project.', 10, '[0 - 2) - Identify less than 30% of requirements.\r\n- Failure to state the urgency, goals, and scope of the topic.\r\n- Unable to provide a plan to implement the project. ; [2 - 5) - Identify less than 50% of requirements.\r\n- State the urgency, goals, and scope of the topic but are not clear.\r\n- Unable to provide a plan to implement the project. ; [5 - 8) - Recognized less than 80% of requests.\r\n- State the urgency, goals, and scope of the topic.\r\n- Provide a plan to implement the project. ; [8 - 10]- Identify more than 80% of requests and collect information that needs to be stored.\r\n- State the urgency, goals, and scope of the topic.\r\n- Provide a plan to implement the project.', 'REVIEWER', '2024-07-16 00:40:25', '2024-07-16 00:40:25', '158861f1-9d9a-47f6-97d3-547f5d6809cc'),
	('2c9f7084-ec9a-4238-8232-51d3a2e008db', 'Defend the results of the project before critics.', 20, '[0 - 4) - Present with a low voice, not clear, not logical, not confident.\r\n- Unable to answer or answer correctly up to 1/3 of the total questions asked by the critics. ; [4 - 10) - Just read the slide without any further explanation or presentation that is not complete or clear\r\n- Presentation exceeds the allotted time.\r\n- Correctly answer over 1/3 to 2/3 of the total questions asked by the critics. ; [10 - 16) - Present fully, loudly, clearly, logically and confidently\r\n- At regulation time.\r\n- Correctly answer more than 2/3 of the total questions with reasonable and accurate explanations from the critics. ; [16 - 20] - Present loudly, clearly, logically, confidently and attractively.\r\n- At regulation time.\r\n- Answer the questions of the critics with reasonable and accurate explanations and practical connections.', 'REVIEWER', '2024-07-16 00:40:25', '2024-07-16 00:40:25', '158861f1-9d9a-47f6-97d3-547f5d6809cc'),
	('2d725540-ce09-4b3d-b9cd-03faf5435a1d', 'Determine the techniques and technologies to address the identified requirements.', 10, '[0 - 2) Failure to provide techniques and technologies to address identified requirements. ; [2 - 5) Provide less than 40% of the techniques and technologies to address the identified requirements. ; [5 - 8) - Provide adequate techniques and technologies to address identified requirements.\r\n- Reasonably explain the reasons for choosing that technique and technology to solve the requirements. ; [8 - 10] - Provide adequate techniques and technologies to address identified requirements.\r\n- Reasonably explain the reasons for choosing that technique and technology to solve the requirements.\r\n- The techniques and technologies used to solve the identified requirements are new and follow future trends.', 'ADVISOR', '2024-07-16 00:40:09', '2024-07-16 00:40:09', '158861f1-9d9a-47f6-97d3-547f5d6809cc'),
	('3a0a26ad-a710-4b0b-8209-d95a5e22cadf', 'Design an engineering-based solution to meet the requirements of the project.', 20, '[0 - 4) - Can\'t design anything. ; [4 - 10) - Design a solution that meets less than 30% of the identified requirements of the system in the topic. ; [10 - 16) - Design a solution that meets up to 70% of the identified requirements of the system in the project. ; [16 - 20] - Design a solution that meets over 70% of the identified requirements of the system in the project.', 'ADVISOR', '2024-07-16 00:40:09', '2024-07-16 00:40:09', '158861f1-9d9a-47f6-97d3-547f5d6809cc'),
	('3b1a73cb-cde0-4762-a23c-3415d6accbab', 'Analyze and model the requirements of the project.', 20, '[0 - 4) - Unable to identify and analyze basic functional requirements of the system to be built in the project.\r\n- Do not model the current status and operations included in the requirements of the topic to be implemented. ; [4 - 10) - Identify and analyze up to 30% of the basic functional requirements of the system to be built in the project. ; [10 - 16) - Identify and analyze up to 60% of the basic functional requirements of the system to be built in the project.\r\n- Identify and analyze up to 60% of the main business processes of the system that need to be built in the project.\r\n- Model the basic functional requirements and main operations identified in the system to be built in the project. ; [16 - 20] - Identify and analyze over 60% of the basic functional requirements of the system to be built in the project.\r\n- Identify and analyze over 60% of the main business processes of the system that need to be built in the project.\r\n- Model the basic functional requirements and main operations identified in the system to be built in the project.', 'ADVISOR', '2024-07-16 00:40:09', '2024-07-16 00:40:09', '158861f1-9d9a-47f6-97d3-547f5d6809cc'),
	('5163a2f2-0506-4486-b522-2a6f783cf3e4', 'Determine the techniques and technologies to address the identified requirements.', 10, '[0 - 2) - Failure to provide techniques and technologies to address identified requirements. ; [2 - 5) - Provide less than 40% of the techniques and technologies to address the identified requirements. ; [5 - 8) - Provide adequate techniques and technologies to address identified requirements.\r\n- Reasonably explain the reasons for choosing that technique and technology to solve the requirements. ; [8 - 10] - Provide adequate techniques and technologies to address identified requirements.\r\n- Reasonably explain the reasons for choosing that technique and technology to solve the requirements.\r\n- The techniques and technologies used to solve the identified requirements are new and follow future trends.', 'REVIEWER', '2024-07-16 00:40:25', '2024-07-16 00:40:25', '158861f1-9d9a-47f6-97d3-547f5d6809cc'),
	('7c3ce7dd-3053-4e16-8de9-c1fbe78c3e33', 'Evaluate the implemented results.', 10, '[0 - 2) - Failure to design and execute tests. ; [2 - 5) - Create incorrect test cases tables or do not test. ; [5 - 8) - Create a table of test cases for at least 3 main functions of the program.\r\n- Execute test cases. ; [8 - 10] - Create test cases for a business process.', 'REVIEWER', '2024-07-16 00:40:25', '2024-07-16 00:40:25', '158861f1-9d9a-47f6-97d3-547f5d6809cc'),
	('902aa420-b3d5-4346-917b-6ed98e8452f6', 'Identify the requirements of the project.', 10, '[0 - 2) - Identify less than 30% of requirements.\r\n- Failure to state the urgency, goals, and scope of the topic.\r\n- Unable to provide a plan to implement the project. ; [2 - 5) - Identify less than 50% of requirements.\r\n- State the urgency, goals, and scope of the topic but are not clear.\r\n- Unable to provide a plan to implement the project. ; [5 - 8) - Recognized less than 80% of requests.\r\n- State the urgency, goals, and scope of the topic.\r\n- Provide a plan to implement the project. ; [8 - 10] - Identify more than 80% of requests and collect information that needs to be stored.\r\n- State the urgency, goals, and scope of the topic.\r\n- Provide a plan to implement the project.', 'ADVISOR', '2024-07-16 00:40:09', '2024-07-16 00:40:09', '158861f1-9d9a-47f6-97d3-547f5d6809cc'),
	('b489c478-75f8-4424-918d-99b826bd7f07', 'Implement the project according to the designed solution.', 20, '[0 - 4) - Implement less than 10% of the information system as designed. ; [4 - 10) - Implement up to 30% of the information system as designed. ; [10 - 16) - Implement up to 70% of the information system as designed. ; [16 - 20] - Implement over 70% of the information system as designed.', 'REVIEWER', '2024-07-16 00:40:25', '2024-07-16 00:40:25', '158861f1-9d9a-47f6-97d3-547f5d6809cc'),
	('b5025dc3-9066-4591-b067-4a43b287eecd', 'Design an engineering-based solution to meet the requirements of the project.', 10, '[0 - 2) - Can\'t design anything. ; [2 - 5) - Design a solution that meets less than 30% of the identified requirements of the system in the topic. ; [5 - 8) - Design a solution that meets up to 70% of the identified requirements of the system in the project. ; [8 - 10] - Design a solution that meets over 70% of the identified requirements of the system in the project.', 'REVIEWER', '2024-07-16 00:40:25', '2024-07-16 00:40:25', '158861f1-9d9a-47f6-97d3-547f5d6809cc'),
	('c1a31b23-8763-42ad-9871-15bf102e5eb0', 'Write the project documentation according to predefined regulations.', 10, '[0 - 2) - Incomplete writing of the required chapters of a graduation thesis report.\r\n- There are no references cited.\r\n- Copy other thesis topics without citing them. ; [2 - 5) - Incomplete writing of the required chapters of a graduation thesis report.\r\n- References are cited but not in the correct format.\r\n- There are more than 3 spelling errors on any page.\r\n- Confusing, confusing sentences, translated verbatim from English on any page. ; [5 - 8) - Can write all the necessary chapters of a graduation thesis report.\r\n- Write citations in the correct format and in the correct location.\r\n- There are no more than 3 spelling errors on any page. ; [8 - 10] - There should not be more than 1 spelling error on any page.\r\n- The layout of the chapters is clear; There are transition sentences between chapters and paragraphs.\r\n- Font, line, and paragraph formatting must be consistent.', 'REVIEWER', '2024-07-16 00:40:25', '2024-07-16 00:40:25', '158861f1-9d9a-47f6-97d3-547f5d6809cc'),
	('eb807d8d-861c-4c59-8925-fd7bd55a6e5c', 'Evaluate the implemented results.', 10, '[0 - 2) - Failure to design and execute tests. ; [2 - 5) - Create incorrect test cases tables or do not test. ; [5 - 8) - Create a table of test cases for at least 3 main functions of the program.\r\n- Execute test cases. ; [8 - 10] - Create test cases for a business process.', 'ADVISOR', '2024-07-16 00:40:09', '2024-07-16 00:40:09', '158861f1-9d9a-47f6-97d3-547f5d6809cc'),
	('f39eb0ce-2e33-431f-a7a9-8f658d9c8ea5', 'Analyze and model the requirements of the project.', 10, '[0 - 2) - Unable to identify and analyze basic functional requirements of the system to be built in the project.\r\n- Do not model the current status and operations included in the requirements of the topic to be implemented. ; [2 - 5) - Identify and analyze up to 30% of the basic functional requirements of the system to be built in the project. ; [5 - 8) - Identify and analyze up to 60% of the basic functional requirements of the system to be built in the project.\r\n- Identify and analyze up to 60% of the main business processes of the system that need to be built in the project.\r\n- Model the basic functional requirements and main operations identified in the system to be built in the project. ; [8 - 10] - Identify and analyze over 60% of the basic functional requirements of the system to be built in the project.\r\n- Identify and analyze over 60% of the main business processes of the system that need to be built in the project.\r\n- Model the basic functional requirements and main operations identified in the system to be built in the project.', 'REVIEWER', '2024-07-16 00:40:25', '2024-07-16 00:40:25', '158861f1-9d9a-47f6-97d3-547f5d6809cc');

-- Dumping data for table manage_graduation_se_iuh.group_lecturers: ~0 rows (approximately)
INSERT INTO `group_lecturers` (`id`, `name`, `type`, `created_at`, `updated_at`, `term_id`) VALUES
	('df962952-fa25-4f8b-b0f6-185b8c39be8b', 'Nhóm chấm phản biện1', 'REVIEWER', '2024-07-16 14:45:35', '2024-07-16 14:45:35', '158861f1-9d9a-47f6-97d3-547f5d6809cc');

-- Dumping data for table manage_graduation_se_iuh.group_lecturer_members: ~0 rows (approximately)
INSERT INTO `group_lecturer_members` (`id`, `created_at`, `updated_at`, `lecturer_term_id`, `group_lecturer_id`) VALUES
	('a613bfb2-9dc5-4dc2-9080-b860a673abb1', '2024-07-16 14:45:35', '2024-07-16 14:45:35', '3c31ac86-b395-4236-ab1f-8fbdd03cac83', 'df962952-fa25-4f8b-b0f6-185b8c39be8b');

-- Dumping data for table manage_graduation_se_iuh.group_students: ~25 rows (approximately)
INSERT INTO `group_students` (`id`, `name`, `created_at`, `updated_at`, `topic_id`, `term_id`) VALUES
	('1071999c-6f32-4e73-8912-9074a2f58ddd', 'Nhóm số 1', '2024-07-16 14:37:58', '2024-07-16 14:37:58', 'f6931a5e-fa53-4f9f-a35b-15c029c33c6d', '158861f1-9d9a-47f6-97d3-547f5d6809cc'),
	('1f3beecf-36d2-4011-b331-c5face527699', 'Nhóm số 24', '2024-07-16 14:37:58', '2024-07-16 14:37:58', NULL, '158861f1-9d9a-47f6-97d3-547f5d6809cc'),
	('25b6c69e-2a47-41c0-8d22-954b8a2a8c53', 'Nhóm số 13', '2024-07-16 14:37:58', '2024-07-16 14:37:58', NULL, '158861f1-9d9a-47f6-97d3-547f5d6809cc'),
	('2b42b5f2-51a7-4586-adbb-76cf3fc31080', 'Nhóm số 7', '2024-07-16 14:37:58', '2024-07-16 14:37:58', NULL, '158861f1-9d9a-47f6-97d3-547f5d6809cc'),
	('39b9440d-544d-4410-9702-728ab04599fb', 'Nhóm số 5', '2024-07-16 14:37:58', '2024-07-16 14:37:58', NULL, '158861f1-9d9a-47f6-97d3-547f5d6809cc'),
	('4327d508-394a-4eb3-8df2-bb20d10afb53', 'Nhóm số 18', '2024-07-16 14:37:58', '2024-07-16 14:37:58', NULL, '158861f1-9d9a-47f6-97d3-547f5d6809cc'),
	('4ba72a97-9df2-4f1a-b94b-ea9cfac16e6d', 'Nhóm số 12', '2024-07-16 14:37:58', '2024-07-16 14:37:58', NULL, '158861f1-9d9a-47f6-97d3-547f5d6809cc'),
	('5d04daa5-9942-49b5-a48a-287019c57c7c', 'Nhóm số 17', '2024-07-16 14:37:58', '2024-07-16 14:37:58', NULL, '158861f1-9d9a-47f6-97d3-547f5d6809cc'),
	('73f20c3b-8476-4d27-a6a8-e4b8994036bb', 'Nhóm số 6', '2024-07-16 14:37:58', '2024-07-16 14:37:58', NULL, '158861f1-9d9a-47f6-97d3-547f5d6809cc'),
	('751caa4b-3bf4-4082-b7a5-aef248c8b4af', 'Nhóm số 20', '2024-07-16 14:37:58', '2024-07-16 14:37:58', NULL, '158861f1-9d9a-47f6-97d3-547f5d6809cc'),
	('78fb56fc-0b7b-4e4a-8a5f-933a708098f9', 'Nhóm số 14', '2024-07-16 14:37:58', '2024-07-16 14:37:58', NULL, '158861f1-9d9a-47f6-97d3-547f5d6809cc'),
	('81436f66-4440-4fe7-9e95-fedb48387680', 'Nhóm số 4', '2024-07-16 14:37:58', '2024-07-16 14:37:58', NULL, '158861f1-9d9a-47f6-97d3-547f5d6809cc'),
	('8df83a24-feca-4518-86fc-0ca6ac062f87', 'Nhóm số 11', '2024-07-16 14:37:58', '2024-07-16 14:37:58', NULL, '158861f1-9d9a-47f6-97d3-547f5d6809cc'),
	('8e1eb927-e027-417f-9c79-36ae9685d2ed', 'Nhóm số 8', '2024-07-16 14:37:58', '2024-07-16 14:37:58', '5deed2a7-8e37-47ec-8af5-860a5caa49cc', '158861f1-9d9a-47f6-97d3-547f5d6809cc'),
	('9d20586e-00c1-44b2-ba6a-c6d43857b43a', 'Nhóm số 23', '2024-07-16 14:37:58', '2024-07-16 14:37:58', NULL, '158861f1-9d9a-47f6-97d3-547f5d6809cc'),
	('b1be75ef-f9bd-4729-a831-d2a4343e7d18', 'Nhóm số 22', '2024-07-16 14:37:58', '2024-07-16 14:37:58', NULL, '158861f1-9d9a-47f6-97d3-547f5d6809cc'),
	('ce1cc51b-1f47-4a8c-ada8-a609dae97351', 'Nhóm số 9', '2024-07-16 14:37:58', '2024-07-16 14:37:58', 'f6931a5e-fa53-4f9f-a35b-15c029c33c6d', '158861f1-9d9a-47f6-97d3-547f5d6809cc'),
	('cf8729fd-9d91-42a6-bd25-9eebf04d0bca', 'Nhóm số 15', '2024-07-16 14:37:58', '2024-07-16 14:37:58', NULL, '158861f1-9d9a-47f6-97d3-547f5d6809cc'),
	('cfcabbe3-1305-4e84-a6a3-9e6e1f88dd91', 'Nhóm số 19', '2024-07-16 14:37:58', '2024-07-16 14:37:58', NULL, '158861f1-9d9a-47f6-97d3-547f5d6809cc'),
	('db087b6b-aa59-431b-a6f2-d7f55ebbccc2', 'Nhóm số 2', '2024-07-16 14:37:58', '2024-07-16 14:37:58', NULL, '158861f1-9d9a-47f6-97d3-547f5d6809cc'),
	('dd1b4f75-66d3-4a07-a42b-313de369c60f', 'Nhóm số 16', '2024-07-16 14:37:58', '2024-07-16 14:37:58', NULL, '158861f1-9d9a-47f6-97d3-547f5d6809cc'),
	('eb195cc4-8878-442b-a8fb-b89cbc2a5611', 'Nhóm số 25', '2024-07-16 14:37:58', '2024-07-16 14:37:58', NULL, '158861f1-9d9a-47f6-97d3-547f5d6809cc'),
	('f4f918ec-97ef-42ac-9a3b-16d4d29e6c32', 'Nhóm số 10', '2024-07-16 14:37:58', '2024-07-16 14:37:58', NULL, '158861f1-9d9a-47f6-97d3-547f5d6809cc'),
	('fb4f395d-a0b8-433c-aa3e-7200bfffba66', 'Nhóm số 21', '2024-07-16 14:37:58', '2024-07-16 14:37:58', NULL, '158861f1-9d9a-47f6-97d3-547f5d6809cc'),
	('fc8ab21a-0783-4ea4-b680-0ba7dbaf21e6', 'Nhóm số 3', '2024-07-16 14:37:58', '2024-07-16 14:37:58', NULL, '158861f1-9d9a-47f6-97d3-547f5d6809cc');

-- Dumping data for table manage_graduation_se_iuh.lecturers: ~19 rows (approximately)
INSERT INTO `lecturers` (`id`, `username`, `password`, `full_name`, `phone`, `email`, `gender`, `degree`, `is_active`, `created_at`, `updated_at`, `major_id`) VALUES
	('027746eb-098c-49d2-b18a-903ac30d3794', '1111111', '$2b$10$xI8Vyt2D.MB1ZhBohlwgD.7ivJPtpTktNBjeKnTtjPg.OtLtMrhLe', 'TestKTPMhai', '0364835691', 'quang82thcspb@gmail.com', 'MALE', 'DOCTOR', 1, '2024-07-16 00:10:07', '2024-07-16 00:10:39', 'e4fe02cb-f2b0-4afa-885d-d1b93130d350'),
	('113f459e-2c56-4d11-a679-da8628827a08', '20011238', '$2b$10$/qdBK7JtUv6C1k7pCIAIvum00/0rQpisJ3hHjqSGlvqX2hRZBA2ty', 'Tôn Long Phước', '0933227272', 'tonlongphuoc@iuh.edu.vn', 'MALE', 'MASTER', 1, '2024-07-14 23:00:19', '2024-07-16 00:26:57', 'e4fe02cb-f2b0-4afa-885d-d1b93130d350'),
	('1363ebc2-5c7c-4fbc-b3ed-3c41b778b9b1', '19503822', '$2b$10$.NFp.IhYr8G2Idncp3958ufG8CsfUr95Y0RCPN5OXK7RJaRF3tz6a', 'TestKTPMLMQ', '0364835691', 'quang82thcspb@gmail.com', 'MALE', 'DOCTOR', 1, '2024-07-16 00:31:20', '2024-07-16 00:31:20', 'e4fe02cb-f2b0-4afa-885d-d1b93130d350'),
	('15bf203e-12a4-4245-81ac-89345bd1a545', '21084322', '$2b$10$RgHJQ7UWlSmfpvPRbQAQPeNcmtAhSD30DGacR0G/0CqB4T7A/KBFu', 'Lê Minh Quang', '0364835622', 'quanghcspb@gmail.com', 'MALE', 'DOCTOR', 1, '2024-07-16 00:28:06', '2024-07-16 00:28:06', 'e4fe02cb-f2b0-4afa-885d-d1b93130d350'),
	('1770ec30-2091-4800-9f3c-f0d5538db2b5', '21084122', '$2b$10$ny9gu0wsQEfZYHXj1dAU7.dcMOjO3BeYAlHqO5JKN0xgO7WWFJBqS', 'Lê Minh Quang', '0364835690', 'qhcspb@gmail.com', 'MALE', 'DOCTOR', 1, '2024-07-16 00:29:47', '2024-07-16 00:29:47', 'e4fe02cb-f2b0-4afa-885d-d1b93130d350'),
	('4073349e-59b6-4dd0-b517-869db0565c11', '20011234', '$2b$10$/qdBK7JtUv6C1k7pCIAIvum00/0rQpisJ3hHjqSGlvqX2hRZBA2ty', 'Nguyễn Thị Hồng Lương', '0903128350', 'nguyenluong1603@gmail.com', 'MALE', 'MASTER', 1, '2024-07-14 23:00:19', '2024-07-14 23:00:19', 'e4fe02cb-f2b0-4afa-885d-d1b93130d350'),
	('5a3dccdc-308e-4b62-8e82-54c0a76579db', '20011239', '$2b$10$/qdBK7JtUv6C1k7pCIAIvum00/0rQpisJ3hHjqSGlvqX2hRZBA2ty', 'Châu Thị Bảo Hà', '0918153584', 'chauthibaoha@gmail.com', 'FEMALE', 'MASTER', 1, '2024-07-14 23:00:19', '2024-07-14 23:00:19', 'e4fe02cb-f2b0-4afa-885d-d1b93130d350'),
	('5f26aed7-86f0-467b-ac47-de5f5f36e3a9', '20111432', '$2b$10$9E0UN/eljy930vs2WrBRH.R2y2yEvd8myA/nWcRumCWh28cz5BEUq', 'KTPMQUang', '0364835611', 'quang82thcspb@gmail.com', 'MALE', 'DOCTOR', 1, '2024-07-16 00:32:56', '2024-07-16 00:32:56', 'e4fe02cb-f2b0-4afa-885d-d1b93130d350'),
	('5fe9682f-1989-46c5-acd2-4756a8ab9cb7', '20001241', '$2b$10$/qdBK7JtUv6C1k7pCIAIvum00/0rQpisJ3hHjqSGlvqX2hRZBA2ty', 'Nguyễn Trọng Tiến', '0935020003', 'nguyentrongtiencntt@gmail.com', 'MALE', 'MASTER', 1, '2024-07-14 23:00:19', '2024-07-14 23:00:19', 'e4fe02cb-f2b0-4afa-885d-d1b93130d350'),
	('69c3f7b4-cc1a-4eb4-90eb-9c4e4c95f42c', '20001243', '$2b$10$/qdBK7JtUv6C1k7pCIAIvum00/0rQpisJ3hHjqSGlvqX2hRZBA2ty', 'Trần Thị Anh Thi', '0985787825', 'tranthianhthi@iuh.edu.vn', 'FEMALE', 'MASTER', 1, '2024-07-14 23:00:19', '2024-07-14 23:00:19', 'e4fe02cb-f2b0-4afa-885d-d1b93130d350'),
	('a2961c8a-90e8-4df0-9955-96d0a5a4d4a1', '21082812', '$2b$10$nH1cVDnHNRboxCvtvRSZX.a/RCB80qQD0NnXQmVdAaNU2XRQ.m4i6', 'QuangCNTT', '0364835692', 'quang82thcspb@gmail.com', 'MALE', 'MASTER', 1, '2024-07-15 23:37:21', '2024-07-15 23:37:21', '67530b71-04c2-4178-b85a-bbe54d436bec'),
	('a74860b3-e5e0-4a24-89ca-547ec69c5a80', '20011237', '$2b$10$/qdBK7JtUv6C1k7pCIAIvum00/0rQpisJ3hHjqSGlvqX2hRZBA2ty', 'Đặng Thị Thu Hà', '0903016048', 'dtthuha79@gmail.com', 'FEMALE', 'MASTER', 1, '2024-07-14 23:00:19', '2024-07-14 23:00:19', 'e4fe02cb-f2b0-4afa-885d-d1b93130d350'),
	('ad885389-2952-49bd-a34b-854a40652ff8', '20001254', '$2b$10$/qdBK7JtUv6C1k7pCIAIvum00/0rQpisJ3hHjqSGlvqX2hRZBA2ty', 'Đặng Văn Thuận', '0979788849', 'dangvanthuan26@gmail.com', 'MALE', 'MASTER', 1, '2024-07-14 23:00:19', '2024-07-14 23:00:19', 'e4fe02cb-f2b0-4afa-885d-d1b93130d350'),
	('bc310bf6-0792-4f5b-89d4-f9f28ade11ec', '20001242', '$2b$10$/qdBK7JtUv6C1k7pCIAIvum00/0rQpisJ3hHjqSGlvqX2hRZBA2ty', 'Phạm Thanh Hùng', '0918805565', 'pthung_2002@yahoo.com', 'MALE', 'MASTER', 1, '2024-07-14 23:00:19', '2024-07-14 23:00:19', 'e4fe02cb-f2b0-4afa-885d-d1b93130d350'),
	('c0056c1f-378a-41a8-a1f7-979564f02952', '20011235', '$2b$10$/qdBK7JtUv6C1k7pCIAIvum00/0rQpisJ3hHjqSGlvqX2hRZBA2ty', 'Nguyễn Văn Thắng', '0988648733', 'thangvnguyen2001@gmail.com', 'FEMALE', 'MASTER', 1, '2024-07-14 23:00:19', '2024-07-14 23:00:19', 'e4fe02cb-f2b0-4afa-885d-d1b93130d350'),
	('d98c9a1c-92f4-4795-9bd1-8fc94fa608fe', '20011240', '$2b$10$/qdBK7JtUv6C1k7pCIAIvum00/0rQpisJ3hHjqSGlvqX2hRZBA2ty', 'Nguyễn Thị Hoàng Khánh', '0903444795', 'ngthihoangkhanh@gmail.com', 'FEMALE', 'MASTER', 1, '2024-07-14 23:00:19', '2024-07-14 23:00:19', 'e4fe02cb-f2b0-4afa-885d-d1b93130d350'),
	('e86ddeb6-aa51-40b1-b9c8-ebe3edfc79d8', '20011236', '$2b$10$/qdBK7JtUv6C1k7pCIAIvum00/0rQpisJ3hHjqSGlvqX2hRZBA2ty', 'Trần Thế Trung', '0947 388789', 'tranthetrung@iuh.edu.vn', 'MALE', 'MASTER', 1, '2024-07-14 23:00:19', '2024-07-14 23:00:19', 'e4fe02cb-f2b0-4afa-885d-d1b93130d350'),
	('fd8c6333-88e9-485c-ac77-7d10f6a2dcd2', '20011256', '$2b$10$/qdBK7JtUv6C1k7pCIAIvum00/0rQpisJ3hHjqSGlvqX2hRZBA2ty', 'Nguyễn Thị Nhung', '0773070597', 'ngthihanh@gmail.com', 'FEMALE', 'MASTER', 1, '2024-07-14 23:00:19', '2024-07-14 23:00:19', 'e4fe02cb-f2b0-4afa-885d-d1b93130d350'),
	('ff1c5c71-142d-4fee-8948-8de7ecb7128d', '21084321', '$2b$10$/qdBK7JtUv6C1k7pCIAIvum00/0rQpisJ3hHjqSGlvqX2hRZBA2ty', 'Nguyễn Thị Hạnh', '0304125678', 'hanhnguyen@gmail.com', 'FEMALE', 'DOCTOR', 1, '2024-07-12 15:36:50', '2024-07-14 22:59:09', 'e4fe02cb-f2b0-4afa-885d-d1b93130d350');

-- Dumping data for table manage_graduation_se_iuh.lecturer_terms: ~13 rows (approximately)
INSERT INTO `lecturer_terms` (`id`, `created_at`, `updated_at`, `lecturer_id`, `term_id`) VALUES
	('3c31ac86-b395-4236-ab1f-8fbdd03cac83', '2024-07-16 13:47:46', '2024-07-16 13:47:46', 'ff1c5c71-142d-4fee-8948-8de7ecb7128d', '158861f1-9d9a-47f6-97d3-547f5d6809cc'),
	('492cd665-a7e1-4d81-bfe8-984fede65604', '2024-07-16 13:47:46', '2024-07-16 13:47:46', '5a3dccdc-308e-4b62-8e82-54c0a76579db', '158861f1-9d9a-47f6-97d3-547f5d6809cc'),
	('7c0e7cf4-8d0f-415d-b5c6-827b16d20d72', '2024-07-16 13:47:46', '2024-07-16 13:47:46', 'd98c9a1c-92f4-4795-9bd1-8fc94fa608fe', '158861f1-9d9a-47f6-97d3-547f5d6809cc'),
	('84335f99-dd7d-4d26-b860-023c1618823a', '2024-07-16 13:47:46', '2024-07-16 13:47:46', 'fd8c6333-88e9-485c-ac77-7d10f6a2dcd2', '158861f1-9d9a-47f6-97d3-547f5d6809cc'),
	('914ffb72-de00-4aef-8fba-4c6e2321949c', '2024-07-16 13:47:46', '2024-07-16 13:47:46', '5fe9682f-1989-46c5-acd2-4756a8ab9cb7', '158861f1-9d9a-47f6-97d3-547f5d6809cc'),
	('b31c663b-8049-4e10-96d2-2d0839beb52a', '2024-07-16 13:47:46', '2024-07-16 13:47:46', 'c0056c1f-378a-41a8-a1f7-979564f02952', '158861f1-9d9a-47f6-97d3-547f5d6809cc'),
	('c001332c-9940-4ca2-bbb1-8c6148c43b07', '2024-07-16 13:47:46', '2024-07-16 13:47:46', 'bc310bf6-0792-4f5b-89d4-f9f28ade11ec', '158861f1-9d9a-47f6-97d3-547f5d6809cc'),
	('c4b86b38-d065-44f5-80ec-dbb7d1fb3d8f', '2024-07-16 13:47:46', '2024-07-16 13:47:46', 'ad885389-2952-49bd-a34b-854a40652ff8', '158861f1-9d9a-47f6-97d3-547f5d6809cc'),
	('cb5b5b58-022e-4494-9946-2131e2cfacf3', '2024-07-16 13:47:46', '2024-07-16 13:47:46', 'a74860b3-e5e0-4a24-89ca-547ec69c5a80', '158861f1-9d9a-47f6-97d3-547f5d6809cc'),
	('cbc5a0be-6255-40f8-822c-693b8f139699', '2024-07-16 13:47:46', '2024-07-16 13:47:46', '69c3f7b4-cc1a-4eb4-90eb-9c4e4c95f42c', '158861f1-9d9a-47f6-97d3-547f5d6809cc'),
	('ce510423-d644-4d56-adae-850678273358', '2024-07-16 13:47:46', '2024-07-16 13:47:46', '113f459e-2c56-4d11-a679-da8628827a08', '158861f1-9d9a-47f6-97d3-547f5d6809cc'),
	('dd23cdd0-49b6-4029-94fc-17beaa7f99ac', '2024-07-16 13:47:46', '2024-07-16 13:47:46', '4073349e-59b6-4dd0-b517-869db0565c11', '158861f1-9d9a-47f6-97d3-547f5d6809cc'),
	('f47c8aeb-a9ed-4920-a946-be907bf09779', '2024-07-16 13:47:46', '2024-07-16 13:47:46', 'e86ddeb6-aa51-40b1-b9c8-ebe3edfc79d8', '158861f1-9d9a-47f6-97d3-547f5d6809cc');

-- Dumping data for table manage_graduation_se_iuh.majors: ~5 rows (approximately)
INSERT INTO `majors` (`id`, `name`, `created_at`, `updated_at`) VALUES
	('2d1961b7-3ee4-48af-8de9-6eb83d3a235c', 'Hệ thống thông tin', '2024-06-12 16:26:31', '2024-07-15 23:41:39'),
	('67530b71-04c2-4178-b85a-bbe54d436bec', 'Công nghệ thông tin', '2024-06-12 16:26:44', '2024-06-12 16:26:44'),
	('7c4dac41-bb68-4bd0-90db-358a5dc67df2', 'Khoa học máy tính', '2024-06-12 16:27:04', '2024-06-12 16:27:04'),
	('e4fe02cb-f2b0-4afa-885d-d1b93130d350', 'Kỹ thuật phần mềm', '2024-06-12 16:26:50', '2024-07-15 23:42:24'),
	('fd81793a-2a0a-494d-8d08-d8faf95db82c', 'Khoa học dữ liệu', '2024-06-12 16:27:19', '2024-06-12 16:27:19');

-- Dumping data for table manage_graduation_se_iuh.notification_lecturers: ~0 rows (approximately)

-- Dumping data for table manage_graduation_se_iuh.notification_students: ~0 rows (approximately)

-- Dumping data for table manage_graduation_se_iuh.roles: ~25 rows (approximately)
INSERT INTO `roles` (`id`, `name`, `created_at`, `updated_at`, `lecturer_id`) VALUES
	('11e2f717-91a6-4e19-a755-2e631ab7e55e', 'ADMIN', '2024-07-15 23:24:06', '2024-07-15 23:24:06', 'a74860b3-e5e0-4a24-89ca-547ec69c5a80'),
	('1f2bcc6b-cbf3-45d2-8581-a371b932c1cf', 'LECTURER', '2024-07-16 00:32:56', '2024-07-16 00:32:56', '5f26aed7-86f0-467b-ac47-de5f5f36e3a9'),
	('1f477e84-d4e1-4953-9846-da4a813b2db8', 'HEAD_COURSE', '2024-07-12 16:29:16', '2024-07-12 16:29:16', 'ff1c5c71-142d-4fee-8948-8de7ecb7128d'),
	('215e2ec4-4d56-4ac1-a82e-cbb0da004142', 'LECTURER', '2024-07-16 00:31:20', '2024-07-16 00:31:20', '1363ebc2-5c7c-4fbc-b3ed-3c41b778b9b1'),
	('24c71535-b6af-4091-be3a-ed266b512a32', 'LECTURER', '2024-07-14 23:00:19', '2024-07-14 23:00:19', 'd98c9a1c-92f4-4795-9bd1-8fc94fa608fe'),
	('2fdce3ad-2393-4817-9477-aa361e8de767', 'LECTURER', '2024-07-16 00:28:06', '2024-07-16 00:28:06', '15bf203e-12a4-4245-81ac-89345bd1a545'),
	('41655b5d-7ffe-49fd-acd3-0c6c5e819606', 'LECTURER', '2024-07-14 23:00:19', '2024-07-14 23:00:19', 'a74860b3-e5e0-4a24-89ca-547ec69c5a80'),
	('4c89449f-6ff6-4445-974d-052565b098d8', 'LECTURER', '2024-07-14 23:00:19', '2024-07-14 23:00:19', 'ad885389-2952-49bd-a34b-854a40652ff8'),
	('532849df-4258-47b7-8f25-3a8c6ae7b191', 'LECTURER', '2024-07-14 23:00:19', '2024-07-14 23:00:19', 'fd8c6333-88e9-485c-ac77-7d10f6a2dcd2'),
	('59af823c-075c-4c4a-be58-4e53d0583d71', 'LECTURER', '2024-07-14 23:00:19', '2024-07-14 23:00:19', 'bc310bf6-0792-4f5b-89d4-f9f28ade11ec'),
	('5a65bef7-70a8-4706-a6dd-fecca17fb27a', 'LECTURER', '2024-07-14 23:00:19', '2024-07-14 23:00:19', '5a3dccdc-308e-4b62-8e82-54c0a76579db'),
	('63733400-35ff-4605-aa29-2e01ef9f2033', 'LECTURER', '2024-07-14 23:00:19', '2024-07-14 23:00:19', '5fe9682f-1989-46c5-acd2-4756a8ab9cb7'),
	('74916f2d-4f8a-4334-af80-8c2fb9ea4164', 'LECTURER', '2024-07-15 23:37:21', '2024-07-15 23:37:21', 'a2961c8a-90e8-4df0-9955-96d0a5a4d4a1'),
	('95d881e7-df66-41fb-afb7-382b5db996cf', 'LECTURER', '2024-07-14 23:00:19', '2024-07-14 23:00:19', '69c3f7b4-cc1a-4eb4-90eb-9c4e4c95f42c'),
	('a1fa4ca6-37b8-46c3-b032-aa5c4215644f', 'LECTURER', '2024-07-12 15:36:50', '2024-07-12 15:36:50', 'ff1c5c71-142d-4fee-8948-8de7ecb7128d'),
	('a74f8584-257b-4316-a2d8-d9ec546900ab', 'HEAD_LECTURER', '2024-07-16 00:38:57', '2024-07-16 00:38:57', 'ff1c5c71-142d-4fee-8948-8de7ecb7128d'),
	('a8ac25ce-9133-44f2-84b9-8ab08321ae00', 'LECTURER', '2024-07-14 23:00:19', '2024-07-14 23:00:19', '113f459e-2c56-4d11-a679-da8628827a08'),
	('a9d7ac46-d7e8-4b0d-a517-3b69acf3153b', 'LECTURER', '2024-07-14 23:00:19', '2024-07-14 23:00:19', '4073349e-59b6-4dd0-b517-869db0565c11'),
	('c4a4d406-a696-4624-b52f-530ab140e027', 'LECTURER', '2024-07-14 23:00:19', '2024-07-14 23:00:19', 'c0056c1f-378a-41a8-a1f7-979564f02952'),
	('cb1098fc-5f84-4a49-b6b6-01102386f466', 'LECTURER', '2024-07-16 00:29:47', '2024-07-16 00:29:47', '1770ec30-2091-4800-9f3c-f0d5538db2b5'),
	('d2d30453-0e97-4767-bfa7-5b860c375892', 'LECTURER', '2024-07-16 00:10:07', '2024-07-16 00:10:07', '027746eb-098c-49d2-b18a-903ac30d3794'),
	('db31d39b-a756-40a4-93ae-858d40b57d2a', 'LECTURER', '2024-07-14 23:00:19', '2024-07-14 23:00:19', 'e86ddeb6-aa51-40b1-b9c8-ebe3edfc79d8'),
	('dfaa1660-cb7d-42f2-ba2b-7b2e3e9a8b03', 'ADMIN', '2024-07-15 23:57:59', '2024-07-15 23:57:59', 'a74860b3-e5e0-4a24-89ca-547ec69c5a80'),
	('e6432f69-af81-45d7-98df-d0b16b821573', 'HEAD_LECTURER', '2024-07-16 00:38:57', '2024-07-16 00:38:57', 'ff1c5c71-142d-4fee-8948-8de7ecb7128d');

-- Dumping data for table manage_graduation_se_iuh.students: ~51 rows (approximately)
INSERT INTO `students` (`id`, `username`, `password`, `full_name`, `phone`, `email`, `gender`, `clazz_name`, `type_training`, `is_active`, `created_at`, `updated_at`, `major_id`) VALUES
	('0439d4bb-b2f0-4315-966b-6039220d174b', '19434851', '$2b$10$yK6T4yR42i0er..SjZKCvedUVx25bWNE0RBaudj7t4PJoLbUXF/KS', 'Trần Minh Hiến', '0364835692', 'quang82thcspb@gmail.com', 'MALE', 'DHKTPM15A', 'UNIVERSITY', 1, '2024-07-14 23:51:58', '2024-07-16 13:06:48', 'e4fe02cb-f2b0-4afa-885d-d1b93130d350'),
	('0bfff780-e7c0-4cad-9607-dcbebd64f915', '19481331', '$2b$10$yK6T4yR42i0er..SjZKCvedUVx25bWNE0RBaudj7t4PJoLbUXF/KS', 'Nguyễn Thành Nhân', '0373523365', NULL, 'MALE', 'DHKTPM15A', 'UNIVERSITY', 1, '2024-07-14 23:51:58', '2024-07-14 23:51:58', 'e4fe02cb-f2b0-4afa-885d-d1b93130d350'),
	('0e0212be-0bbc-401f-8565-8a78b56a03fe', '19525251', '$2b$10$yK6T4yR42i0er..SjZKCvedUVx25bWNE0RBaudj7t4PJoLbUXF/KS', 'Nguyễn Đình Trường', '0378785836', NULL, 'MALE', 'DHKTPM15B', 'UNIVERSITY', 1, '2024-07-14 23:51:58', '2024-07-14 23:51:58', 'e4fe02cb-f2b0-4afa-885d-d1b93130d350'),
	('10fae7fe-038b-4e97-9904-6f68b1b1c599', '19429061', '$2b$10$yK6T4yR42i0er..SjZKCvedUVx25bWNE0RBaudj7t4PJoLbUXF/KS', 'Phạm Hoàng Huy', '0964505517', NULL, 'MALE', 'DHKTPM15A', 'UNIVERSITY', 1, '2024-07-14 23:51:58', '2024-07-14 23:51:58', 'e4fe02cb-f2b0-4afa-885d-d1b93130d350'),
	('23b50a35-8962-4ac8-bdbc-84b9070f2b89', '19508981', '$2b$10$yK6T4yR42i0er..SjZKCvedUVx25bWNE0RBaudj7t4PJoLbUXF/KS', 'Nguyễn Văn Hoàng', '0973704198', NULL, 'MALE', 'DHKTPM15B', 'UNIVERSITY', 1, '2024-07-14 23:51:58', '2024-07-14 23:51:58', 'e4fe02cb-f2b0-4afa-885d-d1b93130d350'),
	('27f8370b-3b09-4095-a679-44da909c10d1', '19508311', '$2b$10$yK6T4yR42i0er..SjZKCvedUVx25bWNE0RBaudj7t4PJoLbUXF/KS', 'Trần Văn Sỹ', '0822159420', NULL, 'MALE', 'DHKTPM15B', 'UNIVERSITY', 1, '2024-07-14 23:51:58', '2024-07-14 23:51:58', 'e4fe02cb-f2b0-4afa-885d-d1b93130d350'),
	('2c1dd628-6ac2-48d9-86cf-0e3ca2c06406', '19508751', '$2b$10$yK6T4yR42i0er..SjZKCvedUVx25bWNE0RBaudj7t4PJoLbUXF/KS', 'Lê Chí Sơn', '0378390223', NULL, 'MALE', 'DHKTPM15B', 'UNIVERSITY', 1, '2024-07-14 23:51:58', '2024-07-14 23:51:58', 'e4fe02cb-f2b0-4afa-885d-d1b93130d350'),
	('2ce81865-b0a4-4b5c-ac02-50a4e0f7713e', '19501261', '$2b$10$yK6T4yR42i0er..SjZKCvedUVx25bWNE0RBaudj7t4PJoLbUXF/KS', 'Mã Vũ', '0931866264', NULL, 'MALE', 'DHKTPM15B', 'UNIVERSITY', 1, '2024-07-14 23:51:58', '2024-07-14 23:51:58', 'e4fe02cb-f2b0-4afa-885d-d1b93130d350'),
	('2d31e070-59b3-48e3-a267-7342127ceba1', '19495741', '$2b$10$yK6T4yR42i0er..SjZKCvedUVx25bWNE0RBaudj7t4PJoLbUXF/KS', 'Huỳnh Nhật Quang', '0342455466', NULL, 'MALE', 'DHKTPM15B', 'UNIVERSITY', 1, '2024-07-14 23:51:58', '2024-07-14 23:51:58', 'e4fe02cb-f2b0-4afa-885d-d1b93130d350'),
	('30d9ff6b-bf26-46ec-b451-c5f7a15c4d05', '19507801', '$2b$10$yK6T4yR42i0er..SjZKCvedUVx25bWNE0RBaudj7t4PJoLbUXF/KS', 'Đặng Văn Sáng', '0346204298', NULL, 'MALE', 'DHKTPM15B', 'UNIVERSITY', 1, '2024-07-14 23:51:58', '2024-07-14 23:51:58', 'e4fe02cb-f2b0-4afa-885d-d1b93130d350'),
	('429ac8bc-9441-4a53-bde9-a829f6141b20', '19518101', '$2b$10$yK6T4yR42i0er..SjZKCvedUVx25bWNE0RBaudj7t4PJoLbUXF/KS', 'Nguyễn Minh Thuận', '0817808173', NULL, 'MALE', 'DHKTPM15B', 'UNIVERSITY', 1, '2024-07-14 23:51:58', '2024-07-14 23:51:58', 'e4fe02cb-f2b0-4afa-885d-d1b93130d350'),
	('444a326e-28b5-4065-a851-fa9c16f6ec39', '19470491', '$2b$10$yK6T4yR42i0er..SjZKCvedUVx25bWNE0RBaudj7t4PJoLbUXF/KS', 'Tống Gia Huy', '0902642161', NULL, 'MALE', 'DHKTPM15B', 'UNIVERSITY', 1, '2024-07-14 23:51:58', '2024-07-14 23:51:58', 'e4fe02cb-f2b0-4afa-885d-d1b93130d350'),
	('50209483-d518-4d3a-b15c-6c8f3e7631c3', '19520101', '$2b$10$yK6T4yR42i0er..SjZKCvedUVx25bWNE0RBaudj7t4PJoLbUXF/KS', 'Lê Xuân Hòa', '0356415806', NULL, 'MALE', 'DHKTPM15B', 'UNIVERSITY', 1, '2024-07-14 23:51:58', '2024-07-14 23:51:58', 'e4fe02cb-f2b0-4afa-885d-d1b93130d350'),
	('5467b04d-da66-432e-be0c-cc992778851b', '19522981', '$2b$10$yK6T4yR42i0er..SjZKCvedUVx25bWNE0RBaudj7t4PJoLbUXF/KS', 'Nguyễn Duy Hiếu', '0368783161', NULL, 'MALE', 'DHKTPM15B', 'UNIVERSITY', 1, '2024-07-14 23:51:58', '2024-07-14 23:51:58', 'e4fe02cb-f2b0-4afa-885d-d1b93130d350'),
	('57faa2d9-aa20-45f5-acd6-29fbd22d18a3', '19486011', '$2b$10$yK6T4yR42i0er..SjZKCvedUVx25bWNE0RBaudj7t4PJoLbUXF/KS', 'Phan Võ Trọng', '0394 932 438', NULL, 'MALE', 'DHKTPM15A', 'UNIVERSITY', 1, '2024-07-14 23:51:58', '2024-07-14 23:51:58', 'e4fe02cb-f2b0-4afa-885d-d1b93130d350'),
	('656a9eca-e856-4734-acff-1db578672a76', '19495701', '$2b$10$yK6T4yR42i0er..SjZKCvedUVx25bWNE0RBaudj7t4PJoLbUXF/KS', 'Nguyễn Anh Khoa', '0339194695', NULL, 'MALE', 'DHKTPM15B', 'UNIVERSITY', 1, '2024-07-14 23:51:58', '2024-07-14 23:51:58', 'e4fe02cb-f2b0-4afa-885d-d1b93130d350'),
	('6a95324b-1bd8-476e-ae86-f2b75929bf37', '19432121', '$2b$10$yK6T4yR42i0er..SjZKCvedUVx25bWNE0RBaudj7t4PJoLbUXF/KS', 'Phạm Lê Khánh Duy', '0793464997', NULL, 'MALE', 'DHKTPM15A', 'UNIVERSITY', 1, '2024-07-14 23:51:58', '2024-07-14 23:51:58', 'e4fe02cb-f2b0-4afa-885d-d1b93130d350'),
	('6c223a7c-54c9-4d62-a930-2eb61231c269', '19503881', '$2b$10$yK6T4yR42i0er..SjZKCvedUVx25bWNE0RBaudj7t4PJoLbUXF/KS', 'Lê Khoa Văn', '0963325802', NULL, 'MALE', 'DHKTPM15B', 'UNIVERSITY', 1, '2024-07-14 23:51:58', '2024-07-14 23:51:58', 'e4fe02cb-f2b0-4afa-885d-d1b93130d350'),
	('6ef72498-a4a1-41d6-a506-abd34fce0383', '19469221', '$2b$10$yK6T4yR42i0er..SjZKCvedUVx25bWNE0RBaudj7t4PJoLbUXF/KS', 'Phạm Phước Duyên', '0973087171', NULL, 'FEMALE', 'DHKTPM15A', 'UNIVERSITY', 1, '2024-07-14 23:51:58', '2024-07-14 23:51:58', 'e4fe02cb-f2b0-4afa-885d-d1b93130d350'),
	('6f6d3263-6081-421e-8b8f-fd8a23ea747f', '19473311', '$2b$10$yK6T4yR42i0er..SjZKCvedUVx25bWNE0RBaudj7t4PJoLbUXF/KS', 'Vũ Quang Huy', '0984218514', NULL, 'MALE', 'DHKTPM15A', 'UNIVERSITY', 1, '2024-07-14 23:51:58', '2024-07-14 23:51:58', 'e4fe02cb-f2b0-4afa-885d-d1b93130d350'),
	('7f0d25c8-c8e8-48f3-91d5-9dedf33f26ef', '20018422', '$2b$10$bPBoLneooCENBUUE6RtCxOuDzjD.D6pKcsARd0xV45/28ukfPJE7C', 'LêKHDL', '0364835692', 'quang82thcspb@gmail.com', 'MALE', 'DHKHDL17A', 'UNIVERSITY', 1, '2024-07-15 23:59:56', '2024-07-15 23:59:56', 'fd81793a-2a0a-494d-8d08-d8faf95db82c'),
	('865186f5-ac2a-4105-9ce5-3edfe59f0132', '19431331', '$2b$10$rJnLanvFeNLnsJXIDJcvK.JBDltNj8ROW5BxXOX8xrhvmNwjrhY8C', 'Le Minh Quang', '0833352650', 'quang@gmail.com', 'MALE', 'DHKTPM15A', 'UNIVERSITY', 1, '2024-07-14 23:51:58', '2024-07-16 11:46:33', 'e4fe02cb-f2b0-4afa-885d-d1b93130d350'),
	('8a7380af-72f9-40d9-b731-da820da5b57c', '19520901', '$2b$10$yK6T4yR42i0er..SjZKCvedUVx25bWNE0RBaudj7t4PJoLbUXF/KS', 'Nguyễn Ngọc Huân', '0974822904', NULL, 'MALE', 'DHKTPM15A', 'UNIVERSITY', 1, '2024-07-14 23:51:58', '2024-07-14 23:51:58', 'e4fe02cb-f2b0-4afa-885d-d1b93130d350'),
	('8a99760c-016e-4e7f-a9e5-bccf8642b20c', '18062811', '$2b$10$yK6T4yR42i0er..SjZKCvedUVx25bWNE0RBaudj7t4PJoLbUXF/KS', 'Nguyễn Thị Thanh Thúy', '0334838641', NULL, 'FEMALE', 'DHKTPM14', 'UNIVERSITY', 1, '2024-07-14 23:51:58', '2024-07-14 23:51:58', 'e4fe02cb-f2b0-4afa-885d-d1b93130d350'),
	('8d4ad0b6-2452-4483-a863-e41f0596a693', '19524231', '$2b$10$yK6T4yR42i0er..SjZKCvedUVx25bWNE0RBaudj7t4PJoLbUXF/KS', 'Nguyễn Huy Nam', '0932669483', NULL, 'MALE', 'DHKTPM15A', 'UNIVERSITY', 1, '2024-07-14 23:51:58', '2024-07-14 23:51:58', 'e4fe02cb-f2b0-4afa-885d-d1b93130d350'),
	('9071d7c2-c0ef-49d2-bf5b-cc45a8f3f32a', '19483821', '$2b$10$yK6T4yR42i0er..SjZKCvedUVx25bWNE0RBaudj7t4PJoLbUXF/KS', 'Nguyễn Văn Phát', '0798522149', NULL, 'MALE', 'DHKTPM15A', 'UNIVERSITY', 1, '2024-07-14 23:51:58', '2024-07-14 23:51:58', 'e4fe02cb-f2b0-4afa-885d-d1b93130d350'),
	('96363708-4ba2-4896-a014-b6e387658520', '19470041', '$2b$10$yK6T4yR42i0er..SjZKCvedUVx25bWNE0RBaudj7t4PJoLbUXF/KS', 'Nguyễn Huỳnh Chí Bảo', '0338618229', NULL, 'MALE', 'DHKTPM15B', 'UNIVERSITY', 1, '2024-07-14 23:51:58', '2024-07-14 23:51:58', 'e4fe02cb-f2b0-4afa-885d-d1b93130d350'),
	('9b087793-3796-4435-b557-20e0450ac93f', '19478651', '$2b$10$yK6T4yR42i0er..SjZKCvedUVx25bWNE0RBaudj7t4PJoLbUXF/KS', 'Nguyễn Hoàng Vũ', '0919602469', NULL, 'MALE', 'DHKTPM15A', 'UNIVERSITY', 1, '2024-07-14 23:51:58', '2024-07-14 23:51:58', 'e4fe02cb-f2b0-4afa-885d-d1b93130d350'),
	('9c03eda3-3ce9-457b-9e02-4f3bed360797', '19525742', '$2b$10$yK6T4yR42i0er..SjZKCvedUVx25bWNE0RBaudj7t4PJoLbUXF/KS', 'Trần Nguyễn Kha Hoàng', '0972211750', NULL, 'MALE', 'DHKTPM15C', 'UNIVERSITY', 1, '2024-07-14 23:51:58', '2024-07-14 23:51:58', 'e4fe02cb-f2b0-4afa-885d-d1b93130d350'),
	('9f7515bb-6b2d-48b2-921e-5dbeb63e850c', '19482171', '$2b$10$yK6T4yR42i0er..SjZKCvedUVx25bWNE0RBaudj7t4PJoLbUXF/KS', 'Võ Phước Lưu', '0333751890', NULL, 'MALE', 'DHKTPM15A', 'UNIVERSITY', 1, '2024-07-14 23:51:58', '2024-07-14 23:51:58', 'e4fe02cb-f2b0-4afa-885d-d1b93130d350'),
	('adbde842-ca27-4e06-828c-8be332b6a409', '19525741', '$2b$10$yK6T4yR42i0er..SjZKCvedUVx25bWNE0RBaudj7t4PJoLbUXF/KS', 'Trần Nguyễn Kha Vỹ', '0972211749', NULL, 'MALE', 'DHKTPM15A', 'UNIVERSITY', 1, '2024-07-14 23:51:58', '2024-07-14 23:51:58', 'e4fe02cb-f2b0-4afa-885d-d1b93130d350'),
	('bd80ff74-8d4f-4840-a464-6b7827790cb8', '19475251', '$2b$10$yK6T4yR42i0er..SjZKCvedUVx25bWNE0RBaudj7t4PJoLbUXF/KS', 'Tăng Thanh Đức', '0983518610', NULL, 'MALE', 'DHKTPM15A', 'UNIVERSITY', 1, '2024-07-14 23:51:58', '2024-07-14 23:51:58', 'e4fe02cb-f2b0-4afa-885d-d1b93130d350'),
	('c3d60748-782e-4895-8153-f43e84593201', '19476751', '$2b$10$yK6T4yR42i0er..SjZKCvedUVx25bWNE0RBaudj7t4PJoLbUXF/KS', 'Ngô Trường Giang', '0838607012', NULL, 'MALE', 'DHKTPM15A', 'UNIVERSITY', 1, '2024-07-14 23:51:58', '2024-07-14 23:51:58', 'e4fe02cb-f2b0-4afa-885d-d1b93130d350'),
	('cc031ce9-1d03-40e1-97f8-cb623597ef00', '19498091', '$2b$10$yK6T4yR42i0er..SjZKCvedUVx25bWNE0RBaudj7t4PJoLbUXF/KS', 'Phạm Hữu Tài', '0917482790', NULL, 'MALE', 'DHKTPM15B', 'UNIVERSITY', 1, '2024-07-14 23:51:58', '2024-07-14 23:51:58', 'e4fe02cb-f2b0-4afa-885d-d1b93130d350'),
	('ce7c069d-1bb7-4a9e-bb0a-c53aa2c6675b', '19516911', '$2b$10$yK6T4yR42i0er..SjZKCvedUVx25bWNE0RBaudj7t4PJoLbUXF/KS', 'Nguyễn Hoàng Quân', '0372253664', NULL, 'MALE', 'DHKTPM15B', 'UNIVERSITY', 1, '2024-07-14 23:51:58', '2024-07-14 23:51:58', 'e4fe02cb-f2b0-4afa-885d-d1b93130d350'),
	('ceff764f-29b4-490b-8833-4c02f6b30b1b', '19480271', '$2b$10$yK6T4yR42i0er..SjZKCvedUVx25bWNE0RBaudj7t4PJoLbUXF/KS', 'Vũ Huy Hoàng', '0917789964', NULL, 'MALE', 'DHKTPM15A', 'UNIVERSITY', 1, '2024-07-14 23:51:58', '2024-07-14 23:51:58', 'e4fe02cb-f2b0-4afa-885d-d1b93130d350'),
	('cfb24c49-b5e2-486d-a04d-97d1042c48e9', '19481471', '$2b$10$yK6T4yR42i0er..SjZKCvedUVx25bWNE0RBaudj7t4PJoLbUXF/KS', 'Nguyễn Dương Minh Huy', '0342409507', NULL, 'MALE', 'DHKTPM15A', 'UNIVERSITY', 1, '2024-07-14 23:51:58', '2024-07-14 23:51:58', 'e4fe02cb-f2b0-4afa-885d-d1b93130d350'),
	('d0b142ae-89ad-4bd6-9500-d60a966ffe0a', '19435491', '$2b$10$yK6T4yR42i0er..SjZKCvedUVx25bWNE0RBaudj7t4PJoLbUXF/KS', 'Hoàng Tiến Mạnh Đức', '0334548131', NULL, 'MALE', 'DHKTPM15A', 'UNIVERSITY', 1, '2024-07-14 23:51:58', '2024-07-14 23:51:58', 'e4fe02cb-f2b0-4afa-885d-d1b93130d350'),
	('d26e6ce6-dcc2-44a8-b3ac-75a8a8ca9790', '19524301', '$2b$10$yK6T4yR42i0er..SjZKCvedUVx25bWNE0RBaudj7t4PJoLbUXF/KS', 'Tô Thị Minh Hồng', '0387267892', NULL, 'FEMALE', 'DHKTPM15B', 'UNIVERSITY', 1, '2024-07-14 23:51:58', '2024-07-14 23:51:58', 'e4fe02cb-f2b0-4afa-885d-d1b93130d350'),
	('d3ed0d4c-35c2-46d1-b087-e53915a471f6', '19487901', '$2b$10$yK6T4yR42i0er..SjZKCvedUVx25bWNE0RBaudj7t4PJoLbUXF/KS', 'Phạm Hữu Quốc Toàn', '0867981145', NULL, 'MALE', 'DHKTPM15A', 'UNIVERSITY', 1, '2024-07-14 23:51:58', '2024-07-14 23:51:58', 'e4fe02cb-f2b0-4afa-885d-d1b93130d350'),
	('d999e1c0-0a62-43e2-b3e4-d84f67d47e3d', '19509301', '$2b$10$yK6T4yR42i0er..SjZKCvedUVx25bWNE0RBaudj7t4PJoLbUXF/KS', 'Trần Bảo Dự', '0345136453', NULL, 'MALE', 'DHKTPM15B', 'UNIVERSITY', 1, '2024-07-14 23:51:58', '2024-07-14 23:51:58', 'e4fe02cb-f2b0-4afa-885d-d1b93130d350'),
	('efe66ac3-2015-49a9-871e-9c093b916a07', '21094320', '$2b$10$.77Nucu4unWelti.GxrU8eKUDZp5aDsqRNo.ZjUvVwnkBSSN59ymS', 'Nguyễn Như Ngọc', '0123456789', 'ngoc@gmail.com', 'FEMALE', 'DHKTPM17A', 'UNIVERSITY', 1, '2024-07-12 16:29:30', '2024-07-12 16:29:30', 'e4fe02cb-f2b0-4afa-885d-d1b93130d350'),
	('f0e70769-0b12-49a2-8770-1b42742d4b80', '19485331', '$2b$10$yK6T4yR42i0er..SjZKCvedUVx25bWNE0RBaudj7t4PJoLbUXF/KS', 'Nguyễn Trọng Quý', '0345634374', NULL, 'MALE', 'DHKTPM15A', 'UNIVERSITY', 1, '2024-07-14 23:51:58', '2024-07-14 23:51:58', 'e4fe02cb-f2b0-4afa-885d-d1b93130d350'),
	('f194e594-91ec-4277-870d-317053574dd8', '19476651', '$2b$10$yK6T4yR42i0er..SjZKCvedUVx25bWNE0RBaudj7t4PJoLbUXF/KS', 'Nguyễn Trọng Phú', '0386267998', NULL, 'MALE', 'DHKTPM15A', 'UNIVERSITY', 1, '2024-07-14 23:51:58', '2024-07-14 23:51:58', 'e4fe02cb-f2b0-4afa-885d-d1b93130d350'),
	('f1e87096-3bbe-4cfc-b7bc-5fa40868a73c', '19495921', '$2b$10$yK6T4yR42i0er..SjZKCvedUVx25bWNE0RBaudj7t4PJoLbUXF/KS', 'Ngô Hữu Nghị', '0378929240', NULL, 'MALE', 'DHKTPM15B', 'UNIVERSITY', 1, '2024-07-14 23:51:58', '2024-07-14 23:51:58', 'e4fe02cb-f2b0-4afa-885d-d1b93130d350'),
	('f3bd80f7-3fea-438b-bd1e-8263174da6d8', '19446101', '$2b$10$yK6T4yR42i0er..SjZKCvedUVx25bWNE0RBaudj7t4PJoLbUXF/KS', 'Phạm Thành Đạt', '0339686430', NULL, 'MALE', 'DHKTPM15B', 'UNIVERSITY', 1, '2024-07-14 23:51:58', '2024-07-14 23:51:58', 'e4fe02cb-f2b0-4afa-885d-d1b93130d350'),
	('f9038ad7-77ca-41d3-818a-b66bee1675c8', '19502521', '$2b$10$yK6T4yR42i0er..SjZKCvedUVx25bWNE0RBaudj7t4PJoLbUXF/KS', 'Tô Đức Hiếu', '0372460109', NULL, 'MALE', 'DHKTPM15B', 'UNIVERSITY', 1, '2024-07-14 23:51:58', '2024-07-14 23:51:58', 'e4fe02cb-f2b0-4afa-885d-d1b93130d350'),
	('fa12b4b9-f663-4b3a-a634-87ecd23510dd', '19518901', '$2b$10$yK6T4yR42i0er..SjZKCvedUVx25bWNE0RBaudj7t4PJoLbUXF/KS', 'Hồ Công Việt', '0983586953', NULL, 'MALE', 'DHKTPM15B', 'UNIVERSITY', 1, '2024-07-14 23:51:58', '2024-07-14 23:51:58', 'e4fe02cb-f2b0-4afa-885d-d1b93130d350'),
	('fbd763e6-2d6b-4ec4-9923-99cb9afba8d7', '19497751', '$2b$10$yK6T4yR42i0er..SjZKCvedUVx25bWNE0RBaudj7t4PJoLbUXF/KS', 'Trần Vinh Quang', '0387383927', NULL, 'MALE', 'DHKTPM15B', 'UNIVERSITY', 1, '2024-07-14 23:51:58', '2024-07-14 23:51:58', 'e4fe02cb-f2b0-4afa-885d-d1b93130d350'),
	('fd99c3e9-744d-4f7f-b18b-01d7e28b7645', '19439251', '$2b$10$yK6T4yR42i0er..SjZKCvedUVx25bWNE0RBaudj7t4PJoLbUXF/KS', 'Lê Quang Đạt', '0867490052', NULL, 'MALE', 'DHKTPM15A', 'UNIVERSITY', 1, '2024-07-14 23:51:58', '2024-07-14 23:51:58', 'e4fe02cb-f2b0-4afa-885d-d1b93130d350'),
	('fdffdb6d-df86-4e79-8223-0fa67fbfa875', '19432841', '$2b$10$yK6T4yR42i0er..SjZKCvedUVx25bWNE0RBaudj7t4PJoLbUXF/KS', 'Phan Thanh Phong', '0375559875', NULL, 'MALE', 'DHKTPM15A', 'UNIVERSITY', 1, '2024-07-14 23:51:58', '2024-07-14 23:51:58', 'e4fe02cb-f2b0-4afa-885d-d1b93130d350');

-- Dumping data for table manage_graduation_se_iuh.student_terms: ~149 rows (approximately)
INSERT INTO `student_terms` (`id`, `status`, `is_admin`, `created_at`, `updated_at`, `term_id`, `group_student_id`, `student_id`) VALUES
	('01fc9d62-a8c6-4b4d-9c15-8b9b1c9083c6', 'OPEN', 0, '2024-07-16 00:01:26', '2024-07-16 00:01:26', '2ae09f3f-2416-4bc5-84c9-545b717bb499', NULL, 'f3bd80f7-3fea-438b-bd1e-8263174da6d8'),
	('02874302-bc18-4ee5-b1e9-0dff40ef3d27', 'OPEN', 0, '2024-07-14 23:51:58', '2024-07-14 23:51:58', '158861f1-9d9a-47f6-97d3-547f5d6809cc', NULL, 'ceff764f-29b4-490b-8833-4c02f6b30b1b'),
	('03affd02-b6a4-4734-bb88-24aff5fd4a1f', 'OPEN', 0, '2024-07-16 13:08:05', '2024-07-16 13:08:05', 'ffad99de-9867-44b7-9296-57d3bb69213b', NULL, '9c03eda3-3ce9-457b-9e02-4f3bed360797'),
	('05e4a700-d354-4c9d-b00f-0f6b63252a8d', 'OPEN', 0, '2024-07-14 23:51:58', '2024-07-14 23:51:58', '158861f1-9d9a-47f6-97d3-547f5d6809cc', NULL, 'bd80ff74-8d4f-4840-a464-6b7827790cb8'),
	('079f14f2-35d8-468b-a337-7603ef0ebc26', 'OPEN', 0, '2024-07-16 00:01:26', '2024-07-16 00:01:26', '2ae09f3f-2416-4bc5-84c9-545b717bb499', NULL, '444a326e-28b5-4065-a851-fa9c16f6ec39'),
	('07d84831-e047-4ef4-bdaf-826c5c2f489d', 'OPEN', 0, '2024-07-16 00:01:26', '2024-07-16 00:01:26', '2ae09f3f-2416-4bc5-84c9-545b717bb499', NULL, 'd26e6ce6-dcc2-44a8-b3ac-75a8a8ca9790'),
	('094f9fa2-e784-4adb-9d76-1275b8931121', 'OPEN', 0, '2024-07-16 00:01:26', '2024-07-16 00:01:26', '2ae09f3f-2416-4bc5-84c9-545b717bb499', NULL, 'd0b142ae-89ad-4bd6-9500-d60a966ffe0a'),
	('0d69599c-ae09-44f2-a089-4dc84cf5991d', 'OPEN', 0, '2024-07-14 23:51:58', '2024-07-14 23:51:58', '158861f1-9d9a-47f6-97d3-547f5d6809cc', NULL, '57faa2d9-aa20-45f5-acd6-29fbd22d18a3'),
	('0d957440-ce90-4ca2-88f4-ba1ec1d6a457', 'OPEN', 0, '2024-07-16 00:01:26', '2024-07-16 00:01:26', '2ae09f3f-2416-4bc5-84c9-545b717bb499', NULL, '865186f5-ac2a-4105-9ce5-3edfe59f0132'),
	('0f8c14ad-9765-48d6-984e-54e579fe6f67', 'OPEN', 0, '2024-07-16 13:08:04', '2024-07-16 13:08:04', 'ffad99de-9867-44b7-9296-57d3bb69213b', NULL, '8d4ad0b6-2452-4483-a863-e41f0596a693'),
	('125227a2-1cfb-415e-bd48-114f64f788af', 'OPEN', 0, '2024-07-16 00:01:26', '2024-07-16 00:01:26', '2ae09f3f-2416-4bc5-84c9-545b717bb499', NULL, '2d31e070-59b3-48e3-a267-7342127ceba1'),
	('1268536e-e8fd-4d01-8ca9-45160926256d', 'OPEN', 0, '2024-07-16 00:01:26', '2024-07-16 00:01:26', '2ae09f3f-2416-4bc5-84c9-545b717bb499', NULL, 'cfb24c49-b5e2-486d-a04d-97d1042c48e9'),
	('13d24bbc-855c-4ae0-9377-7c2072c558d7', 'OPEN', 0, '2024-07-14 23:51:58', '2024-07-14 23:51:58', '158861f1-9d9a-47f6-97d3-547f5d6809cc', NULL, 'fdffdb6d-df86-4e79-8223-0fa67fbfa875'),
	('13d373d3-bd0f-4d8e-83d6-bdba6c281429', 'OPEN', 0, '2024-07-14 23:51:58', '2024-07-14 23:51:58', '158861f1-9d9a-47f6-97d3-547f5d6809cc', NULL, '656a9eca-e856-4734-acff-1db578672a76'),
	('1488c731-d075-40c6-a790-d866c3ca9367', 'OPEN', 0, '2024-07-16 13:08:04', '2024-07-16 13:08:04', 'ffad99de-9867-44b7-9296-57d3bb69213b', NULL, 'f0e70769-0b12-49a2-8770-1b42742d4b80'),
	('14aed40b-7c01-46e3-957e-5a34274f2402', 'OPEN', 0, '2024-07-14 23:51:58', '2024-07-14 23:51:58', '158861f1-9d9a-47f6-97d3-547f5d6809cc', NULL, '8a7380af-72f9-40d9-b731-da820da5b57c'),
	('16ce2313-e83b-423d-9918-512823c0edda', 'OPEN', 0, '2024-07-16 13:08:04', '2024-07-16 13:08:04', 'ffad99de-9867-44b7-9296-57d3bb69213b', NULL, 'fbd763e6-2d6b-4ec4-9923-99cb9afba8d7'),
	('1974ffca-03e5-4058-a166-92e89faf0263', 'OPEN', 0, '2024-07-16 00:01:26', '2024-07-16 00:01:26', '2ae09f3f-2416-4bc5-84c9-545b717bb499', NULL, '6f6d3263-6081-421e-8b8f-fd8a23ea747f'),
	('1b095c58-80f2-4d02-a639-bc021f23065e', 'OPEN', 0, '2024-07-14 23:51:58', '2024-07-14 23:51:58', '158861f1-9d9a-47f6-97d3-547f5d6809cc', NULL, 'cfb24c49-b5e2-486d-a04d-97d1042c48e9'),
	('1b1ba510-35b1-4daa-acb1-329f76caf461', 'OPEN', 0, '2024-07-16 00:01:26', '2024-07-16 00:01:26', '2ae09f3f-2416-4bc5-84c9-545b717bb499', NULL, '57faa2d9-aa20-45f5-acd6-29fbd22d18a3'),
	('1c0e437e-c1a8-4e28-97d3-b5b62d5578f1', 'OPEN', 0, '2024-07-14 23:51:58', '2024-07-14 23:51:58', '158861f1-9d9a-47f6-97d3-547f5d6809cc', NULL, '9f7515bb-6b2d-48b2-921e-5dbeb63e850c'),
	('1c2fbde8-670a-4fbe-9056-ebb54f7e8a8b', 'OPEN', 0, '2024-07-16 13:08:04', '2024-07-16 13:08:04', 'ffad99de-9867-44b7-9296-57d3bb69213b', NULL, '5467b04d-da66-432e-be0c-cc992778851b'),
	('1f2f2b63-1608-40f6-8ba2-0b504890e2e6', 'OPEN', 0, '2024-07-14 23:51:58', '2024-07-14 23:51:58', '158861f1-9d9a-47f6-97d3-547f5d6809cc', NULL, '6ef72498-a4a1-41d6-a506-abd34fce0383'),
	('1fb55180-3eb5-4f83-b68d-58e58df2db8c', 'OPEN', 0, '2024-07-12 16:29:30', '2024-07-12 16:29:30', '158861f1-9d9a-47f6-97d3-547f5d6809cc', NULL, 'efe66ac3-2015-49a9-871e-9c093b916a07'),
	('2407f0c4-e85e-4c3a-8f30-5f1e55cb892e', 'OPEN', 0, '2024-07-16 00:01:26', '2024-07-16 00:01:26', '2ae09f3f-2416-4bc5-84c9-545b717bb499', NULL, 'd3ed0d4c-35c2-46d1-b087-e53915a471f6'),
	('25718f76-f8a2-4e98-8ffe-262173cde484', 'OPEN', 0, '2024-07-16 00:01:26', '2024-07-16 00:01:26', '2ae09f3f-2416-4bc5-84c9-545b717bb499', NULL, '0bfff780-e7c0-4cad-9607-dcbebd64f915'),
	('25b41b5f-9315-4992-aad1-6e57bcc4af60', 'OPEN', 0, '2024-07-16 00:01:26', '2024-07-16 00:01:26', '2ae09f3f-2416-4bc5-84c9-545b717bb499', NULL, 'fdffdb6d-df86-4e79-8223-0fa67fbfa875'),
	('283bc533-0682-4a0d-a435-1edfa14214a6', 'OPEN', 0, '2024-07-16 13:08:04', '2024-07-16 13:08:04', 'ffad99de-9867-44b7-9296-57d3bb69213b', NULL, 'cfb24c49-b5e2-486d-a04d-97d1042c48e9'),
	('2c8873e1-fd18-4e72-aa9e-dd71ff14d18f', 'OPEN', 0, '2024-07-14 23:51:58', '2024-07-14 23:51:58', '158861f1-9d9a-47f6-97d3-547f5d6809cc', NULL, '96363708-4ba2-4896-a014-b6e387658520'),
	('2cb502f1-97f0-4a0b-85e3-bbf5193ccb9d', 'OPEN', 0, '2024-07-16 13:08:04', '2024-07-16 13:08:04', 'ffad99de-9867-44b7-9296-57d3bb69213b', NULL, 'f9038ad7-77ca-41d3-818a-b66bee1675c8'),
	('2de37cac-38b8-4684-a9f3-7e841665a8bc', 'OPEN', 0, '2024-07-14 23:51:58', '2024-07-14 23:51:58', '158861f1-9d9a-47f6-97d3-547f5d6809cc', NULL, 'f9038ad7-77ca-41d3-818a-b66bee1675c8'),
	('2f6f827f-69f4-447c-be54-96f45490f461', 'OPEN', 0, '2024-07-14 23:51:58', '2024-07-14 23:51:58', '158861f1-9d9a-47f6-97d3-547f5d6809cc', NULL, '429ac8bc-9441-4a53-bde9-a829f6141b20'),
	('2fc1d349-bed7-4036-a8e3-865ffc91e295', 'OPEN', 0, '2024-07-16 00:01:26', '2024-07-16 00:01:26', '2ae09f3f-2416-4bc5-84c9-545b717bb499', NULL, '6c223a7c-54c9-4d62-a930-2eb61231c269'),
	('35201b6f-d691-4388-8b26-1dd44bb51b4a', 'OPEN', 0, '2024-07-14 23:51:58', '2024-07-14 23:51:58', '158861f1-9d9a-47f6-97d3-547f5d6809cc', NULL, 'd999e1c0-0a62-43e2-b3e4-d84f67d47e3d'),
	('35f3015a-f3ca-44a3-a8bf-c77ace17fb98', 'OPEN', 0, '2024-07-16 00:01:26', '2024-07-16 00:01:26', '2ae09f3f-2416-4bc5-84c9-545b717bb499', NULL, '30d9ff6b-bf26-46ec-b451-c5f7a15c4d05'),
	('39feb4e3-ef25-4ade-a214-9aea5c0b533f', 'OPEN', 0, '2024-07-16 13:08:04', '2024-07-16 13:08:04', 'ffad99de-9867-44b7-9296-57d3bb69213b', NULL, 'cc031ce9-1d03-40e1-97f8-cb623597ef00'),
	('3cd52682-cd01-4922-929f-800e54f8f95c', 'OPEN', 0, '2024-07-16 13:08:04', '2024-07-16 13:08:04', 'ffad99de-9867-44b7-9296-57d3bb69213b', NULL, '2c1dd628-6ac2-48d9-86cf-0e3ca2c06406'),
	('3ecfc015-a5fc-46d2-aa1d-077b70e6c97b', 'OPEN', 0, '2024-07-14 23:51:58', '2024-07-14 23:51:58', '158861f1-9d9a-47f6-97d3-547f5d6809cc', NULL, '2ce81865-b0a4-4b5c-ac02-50a4e0f7713e'),
	('4043b0e1-38dd-40ca-a377-2c0028196b57', 'OPEN', 0, '2024-07-14 23:51:58', '2024-07-14 23:51:58', '158861f1-9d9a-47f6-97d3-547f5d6809cc', NULL, '6c223a7c-54c9-4d62-a930-2eb61231c269'),
	('45dc58bc-f9f3-4c4d-ac30-af49fc357a5d', 'OPEN', 0, '2024-07-16 00:01:26', '2024-07-16 00:01:26', '2ae09f3f-2416-4bc5-84c9-545b717bb499', NULL, '6ef72498-a4a1-41d6-a506-abd34fce0383'),
	('477a58da-b8ea-4659-9e3c-c1a6d39f9363', 'OPEN', 0, '2024-07-16 13:08:04', '2024-07-16 13:08:04', 'ffad99de-9867-44b7-9296-57d3bb69213b', NULL, '656a9eca-e856-4734-acff-1db578672a76'),
	('48ce0c2f-c7b4-4c8e-8c8f-94056b709042', 'OPEN', 0, '2024-07-16 00:01:26', '2024-07-16 00:01:26', '2ae09f3f-2416-4bc5-84c9-545b717bb499', NULL, '8a99760c-016e-4e7f-a9e5-bccf8642b20c'),
	('4c5b75c6-80ff-4388-bcdc-122d4d3a8f31', 'OPEN', 0, '2024-07-14 23:51:58', '2024-07-14 23:51:58', '158861f1-9d9a-47f6-97d3-547f5d6809cc', NULL, '6a95324b-1bd8-476e-ae86-f2b75929bf37'),
	('4fdf3fcf-4075-4d02-a6f1-cd7ed1d06376', 'OPEN', 0, '2024-07-16 00:01:26', '2024-07-16 00:01:26', '2ae09f3f-2416-4bc5-84c9-545b717bb499', NULL, 'cc031ce9-1d03-40e1-97f8-cb623597ef00'),
	('52ee2ede-21ba-49fa-be91-4c22a436839c', 'OPEN', 0, '2024-07-16 00:01:26', '2024-07-16 00:01:26', '2ae09f3f-2416-4bc5-84c9-545b717bb499', NULL, '27f8370b-3b09-4095-a679-44da909c10d1'),
	('54f0fb08-21b2-4138-ba6d-6908bfa982fb', 'OPEN', 0, '2024-07-14 23:51:58', '2024-07-14 23:51:58', '158861f1-9d9a-47f6-97d3-547f5d6809cc', NULL, 'adbde842-ca27-4e06-828c-8be332b6a409'),
	('560930b3-f1cf-4443-a4c3-adf79112cdff', 'OPEN', 0, '2024-07-14 23:51:58', '2024-07-14 23:51:58', '158861f1-9d9a-47f6-97d3-547f5d6809cc', NULL, 'fd99c3e9-744d-4f7f-b18b-01d7e28b7645'),
	('561ae3d2-a450-4573-9434-ad113d4180f3', 'OPEN', 0, '2024-07-16 13:08:04', '2024-07-16 13:08:04', 'ffad99de-9867-44b7-9296-57d3bb69213b', NULL, '10fae7fe-038b-4e97-9904-6f68b1b1c599'),
	('5820a5dd-4fad-4907-89ed-82576cfa4780', 'OPEN', 0, '2024-07-16 13:08:05', '2024-07-16 13:08:05', 'ffad99de-9867-44b7-9296-57d3bb69213b', NULL, 'd3ed0d4c-35c2-46d1-b087-e53915a471f6'),
	('595ccf1c-3864-4640-ba55-d7702a63216a', 'OPEN', 0, '2024-07-16 00:01:26', '2024-07-16 00:01:26', '2ae09f3f-2416-4bc5-84c9-545b717bb499', NULL, '9c03eda3-3ce9-457b-9e02-4f3bed360797'),
	('5b7cde71-6532-4198-86f6-2bcb9fc254fd', 'OPEN', 0, '2024-07-16 13:08:04', '2024-07-16 13:08:04', 'ffad99de-9867-44b7-9296-57d3bb69213b', NULL, '96363708-4ba2-4896-a014-b6e387658520'),
	('5b863e54-f21b-4d59-b53b-6672b082ae19', 'OPEN', 0, '2024-07-14 23:51:58', '2024-07-14 23:51:58', '158861f1-9d9a-47f6-97d3-547f5d6809cc', NULL, 'f0e70769-0b12-49a2-8770-1b42742d4b80'),
	('5ff3b607-dce9-4033-94c6-5c02b8b41d08', 'OPEN', 0, '2024-07-16 00:01:26', '2024-07-16 00:01:26', '2ae09f3f-2416-4bc5-84c9-545b717bb499', NULL, '8a7380af-72f9-40d9-b731-da820da5b57c'),
	('61f5da9f-13ca-4f04-ad85-3d6241bc9e0a', 'OPEN', 0, '2024-07-16 00:01:26', '2024-07-16 00:01:26', '2ae09f3f-2416-4bc5-84c9-545b717bb499', NULL, '8d4ad0b6-2452-4483-a863-e41f0596a693'),
	('61fa0b86-d6c5-4e04-995a-fa62177e3ac5', 'OPEN', 0, '2024-07-16 13:08:04', '2024-07-16 13:08:04', 'ffad99de-9867-44b7-9296-57d3bb69213b', NULL, '6a95324b-1bd8-476e-ae86-f2b75929bf37'),
	('62aa3230-935e-46df-97c3-68f1e9e63266', 'OPEN', 0, '2024-07-14 23:51:58', '2024-07-14 23:51:58', '158861f1-9d9a-47f6-97d3-547f5d6809cc', NULL, '9b087793-3796-4435-b557-20e0450ac93f'),
	('649a3139-c236-4af6-a8b9-2078fa9446e6', 'OPEN', 0, '2024-07-14 23:51:58', '2024-07-14 23:51:58', '158861f1-9d9a-47f6-97d3-547f5d6809cc', NULL, 'ce7c069d-1bb7-4a9e-bb0a-c53aa2c6675b'),
	('66e01f2f-43f7-4adf-b865-b47aa61532b4', 'OPEN', 0, '2024-07-14 23:51:58', '2024-07-14 23:51:58', '158861f1-9d9a-47f6-97d3-547f5d6809cc', NULL, 'd0b142ae-89ad-4bd6-9500-d60a966ffe0a'),
	('686f26e8-2215-435d-b17a-44cc26374805', 'OPEN', 0, '2024-07-16 00:01:26', '2024-07-16 00:01:26', '2ae09f3f-2416-4bc5-84c9-545b717bb499', NULL, '2ce81865-b0a4-4b5c-ac02-50a4e0f7713e'),
	('6bdef76d-3535-4473-8e0b-bf9ed7a5248a', 'OPEN', 0, '2024-07-16 00:01:26', '2024-07-16 00:01:26', '2ae09f3f-2416-4bc5-84c9-545b717bb499', NULL, '9f7515bb-6b2d-48b2-921e-5dbeb63e850c'),
	('6ca1a379-e11b-4761-be97-45c52d0c3e76', 'OPEN', 0, '2024-07-16 13:08:05', '2024-07-16 13:08:05', 'ffad99de-9867-44b7-9296-57d3bb69213b', NULL, '2ce81865-b0a4-4b5c-ac02-50a4e0f7713e'),
	('70d8e797-209f-4438-b303-77ab4c636b90', 'OPEN', 0, '2024-07-16 13:08:04', '2024-07-16 13:08:04', 'ffad99de-9867-44b7-9296-57d3bb69213b', NULL, '865186f5-ac2a-4105-9ce5-3edfe59f0132'),
	('72c6fbc0-5756-496b-b15d-56550f57920e', 'OPEN', 0, '2024-07-16 13:08:04', '2024-07-16 13:08:04', 'ffad99de-9867-44b7-9296-57d3bb69213b', NULL, '27f8370b-3b09-4095-a679-44da909c10d1'),
	('73009f2d-d9aa-48ee-bad2-ac5af9139b18', 'OPEN', 0, '2024-07-16 00:01:26', '2024-07-16 00:01:26', '2ae09f3f-2416-4bc5-84c9-545b717bb499', NULL, '2c1dd628-6ac2-48d9-86cf-0e3ca2c06406'),
	('783b5d84-2692-4bf3-b111-44f4cc7366fc', 'OPEN', 0, '2024-07-14 23:51:58', '2024-07-14 23:51:58', '158861f1-9d9a-47f6-97d3-547f5d6809cc', NULL, '10fae7fe-038b-4e97-9904-6f68b1b1c599'),
	('786c276b-da30-455b-81ab-672422639363', 'OPEN', 0, '2024-07-16 00:01:26', '2024-07-16 00:01:26', '2ae09f3f-2416-4bc5-84c9-545b717bb499', NULL, '656a9eca-e856-4734-acff-1db578672a76'),
	('79faaf8d-5ef7-4039-99db-b2cff4c2955b', 'OPEN', 0, '2024-07-16 00:01:26', '2024-07-16 00:01:26', '2ae09f3f-2416-4bc5-84c9-545b717bb499', NULL, 'fd99c3e9-744d-4f7f-b18b-01d7e28b7645'),
	('7aec6e2a-aae0-4b32-bc1c-2276eb50e166', 'OPEN', 0, '2024-07-14 23:51:58', '2024-07-14 23:51:58', '158861f1-9d9a-47f6-97d3-547f5d6809cc', NULL, '9c03eda3-3ce9-457b-9e02-4f3bed360797'),
	('7b8389bc-6942-4265-926f-a28cbb28c322', 'OPEN', 0, '2024-07-16 13:08:04', '2024-07-16 13:08:04', 'ffad99de-9867-44b7-9296-57d3bb69213b', NULL, 'ceff764f-29b4-490b-8833-4c02f6b30b1b'),
	('7cca080e-bc17-49d8-a2eb-e584fd772bfb', 'OPEN', 0, '2024-07-14 23:51:58', '2024-07-14 23:51:58', '158861f1-9d9a-47f6-97d3-547f5d6809cc', NULL, 'fbd763e6-2d6b-4ec4-9923-99cb9afba8d7'),
	('814eee1b-6d35-481d-9641-6c82b8038c6a', 'OPEN', 0, '2024-07-16 13:08:05', '2024-07-16 13:08:05', 'ffad99de-9867-44b7-9296-57d3bb69213b', NULL, '429ac8bc-9441-4a53-bde9-a829f6141b20'),
	('8af55938-5a7a-4ebe-8c47-80510aafcb8e', 'OPEN', 0, '2024-07-16 00:01:26', '2024-07-16 00:01:26', '2ae09f3f-2416-4bc5-84c9-545b717bb499', NULL, '0439d4bb-b2f0-4315-966b-6039220d174b'),
	('8c126022-13b4-4932-bc98-cc8760f1dd53', 'OPEN', 0, '2024-07-16 00:01:26', '2024-07-16 00:01:26', '2ae09f3f-2416-4bc5-84c9-545b717bb499', NULL, 'f0e70769-0b12-49a2-8770-1b42742d4b80'),
	('8d491d70-df7a-47d1-a017-f73bab682c02', 'OPEN', 0, '2024-07-16 00:01:26', '2024-07-16 00:01:26', '2ae09f3f-2416-4bc5-84c9-545b717bb499', NULL, 'ceff764f-29b4-490b-8833-4c02f6b30b1b'),
	('8e481818-4eaf-4bd6-9095-7b1dbe613413', 'OPEN', 0, '2024-07-14 23:51:58', '2024-07-14 23:51:58', '158861f1-9d9a-47f6-97d3-547f5d6809cc', NULL, 'd26e6ce6-dcc2-44a8-b3ac-75a8a8ca9790'),
	('8e9bd169-6cee-4ac7-8843-51d4cd6bc864', 'OPEN', 0, '2024-07-14 23:51:58', '2024-07-14 23:51:58', '158861f1-9d9a-47f6-97d3-547f5d6809cc', NULL, '0bfff780-e7c0-4cad-9607-dcbebd64f915'),
	('90a030c7-4784-412f-a5ac-f01601b81338', 'OPEN', 0, '2024-07-16 13:08:05', '2024-07-16 13:08:05', 'ffad99de-9867-44b7-9296-57d3bb69213b', NULL, '57faa2d9-aa20-45f5-acd6-29fbd22d18a3'),
	('91228048-fd2f-458a-96b2-1c1a2217900f', 'OPEN', 0, '2024-07-14 23:51:58', '2024-07-14 23:51:58', '158861f1-9d9a-47f6-97d3-547f5d6809cc', NULL, '8d4ad0b6-2452-4483-a863-e41f0596a693'),
	('91f6628d-ab36-4e3f-8c96-7db9227b4365', 'OPEN', 0, '2024-07-16 13:08:05', '2024-07-16 13:08:05', 'ffad99de-9867-44b7-9296-57d3bb69213b', NULL, '9b087793-3796-4435-b557-20e0450ac93f'),
	('9266c1bf-ffda-4f2f-9c02-b04b10b3d4c2', 'OPEN', 0, '2024-07-14 23:51:58', '2024-07-14 23:51:58', '158861f1-9d9a-47f6-97d3-547f5d6809cc', NULL, 'cc031ce9-1d03-40e1-97f8-cb623597ef00'),
	('95db320b-2836-4827-b66b-b7d06383d191', 'OPEN', 0, '2024-07-16 00:01:26', '2024-07-16 00:01:26', '2ae09f3f-2416-4bc5-84c9-545b717bb499', NULL, 'fbd763e6-2d6b-4ec4-9923-99cb9afba8d7'),
	('97d6ce82-a47d-4698-892d-b5d2863244b4', 'OPEN', 0, '2024-07-16 13:08:04', '2024-07-16 13:08:04', 'ffad99de-9867-44b7-9296-57d3bb69213b', NULL, 'fd99c3e9-744d-4f7f-b18b-01d7e28b7645'),
	('98c53828-f268-435b-83ae-1e98b3f4e62c', 'OPEN', 0, '2024-07-14 23:51:58', '2024-07-14 23:51:58', '158861f1-9d9a-47f6-97d3-547f5d6809cc', NULL, '27f8370b-3b09-4095-a679-44da909c10d1'),
	('9c56c1fd-a6cc-4b81-a6ac-140ec12f1904', 'OPEN', 0, '2024-07-14 23:51:58', '2024-07-14 23:51:58', '158861f1-9d9a-47f6-97d3-547f5d6809cc', NULL, '9071d7c2-c0ef-49d2-bf5b-cc45a8f3f32a'),
	('9e966efb-1208-4489-94d4-dc2b459b7e2f', 'OPEN', 0, '2024-07-16 13:08:04', '2024-07-16 13:08:04', 'ffad99de-9867-44b7-9296-57d3bb69213b', NULL, 'f3bd80f7-3fea-438b-bd1e-8263174da6d8'),
	('9eaeb4c0-db5e-46b1-a783-85c96a23be93', 'OPEN', 0, '2024-07-14 23:51:58', '2024-07-14 23:51:58', '158861f1-9d9a-47f6-97d3-547f5d6809cc', NULL, 'fa12b4b9-f663-4b3a-a634-87ecd23510dd'),
	('9f1e1262-5219-44b1-9aaf-5f63296fce2c', 'OPEN', 0, '2024-07-16 13:08:05', '2024-07-16 13:08:05', 'ffad99de-9867-44b7-9296-57d3bb69213b', NULL, '0e0212be-0bbc-401f-8565-8a78b56a03fe'),
	('a32443bf-cda0-4c9f-a42a-d2835d7d19ce', 'OPEN', 0, '2024-07-16 13:08:04', '2024-07-16 13:08:04', 'ffad99de-9867-44b7-9296-57d3bb69213b', NULL, 'f194e594-91ec-4277-870d-317053574dd8'),
	('a3a7fc4d-379c-4579-9d40-a0280a3e2fdc', 'OPEN', 0, '2024-07-14 23:51:58', '2024-07-14 23:51:58', '158861f1-9d9a-47f6-97d3-547f5d6809cc', NULL, '865186f5-ac2a-4105-9ce5-3edfe59f0132'),
	('a4b06960-7294-4724-903e-52e41fdbe899', 'OPEN', 0, '2024-07-16 00:01:26', '2024-07-16 00:01:26', '2ae09f3f-2416-4bc5-84c9-545b717bb499', NULL, '6a95324b-1bd8-476e-ae86-f2b75929bf37'),
	('a5bf5c7b-3260-42aa-8253-9f2589c16970', 'OPEN', 0, '2024-07-14 23:51:58', '2024-07-14 23:51:58', '158861f1-9d9a-47f6-97d3-547f5d6809cc', NULL, '444a326e-28b5-4065-a851-fa9c16f6ec39'),
	('a83a4dd0-1662-4958-a143-6abea119a6ae', 'OPEN', 0, '2024-07-16 00:01:26', '2024-07-16 00:01:26', '2ae09f3f-2416-4bc5-84c9-545b717bb499', NULL, '50209483-d518-4d3a-b15c-6c8f3e7631c3'),
	('a9910d8a-8be9-48c0-ac68-9691020f7e0a', 'OPEN', 0, '2024-07-16 13:08:04', '2024-07-16 13:08:04', 'ffad99de-9867-44b7-9296-57d3bb69213b', NULL, 'fdffdb6d-df86-4e79-8223-0fa67fbfa875'),
	('ad6b5bdc-3e47-4343-85ef-b4cd8d774844', 'OPEN', 0, '2024-07-16 00:01:26', '2024-07-16 00:01:26', '2ae09f3f-2416-4bc5-84c9-545b717bb499', NULL, 'bd80ff74-8d4f-4840-a464-6b7827790cb8'),
	('af4df51b-3ed5-4c5a-bdc9-883c9c0f4526', 'OPEN', 0, '2024-07-16 13:08:04', '2024-07-16 13:08:04', 'ffad99de-9867-44b7-9296-57d3bb69213b', NULL, 'd999e1c0-0a62-43e2-b3e4-d84f67d47e3d'),
	('b0b855cd-9c24-49c3-9624-da4f97f470a0', 'OPEN', 0, '2024-07-16 13:08:04', '2024-07-16 13:08:04', 'ffad99de-9867-44b7-9296-57d3bb69213b', NULL, '50209483-d518-4d3a-b15c-6c8f3e7631c3'),
	('b1989436-051d-49b1-9bdd-c7c6de2c80df', 'OPEN', 0, '2024-07-16 00:01:26', '2024-07-16 00:01:26', '2ae09f3f-2416-4bc5-84c9-545b717bb499', NULL, '10fae7fe-038b-4e97-9904-6f68b1b1c599'),
	('b66f405b-49eb-4f5b-ac2e-2540f58d2d2c', 'OPEN', 0, '2024-07-16 13:08:05', '2024-07-16 13:08:05', 'ffad99de-9867-44b7-9296-57d3bb69213b', NULL, 'adbde842-ca27-4e06-828c-8be332b6a409'),
	('b89f5b3a-11a4-4a6c-a026-0d6f1e987b99', 'OPEN', 0, '2024-07-14 23:51:58', '2024-07-14 23:51:58', '158861f1-9d9a-47f6-97d3-547f5d6809cc', NULL, '0e0212be-0bbc-401f-8565-8a78b56a03fe'),
	('ba3071f2-b368-4da0-b8f0-fabfd1ea42be', 'OPEN', 0, '2024-07-14 23:51:58', '2024-07-14 23:51:58', '158861f1-9d9a-47f6-97d3-547f5d6809cc', NULL, '8a99760c-016e-4e7f-a9e5-bccf8642b20c'),
	('ba7af7c6-0ac1-40dc-9e0a-1245042d7d8a', 'OPEN', 0, '2024-07-16 00:01:26', '2024-07-16 00:01:26', '2ae09f3f-2416-4bc5-84c9-545b717bb499', NULL, '5467b04d-da66-432e-be0c-cc992778851b'),
	('beb4e5ab-a9bb-4d82-b2d1-34678de16f00', 'OPEN', 0, '2024-07-16 00:01:26', '2024-07-16 00:01:26', '2ae09f3f-2416-4bc5-84c9-545b717bb499', NULL, 'f194e594-91ec-4277-870d-317053574dd8'),
	('bf42e8ba-4fa5-43cf-9a01-fb2e91cf8890', 'OPEN', 0, '2024-07-16 13:08:05', '2024-07-16 13:08:05', 'ffad99de-9867-44b7-9296-57d3bb69213b', NULL, '6c223a7c-54c9-4d62-a930-2eb61231c269'),
	('bfd27455-74ab-48f4-b66f-26af3da0847b', 'OPEN', 0, '2024-07-16 13:08:05', '2024-07-16 13:08:05', 'ffad99de-9867-44b7-9296-57d3bb69213b', NULL, 'fa12b4b9-f663-4b3a-a634-87ecd23510dd'),
	('c0ceca21-48b1-43cc-b3f8-7d4419fbdf81', 'OPEN', 0, '2024-07-16 00:01:26', '2024-07-16 00:01:26', '2ae09f3f-2416-4bc5-84c9-545b717bb499', NULL, 'c3d60748-782e-4895-8153-f43e84593201'),
	('c1c37f1b-66d7-471f-a4b9-db50f54f18ad', 'OPEN', 0, '2024-07-14 23:51:58', '2024-07-14 23:51:58', '158861f1-9d9a-47f6-97d3-547f5d6809cc', NULL, 'f1e87096-3bbe-4cfc-b7bc-5fa40868a73c'),
	('c1f4233c-5181-4b82-8e4f-1989f54b4d35', 'OPEN', 0, '2024-07-14 23:51:58', '2024-07-14 23:51:58', '158861f1-9d9a-47f6-97d3-547f5d6809cc', NULL, '50209483-d518-4d3a-b15c-6c8f3e7631c3'),
	('c20eaaf8-c690-478a-b8c5-ec64a7f1bd0e', 'OPEN', 0, '2024-07-16 00:01:26', '2024-07-16 00:01:26', '2ae09f3f-2416-4bc5-84c9-545b717bb499', NULL, 'fa12b4b9-f663-4b3a-a634-87ecd23510dd'),
	('c39e6fe2-fb92-42c6-ad93-30b4f687142e', 'OPEN', 0, '2024-07-14 23:51:58', '2024-07-14 23:51:58', '158861f1-9d9a-47f6-97d3-547f5d6809cc', NULL, '2d31e070-59b3-48e3-a267-7342127ceba1'),
	('c4dda42f-e987-4d01-8a9d-332e0748391e', 'OPEN', 0, '2024-07-16 13:08:04', '2024-07-16 13:08:04', 'ffad99de-9867-44b7-9296-57d3bb69213b', NULL, '0bfff780-e7c0-4cad-9607-dcbebd64f915'),
	('c54c0277-b1a9-4322-a208-c489c0da54f5', 'OPEN', 0, '2024-07-16 13:08:04', '2024-07-16 13:08:04', 'ffad99de-9867-44b7-9296-57d3bb69213b', NULL, '2d31e070-59b3-48e3-a267-7342127ceba1'),
	('c88ec4df-2ce0-4ec7-929c-ad6fbf5318eb', 'OPEN', 0, '2024-07-16 00:01:26', '2024-07-16 00:01:26', '2ae09f3f-2416-4bc5-84c9-545b717bb499', NULL, 'adbde842-ca27-4e06-828c-8be332b6a409'),
	('c9d3f0f0-1442-43d9-adba-91b3a1caab2f', 'OPEN', 0, '2024-07-14 23:51:58', '2024-07-14 23:51:58', '158861f1-9d9a-47f6-97d3-547f5d6809cc', NULL, '23b50a35-8962-4ac8-bdbc-84b9070f2b89'),
	('ca305a3d-fddf-4c7a-a6af-d66209ae1d87', 'OPEN', 0, '2024-07-16 13:08:04', '2024-07-16 13:08:04', 'ffad99de-9867-44b7-9296-57d3bb69213b', NULL, 'ce7c069d-1bb7-4a9e-bb0a-c53aa2c6675b'),
	('cbfd8fc0-e0cf-4de2-beb5-d42d3842e8c6', 'OPEN', 0, '2024-07-16 00:01:26', '2024-07-16 00:01:26', '2ae09f3f-2416-4bc5-84c9-545b717bb499', NULL, '0e0212be-0bbc-401f-8565-8a78b56a03fe'),
	('cc84fec4-13dc-42a9-988b-2f25eca56fcb', 'OPEN', 0, '2024-07-14 23:51:58', '2024-07-14 23:51:58', '158861f1-9d9a-47f6-97d3-547f5d6809cc', NULL, 'c3d60748-782e-4895-8153-f43e84593201'),
	('cd8f6fa7-c683-431c-a834-caca09594339', 'OPEN', 0, '2024-07-16 13:08:04', '2024-07-16 13:08:04', 'ffad99de-9867-44b7-9296-57d3bb69213b', NULL, '9071d7c2-c0ef-49d2-bf5b-cc45a8f3f32a'),
	('d057f2a3-2278-498b-ad9c-0fc2adac7a06', 'OPEN', 0, '2024-07-16 00:01:26', '2024-07-16 00:01:26', '2ae09f3f-2416-4bc5-84c9-545b717bb499', NULL, '9071d7c2-c0ef-49d2-bf5b-cc45a8f3f32a'),
	('d2de7f12-8a50-4144-b304-6d45c31323fa', 'OPEN', 0, '2024-07-14 23:51:58', '2024-07-14 23:51:58', '158861f1-9d9a-47f6-97d3-547f5d6809cc', NULL, 'f3bd80f7-3fea-438b-bd1e-8263174da6d8'),
	('d3462148-4e5f-41ca-9906-2f315d09f3ab', 'OPEN', 0, '2024-07-14 23:51:58', '2024-07-14 23:51:58', '158861f1-9d9a-47f6-97d3-547f5d6809cc', NULL, '30d9ff6b-bf26-46ec-b451-c5f7a15c4d05'),
	('d3490592-5edc-42c0-908d-d9f1cb2a7b6c', 'OPEN', 0, '2024-07-14 23:51:58', '2024-07-14 23:51:58', '158861f1-9d9a-47f6-97d3-547f5d6809cc', NULL, 'f194e594-91ec-4277-870d-317053574dd8'),
	('d3fc8150-f33b-4368-beda-b9bed3445c97', 'OPEN', 0, '2024-07-16 00:01:26', '2024-07-16 00:01:26', '2ae09f3f-2416-4bc5-84c9-545b717bb499', NULL, '429ac8bc-9441-4a53-bde9-a829f6141b20'),
	('d7f39384-9155-40fa-8311-84c533d27d3f', 'OPEN', 0, '2024-07-16 13:08:04', '2024-07-16 13:08:04', 'ffad99de-9867-44b7-9296-57d3bb69213b', NULL, 'd26e6ce6-dcc2-44a8-b3ac-75a8a8ca9790'),
	('d8813dec-df34-49d7-b625-6d84dda695f5', 'OPEN', 0, '2024-07-16 13:08:04', '2024-07-16 13:08:04', 'ffad99de-9867-44b7-9296-57d3bb69213b', NULL, '9f7515bb-6b2d-48b2-921e-5dbeb63e850c'),
	('dcdc53c5-8feb-4925-af31-952dd79412f6', 'OPEN', 0, '2024-07-14 23:51:58', '2024-07-14 23:51:58', '158861f1-9d9a-47f6-97d3-547f5d6809cc', NULL, 'd3ed0d4c-35c2-46d1-b087-e53915a471f6'),
	('df29db89-1c7d-4a89-8659-7be82fb1c08a', 'OPEN', 0, '2024-07-14 23:51:58', '2024-07-14 23:51:58', '158861f1-9d9a-47f6-97d3-547f5d6809cc', NULL, '5467b04d-da66-432e-be0c-cc992778851b'),
	('e04d14c3-24d5-46a2-b3c0-080dc3f684b2', 'OPEN', 0, '2024-07-14 23:51:58', '2024-07-14 23:51:58', '158861f1-9d9a-47f6-97d3-547f5d6809cc', NULL, '0439d4bb-b2f0-4315-966b-6039220d174b'),
	('e0a57eaa-f25d-432b-9517-c27de6889b98', 'OPEN', 0, '2024-07-16 13:08:04', '2024-07-16 13:08:04', 'ffad99de-9867-44b7-9296-57d3bb69213b', NULL, 'f1e87096-3bbe-4cfc-b7bc-5fa40868a73c'),
	('e1d2c8fc-91ba-43d3-9b78-2f5fd0d47df7', 'OPEN', 0, '2024-07-16 00:01:26', '2024-07-16 00:01:26', '2ae09f3f-2416-4bc5-84c9-545b717bb499', NULL, '9b087793-3796-4435-b557-20e0450ac93f'),
	('e2cb0f91-c6c0-43b3-9965-40126c3a3b21', 'OPEN', 0, '2024-07-16 13:08:04', '2024-07-16 13:08:04', 'ffad99de-9867-44b7-9296-57d3bb69213b', NULL, '6ef72498-a4a1-41d6-a506-abd34fce0383'),
	('e462b694-2e8a-4b27-ac64-a43893857166', 'OPEN', 0, '2024-07-16 00:01:26', '2024-07-16 00:01:26', '2ae09f3f-2416-4bc5-84c9-545b717bb499', NULL, 'f1e87096-3bbe-4cfc-b7bc-5fa40868a73c'),
	('e4c80194-49ba-43b4-86a4-eb630f431a84', 'OPEN', 0, '2024-07-16 00:01:26', '2024-07-16 00:01:26', '2ae09f3f-2416-4bc5-84c9-545b717bb499', NULL, 'f9038ad7-77ca-41d3-818a-b66bee1675c8'),
	('e5d18d45-1c94-4900-abdd-7da7a190c1c6', 'OPEN', 0, '2024-07-16 13:08:04', '2024-07-16 13:08:04', 'ffad99de-9867-44b7-9296-57d3bb69213b', NULL, 'c3d60748-782e-4895-8153-f43e84593201'),
	('e7967df9-e28a-4a56-ac9c-d38d0ced3ec7', 'OPEN', 0, '2024-07-16 00:01:26', '2024-07-16 00:01:26', '2ae09f3f-2416-4bc5-84c9-545b717bb499', NULL, '96363708-4ba2-4896-a014-b6e387658520'),
	('e7da0bf6-a2b8-4e01-88ee-b5e798aab60d', 'OPEN', 0, '2024-07-16 13:08:04', '2024-07-16 13:08:04', 'ffad99de-9867-44b7-9296-57d3bb69213b', NULL, '6f6d3263-6081-421e-8b8f-fd8a23ea747f'),
	('e7ee3559-75eb-4b8f-8652-5d9f13131abd', 'OPEN', 0, '2024-07-16 13:08:04', '2024-07-16 13:08:04', 'ffad99de-9867-44b7-9296-57d3bb69213b', NULL, '444a326e-28b5-4065-a851-fa9c16f6ec39'),
	('e8f0a6c1-8567-40d6-a104-f25e7b28e1ba', 'OPEN', 0, '2024-07-16 00:01:26', '2024-07-16 00:01:26', '2ae09f3f-2416-4bc5-84c9-545b717bb499', NULL, 'ce7c069d-1bb7-4a9e-bb0a-c53aa2c6675b'),
	('e93a13a5-713f-4033-b294-fe3fecfab816', 'OPEN', 0, '2024-07-16 00:01:26', '2024-07-16 00:01:26', '2ae09f3f-2416-4bc5-84c9-545b717bb499', NULL, 'd999e1c0-0a62-43e2-b3e4-d84f67d47e3d'),
	('e9710796-bbc8-4ab3-a399-955cb1387034', 'OPEN', 0, '2024-07-14 23:51:58', '2024-07-14 23:51:58', '158861f1-9d9a-47f6-97d3-547f5d6809cc', NULL, '2c1dd628-6ac2-48d9-86cf-0e3ca2c06406'),
	('ea50dc43-063e-4e94-8de2-3f8c0f943d65', 'OPEN', 0, '2024-07-16 13:08:04', '2024-07-16 13:08:04', 'ffad99de-9867-44b7-9296-57d3bb69213b', NULL, 'd0b142ae-89ad-4bd6-9500-d60a966ffe0a'),
	('ec0c31ff-1ebf-4594-9b45-ee65ba1d7fe5', 'OPEN', 0, '2024-07-16 00:01:26', '2024-07-16 00:01:26', '2ae09f3f-2416-4bc5-84c9-545b717bb499', NULL, '23b50a35-8962-4ac8-bdbc-84b9070f2b89'),
	('ee2adda2-17c9-48c9-a750-c6ca1ca86713', 'OPEN', 0, '2024-07-16 13:08:04', '2024-07-16 13:08:04', 'ffad99de-9867-44b7-9296-57d3bb69213b', NULL, '30d9ff6b-bf26-46ec-b451-c5f7a15c4d05'),
	('f466d983-be3f-4321-90d3-3e578ce45d0e', 'OPEN', 0, '2024-07-14 23:51:58', '2024-07-14 23:51:58', '158861f1-9d9a-47f6-97d3-547f5d6809cc', NULL, '6f6d3263-6081-421e-8b8f-fd8a23ea747f'),
	('f4bf6951-22ea-4abe-99a0-7bc802fd301b', 'OPEN', 0, '2024-07-16 13:08:04', '2024-07-16 13:08:04', 'ffad99de-9867-44b7-9296-57d3bb69213b', NULL, '0439d4bb-b2f0-4315-966b-6039220d174b'),
	('f5dd04e8-6921-4a72-b25b-053632ea8e66', 'OPEN', 0, '2024-07-16 13:08:04', '2024-07-16 13:08:04', 'ffad99de-9867-44b7-9296-57d3bb69213b', NULL, 'bd80ff74-8d4f-4840-a464-6b7827790cb8'),
	('f641fe4a-4d49-494e-be36-cd1e158b7473', 'OPEN', 0, '2024-07-16 13:08:04', '2024-07-16 13:08:04', 'ffad99de-9867-44b7-9296-57d3bb69213b', NULL, '8a7380af-72f9-40d9-b731-da820da5b57c'),
	('fc7df8d3-48ef-4e41-a8ac-8497b2976ab1', 'OPEN', 0, '2024-07-16 13:08:04', '2024-07-16 13:08:04', 'ffad99de-9867-44b7-9296-57d3bb69213b', NULL, '23b50a35-8962-4ac8-bdbc-84b9070f2b89'),
	('fd2ce6f6-22bd-401e-b5ca-62588f4d0cd1', 'OPEN', 0, '2024-07-16 13:08:05', '2024-07-16 13:08:05', 'ffad99de-9867-44b7-9296-57d3bb69213b', NULL, '8a99760c-016e-4e7f-a9e5-bccf8642b20c');

-- Dumping data for table manage_graduation_se_iuh.terms: ~5 rows (approximately)
INSERT INTO `terms` (`id`, `name`, `start_date`, `end_date`, `created_at`, `updated_at`, `major_id`) VALUES
	('158861f1-9d9a-47f6-97d3-547f5d6809cc', 'HK3_2023-2024', '2024-06-03 07:00:00', '2024-08-04 07:00:00', '2024-07-12 15:32:50', '2024-07-15 23:36:07', 'e4fe02cb-f2b0-4afa-885d-d1b93130d350'),
	('2ae09f3f-2416-4bc5-84c9-545b717bb499', 'HK1_2023-2024', '2024-07-15 00:00:00', '2024-10-28 00:00:00', '2024-07-15 23:36:45', '2024-07-15 23:36:45', '67530b71-04c2-4178-b85a-bbe54d436bec'),
	('8efb6d80-2a76-4a63-9a75-cd493abfa932', 'HK1_2023-2024', '2023-08-10 07:00:00', '2024-12-20 07:00:00', '2024-07-12 15:31:24', '2024-07-12 15:31:24', 'e4fe02cb-f2b0-4afa-885d-d1b93130d350'),
	('9102d0e2-3a67-44d7-b3e2-e467cf3bbc02', 'HK1_2023-2024', '2024-07-15 00:00:00', '2024-10-28 00:00:00', '2024-07-15 22:21:33', '2024-07-15 22:21:33', '2d1961b7-3ee4-48af-8de9-6eb83d3a235c'),
	('ffad99de-9867-44b7-9296-57d3bb69213b', 'HK2_2023-2024', '2023-12-20 07:00:00', '2024-06-01 07:00:00', '2024-07-12 15:32:11', '2024-07-12 15:32:11', 'e4fe02cb-f2b0-4afa-885d-d1b93130d350');

-- Dumping data for table manage_graduation_se_iuh.term_details: ~25 rows (approximately)
INSERT INTO `term_details` (`id`, `name`, `start_date`, `end_date`, `created_at`, `updated_at`, `term_id`) VALUES
	('083b446a-6c42-4a68-aa29-7edeb8a71d24', 'PUBLIC_RESULT', '2023-12-20 07:00:00', '2024-06-01 07:00:00', '2024-07-12 15:32:11', '2024-07-12 15:32:11', 'ffad99de-9867-44b7-9296-57d3bb69213b'),
	('15163b60-7561-431f-ad33-f01e94bfe2fe', 'DISCUSSION', '2024-06-02 07:00:00', '2024-08-03 07:00:00', '2024-07-12 15:32:50', '2024-07-12 15:32:50', '158861f1-9d9a-47f6-97d3-547f5d6809cc'),
	('1b383533-bde4-47ae-969b-eebc8874a590', 'CHOOSE_GROUP', '2024-06-02 07:00:00', '2024-07-17 23:40:13', '2024-07-12 15:32:50', '2024-07-15 23:40:18', '158861f1-9d9a-47f6-97d3-547f5d6809cc'),
	('1f77575c-731c-4326-be9c-abee4dbab463', 'CHOOSE_TOPIC', '2023-12-20 07:00:00', '2024-06-01 07:00:00', '2024-07-12 15:32:11', '2024-07-12 15:32:11', 'ffad99de-9867-44b7-9296-57d3bb69213b'),
	('2abacea0-5982-49a3-8674-1f1bf3562e06', 'CHOOSE_GROUP', '2024-07-15 00:00:00', '2024-10-28 00:00:00', '2024-07-15 22:21:33', '2024-07-15 22:21:33', '9102d0e2-3a67-44d7-b3e2-e467cf3bbc02'),
	('427e428b-7402-42b9-950a-7c60731c19fa', 'REPORT', '2024-07-15 00:00:00', '2024-10-28 00:00:00', '2024-07-15 23:36:45', '2024-07-15 23:36:45', '2ae09f3f-2416-4bc5-84c9-545b717bb499'),
	('4b1691ec-a64d-4f65-84bc-5b300018c6c5', 'PUBLIC_RESULT', '2024-07-15 00:00:00', '2024-10-28 00:00:00', '2024-07-15 22:21:33', '2024-07-15 22:21:33', '9102d0e2-3a67-44d7-b3e2-e467cf3bbc02'),
	('4edcae40-3ff4-41f8-afb9-f70a39baf9d5', 'CHOOSE_GROUP', '2024-07-15 00:00:00', '2024-10-28 00:00:00', '2024-07-15 23:36:45', '2024-07-15 23:36:45', '2ae09f3f-2416-4bc5-84c9-545b717bb499'),
	('566a3945-f86e-4630-8d46-4ac2569530a3', 'PUBLIC_RESULT', '2024-07-15 00:00:00', '2024-10-28 00:00:00', '2024-07-15 23:36:45', '2024-07-15 23:36:45', '2ae09f3f-2416-4bc5-84c9-545b717bb499'),
	('5b18805b-7953-47ae-aa82-48e30f7786fd', 'DISCUSSION', '2024-07-15 00:00:00', '2024-10-28 00:00:00', '2024-07-15 22:21:33', '2024-07-15 22:21:33', '9102d0e2-3a67-44d7-b3e2-e467cf3bbc02'),
	('5e95d850-7085-4126-90c7-d8634a9ae895', 'REPORT', '2023-12-20 07:00:00', '2024-06-01 07:00:00', '2024-07-12 15:32:11', '2024-07-12 15:32:11', 'ffad99de-9867-44b7-9296-57d3bb69213b'),
	('62db308e-4a84-490f-a314-fde44afbbf9b', 'CHOOSE_GROUP', '2023-12-20 07:00:00', '2024-06-01 07:00:00', '2024-07-12 15:32:11', '2024-07-12 15:32:11', 'ffad99de-9867-44b7-9296-57d3bb69213b'),
	('681bdf71-c1c4-4c87-a423-e9e89d9ab523', 'DISCUSSION', '2023-12-20 07:00:00', '2024-06-01 07:00:00', '2024-07-12 15:32:11', '2024-07-12 15:32:11', 'ffad99de-9867-44b7-9296-57d3bb69213b'),
	('74f1cc4b-c5d1-4911-b12e-47a8858634fa', 'CHOOSE_GROUP', '2023-08-10 07:00:00', '2024-12-20 07:00:00', '2024-07-12 15:31:24', '2024-07-12 15:31:24', '8efb6d80-2a76-4a63-9a75-cd493abfa932'),
	('776f4a9c-5b57-414c-b2d2-bfbcbbab31e9', 'CHOOSE_TOPIC', '2023-08-10 07:00:00', '2024-12-20 07:00:00', '2024-07-12 15:31:24', '2024-07-12 15:31:24', '8efb6d80-2a76-4a63-9a75-cd493abfa932'),
	('77d6c1b3-e589-432b-ac23-05c85f023ff6', 'REPORT', '2023-08-10 07:00:00', '2024-12-20 07:00:00', '2024-07-12 15:31:24', '2024-07-12 15:31:24', '8efb6d80-2a76-4a63-9a75-cd493abfa932'),
	('7b73d6de-ff00-40ca-a9f1-67f48279d208', 'CHOOSE_TOPIC', '2024-07-15 00:00:00', '2024-10-28 00:00:00', '2024-07-15 22:21:33', '2024-07-15 22:21:33', '9102d0e2-3a67-44d7-b3e2-e467cf3bbc02'),
	('83e0c0fd-fce1-404c-ac83-e15ac046d70e', 'DISCUSSION', '2023-08-10 07:00:00', '2024-12-20 07:00:00', '2024-07-12 15:31:24', '2024-07-12 15:31:24', '8efb6d80-2a76-4a63-9a75-cd493abfa932'),
	('c6454748-1e1a-4999-b6fb-6805d589da47', 'CHOOSE_TOPIC', '2024-07-15 00:00:00', '2024-10-28 00:00:00', '2024-07-15 23:36:45', '2024-07-15 23:36:45', '2ae09f3f-2416-4bc5-84c9-545b717bb499'),
	('cb9b004f-e3d2-4c34-abff-bc68ae0b36c6', 'REPORT', '2024-06-02 07:00:00', '2024-08-03 07:00:00', '2024-07-12 15:32:50', '2024-07-12 15:32:50', '158861f1-9d9a-47f6-97d3-547f5d6809cc'),
	('ce72a812-4fb5-48bc-a2d5-0ac2710bfbe7', 'CHOOSE_TOPIC', '2024-06-02 07:00:00', '2024-08-03 07:00:00', '2024-07-12 15:32:50', '2024-07-12 15:32:50', '158861f1-9d9a-47f6-97d3-547f5d6809cc'),
	('da19d36a-e96b-4e87-a2d5-a522a9b79f71', 'PUBLIC_RESULT', '2023-08-10 07:00:00', '2024-12-20 07:00:00', '2024-07-12 15:31:24', '2024-07-12 15:31:24', '8efb6d80-2a76-4a63-9a75-cd493abfa932'),
	('ef9f75ab-9e7e-4c73-bdbc-5b162877a7e3', 'REPORT', '2024-07-15 00:00:00', '2024-10-28 00:00:00', '2024-07-15 22:21:33', '2024-07-15 22:21:33', '9102d0e2-3a67-44d7-b3e2-e467cf3bbc02'),
	('f4eb1c42-41e2-447c-80e0-7ea79dcc3c71', 'PUBLIC_RESULT', '2024-06-02 07:00:00', '2024-08-03 07:00:00', '2024-07-12 15:32:50', '2024-07-12 15:32:50', '158861f1-9d9a-47f6-97d3-547f5d6809cc'),
	('fdb68000-026d-4ccf-8267-ddb38b21c5c3', 'DISCUSSION', '2024-07-15 00:00:00', '2024-10-28 00:00:00', '2024-07-15 23:36:45', '2024-07-15 23:36:45', '2ae09f3f-2416-4bc5-84c9-545b717bb499');

-- Dumping data for table manage_graduation_se_iuh.topics: ~21 rows (approximately)
INSERT INTO `topics` (`id`, `name`, `description`, `quantity_group_max`, `note`, `target`, `standard_output`, `require_input`, `status`, `created_at`, `updated_at`, `lecturer_term_id`) VALUES
	('0d71049a-ec88-4839-81f1-a66efc67aede', 'Ứng dụng quản lý thời gian và công việc trên thiết bị di độn', '<p>- Tìm hiểu cách thức lập trình trên thiết bị di động. - Tìm hiểu khả năng tạo hiệu ứng, âm thanh. - Đóng gói và phân phối ứng dụng trên thiết bị di động. - Mô tả yêu cầu rõ ràng cho ứng dụng, phân tích, thiết kế, cài đặt ứng dụng. - Ứng dụng phải cho phép người dùng quản lý thời gian biểu dễ dàng, tiện lợi, có nhắc nhở.</p>', 5, 'Đủ điều kiện duyệt.', '<p>- Hiểu được cách thức lập trình trên thiết bị di động. - Vận dụng được năng lực lập trình trên thiết bị di động để xây dựng sản phẩm theo tiêu chuẩn công nghiệp.</p>', '<p>A.Sinh viên tham gia đề tài 1) Nắm vững kiến thức, kỹ năng lập trình C#. 2) Có kiến thức, kỹ năng triển khai dự án phần mềm đầy đủ qui trình từ Requirement =&gt; Design =&gt; Coding =&gt; Unit Testing. 3) Có năng lực đầy đủ về lập kế hoạch, theo dõi tiến độ, phân tích các vấn đề phát sinh trong quá trình thực hiện dự án. B.Sản phẩm 1) Tài liệu mô tả yêu cầu. 2) Tài liệu mô tả thiết kế. 3) Tài liệu mô tả thiết kế chi tiết cho chức năng chính. 4) Mã nguồn (được lưu vết định kỳ trên hệ thống quản lý phiên bản như SubVersion hoặc Git; mã nguồn trình bày rõ ràng, dễ hiểu theo tiêu chuẩn đã được thống nhất). 5) Tài liệu mô tả tình huống test và kết quả test cho chức năng chính của dự án. 6) Tài liệu mô tả cách biên dịch, đóng gói và hướng dẫn nâng cấp mã nguồn cho dự án.</p>', '<p>- Đam mê nghiên cứu công nghệ, lập trình trên thiết bị di động. - Có kiến thức lập trình trên thiết bị di động. - Có tinh thần học hỏi và mong muốn làm sản phẩm theo quy trình công nghiệp: tuân thủ tiêu chuẩn khi viết mã nguồn, có hoạt động đảm bảo chất lượng mã nguồn. - Biết cách tìm hiểu nhu cầu thực tế của người dùng. - Có khả năng viết mô tả yêu cầu ứng dụng.</p>', 'APPROVED', '2024-07-16 14:03:03', '2024-07-16 21:02:32', '492cd665-a7e1-4d81-bfe8-984fede65604'),
	('0de47aa2-89d1-44cc-a390-1be7e865a6a7', 'Sàn giao dịch hàng hóa online', '- Khảo sát các website\r\n- Lựa chọn các chức năng cho loại giao dịch\r\n- Tạo sản phẩm với vai trò trung gian giao dịch', 5, 'Xin lỗi, đề tài của bạn không đủ điều kiện để được phép duyệt.', '- Hiểu được vai trò trung gian của sàn giao dịch\r\n- Bảo đảm an toàn giao dịch\r\n- Website cho phép người dùng giao dịch online thuận lợi', 'A.Sinh viên tham gia đề tài.\r\n1) Có khả năng phát triển ứng dụng web.\r\n3) Thực hiện theo qui trình từ Requirement => Design => Coding => Unit Testing.\r\nB.Sản phẩm\r\n1) Có thể sử dụng được, có thể phát triển tiếp\r\n2) Tất cả các giao dịch mua bán đều qua trung gian, tài khoản của sàn\r\n3) Tài liệu Thực hiện theo mẫu đồ án quy định', '- Phân tích nghiệp vụ tốt\r\n- Lập trình web', 'REJECTED', '2024-07-16 14:03:03', '2024-07-16 15:13:30', '3c31ac86-b395-4236-ab1f-8fbdd03cac83'),
	('1391c330-da23-4eec-8cbe-3a694ae52206', 'Website kinh doanh bất động sản', '- Khảo sát các website\r\n- Tạo sản phẩm hỗ trợ cho việc kinh doanh', 5, 'Đủ điều kiện duyệt.', '- Giới Thiệu được công ty, dịch vụ và sản phẩm\r\n- Hỗ trợ cho việc kinh doanh bất động sản', 'A.Sinh viên tham gia đề tài.\r\n1) Có khả năng phát triển ứng dụng web.\r\n3) Thực hiện theo qui trình từ Requirement => Design => Coding => Unit Testing.\r\nB.Sản phẩm\r\n1) Có thể sử dụng được, có thể phát triển tiếp\r\n2) Có chức năng trung gian mua bán, tìm kiếm nâng cao, quản lý đối tác\r\n3) Tài liệu Thực hiện theo mẫu đồ án quy định', '- Có suy nghĩ thực tế\r\n- Lập trình web', 'APPROVED', '2024-07-16 14:03:03', '2024-07-16 15:21:26', '3c31ac86-b395-4236-ab1f-8fbdd03cac83'),
	('18468f98-dee2-4100-8627-fc8d482e3503', 'Website giới thiệu sách mớ', '<p>- Quản lý nội dung sách, thể loại sách mới - Thống kế lượng truy cập, đánh giá khảo sát sách - Quản lý thông tin người dùng</p>', 5, 'Đủ điều kiện duyệt.', '<p>- Hiểu được kiến trúc tổng thể hệ thống giới thiệu sách mới - Sử dụng được các công nghệ lập trình Node JS, HTML5, CSS3, jQuery, Ajax - Biết cách khai thác và triển khai ứng dụng trên nền tảng điện toán đám mây</p>', '<p>A.Sinh viên tham gia đề tài. 1) Có khả năng triển khai ứng dụng web trên nền tảng điện toán đám mây 2) Có kiến thức và kỹ năng lập trình web và khai thác các dịch vụ điện toán đám mây 3) Thực hiện theo qui trình từ Requirement =&gt; Design =&gt; Coding =&gt; Unit Testing. 4) Kế hoạch thực hiện đề tài B.Sản phẩm 1) Có thể sử dụng được, có thể phát triển tiếp 2) Tài liệu thực hiện theo mẫu đồ án quy định 3) Mả nguồn chương trình 4) Tài liệu mô tả qui trình testing</p>', '<p>- Hiểu nền tảng kiến trúc và khai thác dịch vụ điện toán đám mây (AWS) - Hiểu và có kỹ năng lập trình Node.js và các công nghệ web có liên quan</p>', 'APPROVED', '2024-07-16 14:03:03', '2024-07-17 21:11:27', '3c31ac86-b395-4236-ab1f-8fbdd03cac83'),
	('21f4d5da-bc1b-4856-81f4-4cd45e79f0f8', 'Xây dựng App bán hàng trên Điện thoại di động Hệ điều hành Android', '- Tìm hiểu Thương mại điện tử.\r\n- Nghiên cứu công nghệ lập trình Java Mobile kết hợp ASP.NET MVC hoặc PHP phía backend.\r\n- Phát triển các module: - Show sản phẩm theo loại\r\n                                       - Đặt hàng.\r\n                                       - Nhận đơn hàng.\r\n                                       - Xử lý đơn hàng\r\n                                       - Thống kê doanh thu', 5, NULL, '- Lập trình được trên HDH Android.\r\n- Giúp cho Sinh viên cập nhật những kiến thực về Thương mại Online.\r\n- Triển khai được một App bán hàng.\r\n- Giúp cho một Đơn vị nhỏ có thể phân phối Sản phẩm của mình qua Mobile', 'A.Sinh viên tham gia đề tài\r\n1) Nắm vững kiến thức, kỹ năng lập trình  Java\r\n2) Có kiến thức, kỹ năng triển khai dự án phần mềm đầy đủ qui trình từ Requirement => Design => Coding => Unit Testing\r\n3) Có kỹ năng lập trình sử dụng thư viện ngoài.\r\nB.Sản phẩm\r\n1) Có tài liệu mô tả Yêu cầu dự án.\r\n2) Có tài liệu mô tả Thiết kế chi tiết cho chức năng chính của dự án.\r\n3) Có mã nguồn được lưu vết (tracking) định kỳ trên hệ thống quản lý phiên bản (version control) như Subversion hoặc Git; Mã nguồn trình bày rõ ràng.\r\n4) Có tài liệu mô tả tình huống test và kết quả test cho chức năng chính của dự án.\r\n5) Có tài liệu mô tả cách biên dịch, đóng gói và hướng dẫn nâng cấp mã nguồn cho dự án.', '', 'PENDING', '2024-07-16 14:03:03', '2024-07-16 15:09:57', '914ffb72-de00-4aef-8fba-4c6e2321949c'),
	('2d65cd3e-934e-4dd4-9292-b591846b5e8f', 'Xây dựng Website du lịch trực tuyến.', '- Tìm hiểu chi tiết các nghiệp vụ đáp ứng đủ trong ngành du lịch .\r\n- Áp dụng các kiến thức đã học để thiết kế và xây dựng website. \r\n- SV có thể tìm hiểu thêm các kiến thức khác để áp dụng cho việc thiết kế 1 Website', 5, NULL, '-Phân tích nghiệp vụ trong thực tế.\r\n-Hệ thống bán tour trực tuyến là phân hệ danh cho khách hàng public có thể \r\nbook tour giữ chỗ và thanh toán trực tuyến thông qua hình thúc\r\n thanh toán : Visa, ATM, Ví điện tử,...\r\n-Nhờ đó tiết kiệm được rất nhiều thời gian, công sức cho khách \r\nhàng mỗi khi có nhu cầu đi du lịch.', 'A.Sinh viên tham gia đề tài\r\n1) Nắm vững kiến thức, kỹ năng lập trình các ngôn ngữ C#, Jquery, HTML, CSS, Javascript, Ajax. Sử dụng hệ quản trị cơ sở dữ liệu Microsoft SQL Server .\r\n2) Có kiến thức, kỹ năng triển khai dự án phần mềm đầy đủ qui trình từ Requirement => Design => Coding => Unit Testing\r\n3) Có năng lực đầy đủ về Lập kế hoạch, theo dõi tiến độ, phân tích các vấn đề phát sinh trong quá trình thực hiện dự án.\r\n4) Có kỹ năng lập trình sử dụng lại thư viện xử lý ảnh.\r\n\r\n\r\nB.Sản phẩm\r\n1) Có tài liệu mô tả Yêu cầu dự án.\r\n2) Có tài liệu mô tả Thiết kế kiến trúc của dự án.\r\n3) Có tài liệu mô tả Thiết kế chi tiết cho chức năng chính của dự án.\r\n4) Có mã nguồn được lưu vết (tracking) định kỳ trên hệ thống quản lý phiên bản (version control) như Subversion hoặc Git; Mã nguồn trình bày rõ ràng, dễ hiểu theo tiêu chuẩn đã được thống nhất.\r\n5) Có tài liệu mô tả tình huống test và kết quả test cho chức năng chính của dự án.\r\n6) Có tài liệu mô tả cách biên dịch, đóng gói và hướng dẫn nâng cấp mã nguồn cho dự án.', '- SV có kiến thức về lập trình Web.\r\n- SV có tinh thần tự giác học hỏi.\r\n- SV có đam mê nghiên cứu về công nghệ', 'PENDING', '2024-07-16 14:03:03', '2024-07-16 14:03:03', 'b31c663b-8049-4e10-96d2-2d0839beb52a'),
	('382405b8-1881-410c-b223-71f7402471a3', 'Xây dựng ứng dụng quản lý tài chính cá nhân của sinh viên trên thiết bị di động', '-Đơn giản hóa công việc quản lý tài chính : Thay vì Sv phải viết ra giấy chi tiêu của mình  thì Sv có thể nhập chi tiêu hằng ngày vào phần mềm này,phần mềm sẽ tự động tính tổng chi tiêu cuối ngày và cuối tháng cho Sv.\r\n- Nhắc nhớ chi tiêu hằng ngày\r\n- Lập kế hoạch tiết kiệm cho sự kiện sắp tới.', 5, NULL, '- Lập trình được trên HDH Androi, ứng dụng được các công cụ (thư viện, các gói mã nguồn mở...) vào thực hiện trong đề tài \r\n- Phân tích, thiết kế ứng dụng . \r\n- Hiện thực được ứng dụng, triễn khai được thành các App trên nền tảng android', 'A.Sinh viên tham gia đề tài \r\n1) Nắm vững kiến thức, kỹ năng lập trình Java, lập trình TBDĐ trên Android \r\n2) Đọc tài liệu tiếng Anh, tìm kiếm tài liệu, Kỹ năng viết báo cáo, tài liệu thuyết trình\r\n3) Có năng lực đầy đủ về Lập kế hoạch, theo dõi tiến độ, phân tích các vấn đề phát sinh trong quá trình thực hiện đề tài. \r\n4) Có kỹ năng sử dụng tích hợp công nghệ mới và đề tài. \r\nB.Sản phẩm \r\n1) Có tài liệu mô tả Yêu cầu dự án. \r\n2) Có tài liệu mô tả Thiết kế kiến trúc của dự án. \r\n3) Có tài liệu mô tả Thiết kế chi tiết cho chức năng chính của dự án.\r\n 4) Có mã nguồn được lưu vết (tracking) định kỳ trên hệ thống quản lý phiên bản (version control) như Subversion hoặc Git; Mã nguồn trình bày rõ ràng, dễ hiểu theo tiêu chuẩn đã được thống nhất. \r\n5) Có tài liệu mô tả tình huống test và kết quả test cho chức năng chính của dự án. \r\n6) Có tài liệu mô tả cách biên dịch, đóng gói và hướng dẫn nâng cấp mã nguồn cho dự án.', '- Có kiến thức lập trình trên thiết bị di động.\r\n - Có tinh thần học hỏi và mong muốn làm sản phẩm theo quy trình công nghiệp: tuân thủ tiêu chuẩn khi viết mã nguồn, Có hoạt động đảm bảo chất lượng mã nguồn.\r\n - Biết cách tìm hiểu nhu cầu thực tế của người dùng.\r\n - Có khả năng viết mô tả yêu cầu ứng dụng.', 'PENDING', '2024-07-16 14:03:03', '2024-07-16 14:03:03', 'cbc5a0be-6255-40f8-822c-693b8f139699'),
	('39855253-9275-4734-8b66-67db97b605ef', 'Xây dựng Website bán vé tàu online', '- Tìm hiểu rõ ràng và đưa ra các yêu cầu về nghiệp vụ bán vé tàu online. \r\n- Từ đó dẫn đến việc phân tích CSDL hiện thực đúng đắn\r\n- Áp dụng được các kiến thức đã học để thiết kế và xây dựng website. \r\n- SV có thể tìm hiểu thêm các kiến thức khác áp dụng cho việc tạo 1 Website', 5, NULL, '- Phân tích nghiệp vụ thực tế của việc bán vé tàu online\r\n- Sử dụng được các công nghệ lập trình Node JS, HTML5, CSS3, jQuery, Ajax \r\n- Thực thi được việc thanh toán trực tuyến qua các cổng thanh toán\r\n điện tử với các loại thẻ ATM', 'A.Sinh viên tham gia đề tài\r\n1) Nắm vững kiến thức, kỹ năng thiết kế Web và lập trình C#.\r\n2) Có kiến thức, kỹ năng triển khai dự ánwebsite đầy đủ qui trình từ Requirement => Design => Coding => Unit Testing=>Maintaining.\r\n3) Có năng lực đầy đủ về lập kế hoạch, theo dõi tiến độ, phân tích các vấn đề phát sinh trong quá trình thực hiện dự án.\r\nB.Sản phẩm\r\n1) Tài liệu Báo cáo khóa luận theo mẫu quy định của FIT IUH.\r\n2) Tài liệu mô tả yêu cầu.\r\n3) Tài liệu mô tả thiết kế.\r\n4) Tài liệu mô tả thiết kế chi tiết cho chức năng chính.\r\n5) Mã nguồn (được lưu vết định kỳ trên hệ thống quản lý phiên bản như SubVersion hoặc Git; mã nguồn trình bày rõ ràng, dễ hiểu theo tiêu chuẩn đã được thống nhất).\r\n7) Tài liệu mô tả tình huống test và kết quả test cho chức năng chính của dự án.\r\n8) Tài liệu mô tả cách triển khai Website\r\n9) Tài liệu hướng dẫn nâng cấp mới theo nhu cầu', '- SV có đam mê về lập trình và phân tích hệ thống \r\n-SV có kiến thức về lập trình Web\r\n- SV phải chịu khó học hỏi và có tinh thần làm việc tự giác', 'PENDING', '2024-07-16 14:03:03', '2024-07-16 14:03:03', 'cb5b5b58-022e-4494-9946-2131e2cfacf3'),
	('48c9656e-8b9e-4b00-95ae-7d542e58d1c4', 'Xây dựng Website buôn bán online', '-"- Giúp người dùng ở tại nhà nhưng vẫn mua bán được các sản phẩm trên gian hàng.\r\n- Tiết kiệm được không gian và thời gian không phải tập trung\r\nđến chợ và siêu thị"', 5, NULL, '- Xây dựng website bán hàng trực tuyến:\r\n-Giúp người dùng tham bán và mua hàng online ;\r\n-có thể chọn: \r\n+Gian hàng, thương hiệu sản phẩm, được cung cấp Website', 'Chức năng Website: người dùng có thể mua hoặc đăng ký bán các mặt hàng trên gian hàng trên web.\r\n Hệ thống phân tích tự động khuyến khích khách hàng chọn mua những sản phẩm cần thiết phù hợp: mặt hàng giảm giá nhiều nhất, mua nhiều nhất, giao dịch thường xuyên, giao dịch thành viên....\r\nSinh viên thực hiện đề tài:\r\n- Phân tích thiết kế hệ thống.\r\n- Nắm vững kiến thức Html, Css,...\r\n- Có kiến thức, kỹ năng triển khai dự án theo qui trình chặt chẽ \r\n- Biết lập kế hoạt và triển khai dự án, theo dõi tiến độ, phân tích các vấn đề phát sinh trong quá trình thực hiện dự án.\r\n - Hoàn thành dự án trên cơ sở phân tích yêu cầu của người dùng và kiểm thử chặt chẽ. \r\nKết quả Sản phẩm:\r\n - Xây dựng được Website theo yêu cầu, tài liệu  thiết kế kiến trúc của dự án.\r\n - Triển khai cài đặt ứng dụng trên internet', 'Người quản trị khởi tạo và cung cấp tài khoản cho\r\nCác hộ kinh doanh theo các gian hàng online. \r\nĐược phân quyền theo các chức năng cập nhật thêm xóa sửa các mặt hàng trên gian hàng\r\nKhác mua hàng có thể đăng ký thành viên qua hệ thống, người mua hàng được chọn các mặt hàng và thanh toán tiền khi đồng ý.', 'PENDING', '2024-07-16 14:03:03', '2024-07-16 14:21:09', 'c4b86b38-d065-44f5-80ec-dbb7d1fb3d8f'),
	('52b4bba9-1770-4d77-a7e1-d562346e50b2', 'Xây dựng ứng dụng giúp đặt món ăn trên thiết bị di động', '-	Hỗ trợ việc quản lí, kiểm tra doanh thu, tình hình nguyên vật liệu\r\n-        Tạo ra một hệ thống thông tin liền mạch từ nhân viên phục vụ, bộ phận pha chế, nhà bếp đến bộ phận thu ngân và quản lí\r\n-        Giúp khách hàng có thể đặt món từ xa, dùng dữ liệu có sẵn để có thể tạo sự tiện lợi tối đa cho khách hàng', 5, NULL, '- Lập trình được trên HDH Androi, ứng dụng được các công cụ (thư viện, các gói mã nguồn mở...) vào thực hiện trong đề tài \r\n- Phân tích, thiết kế ứng dụng . \r\n- Hiện thực được ứng dụng, triễn khai được thành các App trên nền tảng android', 'A.Sinh viên tham gia đề tài \r\n1) Nắm vững kiến thức, kỹ năng lập trình Java, lập trình TBDĐ trên Android \r\n2) Đọc tài liệu tiếng Anh, tìm kiếm tài liệu, Kỹ năng viết báo cáo, tài liệu thuyết trình\r\n3) Có năng lực đầy đủ về Lập kế hoạch, theo dõi tiến độ, phân tích các vấn đề phát sinh trong quá trình thực hiện đề tài. \r\n4) Có kỹ năng sử dụng tích hợp công nghệ mới và đề tài. \r\nB.Sản phẩm \r\n1) Có tài liệu mô tả Yêu cầu dự án. \r\n2) Có tài liệu mô tả Thiết kế kiến trúc của dự án. \r\n3) Có tài liệu mô tả Thiết kế chi tiết cho chức năng chính của dự án.\r\n 4) Có mã nguồn được lưu vết (tracking) định kỳ trên hệ thống quản lý phiên bản (version control) như Subversion hoặc Git; Mã nguồn trình bày rõ ràng, dễ hiểu theo tiêu chuẩn đã được thống nhất. \r\n5) Có tài liệu mô tả tình huống test và kết quả test cho chức năng chính của dự án. \r\n6) Có tài liệu mô tả cách biên dịch, đóng gói và hướng dẫn nâng cấp mã nguồn cho dự án.', '- Có kiến thức lập trình trên thiết bị di động.\r\n - Có tinh thần học hỏi và mong muốn làm sản phẩm theo quy trình công nghiệp: tuân thủ tiêu chuẩn khi viết mã nguồn, có hoạt động đảm bảo chất lượng mã nguồn.\r\n - Biết cách tìm hiểu nhu cầu thực tế của người dùng.\r\n - Có khả năng viết mô tả yêu cầu ứng dụng.', 'PENDING', '2024-07-16 14:03:03', '2024-07-16 14:18:20', 'cbc5a0be-6255-40f8-822c-693b8f139699'),
	('54a5fa66-acbc-4da1-aa7e-9c5b4fa5402b', 'Xây dựng Website học tập online', '- Giúp người học ở tại nhà nhưng vẫn tham gia các lớp học.\r\n- Tiết kiệm được không gian và thời gian không phải tập trung\r\nđến trường.', 5, NULL, '- Xây dựng website học trực tuyến:\r\n-Giúp người dùng tham gia các lớp học phù hợp;\r\n-có thể chọn: \r\n+Phòng học, giờ học, tài liệu được cung cấp Website', 'Chức năng Website: Khi người học hoàn thành các kiến thức đã học trên các lớp học online\r\n sẽ được đánh giá và cấp bằng dựa trên dữ liệu của các lớp học website\r\nKỹ năng đạt được khi Sinh viên thực hiện đề tài:\r\n- Phân tích thiết kế hệ thống.\r\n- Nắm vững kiến thức Html, Css,....\r\n- Có kiến thức, kỹ năng triển khai dự án theo qui trình chặt chẽ \r\n- Biết lập kế hoạt và triển khai dự án, theo dõi tiến độ, phân tích các vấn đề phát sinh trong quá trình thực hiện dự án.\r\n - Hoàn thành dự án trên cơ sở phân tích yêu cầu của người dùng và kiểm thử chặt chẽ. \r\nKết quả Sản phẩm:\r\n - Xây dựng được Website theo yêu cầu, tài liệu  thiết kế kiến trúc của dự án.\r\n - Triển khai cài đặt ứng dụng trên internet', 'Nguời quản trị khởi tạo tài khoản cho người dùng, Tài khoản giáo viên được tham gia giảng dạy trên lớp học. Người học đăng ký vào các khóa học, lớp học', 'PENDING', '2024-07-16 14:03:03', '2024-07-16 14:03:03', 'c4b86b38-d065-44f5-80ec-dbb7d1fb3d8f'),
	('5deed2a7-8e37-47ec-8af5-860a5caa49cc', 'Quản lý đặt bàn trong nhà hàng', 'Chương trình giúp người quản lý quản lý được  việc đặt món ăn, tính tiền của khách... và khách hàng đặt được món ăn', 5, NULL, 'Giúp người quản lý, quản lý được bàn đặt, các món ăn \r\n- Giúp khách hàng xem thông tin về món ăn, đặt bàn...', 'A. Sinh viên tham gia đề tài\r\n1) Nắm vững kiến thức, kỹ năng lập trình C/C++ hoặc Java\r\n2) Có kiến thức, kỹ năng triển khai dự án phần mềm đầy đủ qui trình từ Requirement => Design => Coding => Unit Testing\r\n3) Có năng lực đầy đủ về Lập kế hoạch, theo dõi tiến độ, phân tích các vấn đề phát sinh trong quá trình thực hiện dự án.\r\n4) Đọc tài liệu tiếng Anh, tìm kiếm tài liệu, Kỹ năng viết báo cáo, tài liệu thuyết trình\r\n5) Có thể thu thập, phân tích được hành vi người dùng trong quá trình thực hiện dự án.\r\nB. Sản phẩm\r\n1) Có tài liệu mô tả Yêu cầu dự án.\r\n2) Có tài liệu mô tả Thiết kế kiến trúc của dự án.\r\n3) Có tài liệu mô tả Thiết kế chi tiết cho chức năng chính của dự án.\r\n4)  Có tài liệu mô tả tình huống test và kết quả test cho chức năng chính của dự án.\r\n5) Có tài liệu mô tả cách biên dịch, đóng gói và hướng dẫn nâng cấp mã nguồn cho dự án.', 'Có kiến thức về quản lý, báo cáo Crystal report.\r\n- Kỹ năng phân tích thiết kế, lập trình tốt.\r\n- Cần cù, chiu khó.\r\n- Có tinh thần ham học hỏi, cầu tiến.', 'PENDING', '2024-07-16 14:03:03', '2024-07-16 14:03:03', 'c001332c-9940-4ca2-bbb1-8c6148c43b07'),
	('a98fe5e9-2f25-46c2-a9d4-70b9d5dec537', 'Xây dựng App đặt đồ uống qua Mobile (Android) cho quán cà phê CHB. Backend C# ASP.NET MVC hoặc PHP', '- Tìm hiểu nghiệp vụ hoạt động của Coffe Shop.\r\n- Nghiên cứu công nghệ lập trình Java Mobile kết hợp ASP.NET MVC hoặc PHP phía backend.\r\n- Phát triển các module: - Đặt món\r\n                                       - Thu nhận yêu cầu của Tiếp tân\r\n                                       - Bộ phận Bếp xử lý đơn và trả kết quả.\r\n                                       - Thống kê doanh thu\r\n(Và một số module phụ để phục vụ các chức năng chính trên như: loại đồ uống v.v.)', 5, NULL, '- Lập trình được trên HDH Android.\r\n- Giúp cho Sinh viên cập nhật những kiến thực về Thương mại Online.\r\n- Triển khai được một App bán hàng.\r\n- Giúp cho một Đơn vị nhỏ có thể phân phối Sản phẩm của mình qua Mobile', 'A.Sinh viên tham gia đề tài\r\n1) Nắm vững kiến thức, kỹ năng lập trình  Java\r\n2) Có kiến thức, kỹ năng triển khai dự án phần mềm đầy đủ qui trình từ Requirement => Design => Coding => Unit Testing\r\n3) Có kỹ năng lập trình sử dụng thư viện ngoài.\r\nB.Sản phẩm\r\n1) Có tài liệu mô tả Yêu cầu dự án.\r\n2) Có tài liệu mô tả Thiết kế chi tiết cho chức năng chính của dự án.\r\n3) Có mã nguồn được lưu vết (tracking) định kỳ trên hệ thống quản lý phiên bản (version control) như Subversion hoặc Git; Mã nguồn trình bày rõ ràng.\r\n4) Có tài liệu mô tả tình huống test và kết quả test cho chức năng chính của dự án.\r\n5) Có tài liệu mô tả cách biên dịch, đóng gói và hướng dẫn nâng cấp mã nguồn cho dự án.', '- Đam mê nghiên cứu công nghệ.\r\n- Kiến thức lập trình Java Mobile.\r\n- Có kiến thức cơ bản về Git để quản lý mã nguồn theo phiên bản.\r\n- Có tinh thần học hỏi và mong muốn làm sản phẩm.', 'PENDING', '2024-07-16 14:03:03', '2024-07-16 14:03:03', '914ffb72-de00-4aef-8fba-4c6e2321949c'),
	('c51226ef-c5aa-4727-8c4a-bb4326286117', 'Ứng dụng hỗ trợ tìm thợ sửa khóa', '- Tìm hiểu, nghiên cứu ngôn ngữ viết ứng dụng trên HĐH Android, hoặc IOS .\r\n - Tìm hiểu định vị tọa độ kết nối với thiết bị di động của thợ sửa khóa.\r\n - Tìm hiểu service tìm đường đi.\r\n - Nguyên cứu cách viết ứng dụng tích hợp lư trữ data trên server cho thợ sửa khóa dạng như go việt, grap đặt xe.', 5, NULL, '- Hiểu được kiến trúc tổng thể hệ thống vận hành qua thiết bị di động.\r\n - Sử dụng được các công nghệ lập trình trên ngôn ngữ Android, IOS.\r\n - Biết cách viết ứng dụng dựa trên thiết bị đi động', 'A.Sinh viên tham gia đề tài\r\n 1) Nắm vững kiến thức, kỹ năng lập trình trên HĐH android hoặc IOS \r\n2) Có kiến thức, kỹ năng triển khai dự án phần mềm đầy đủ qui trình từ Requirement => Design => Coding => Unit Testing \r\n3) Có năng lực đầy đủ về Lập kế hoạch, theo dõi tiến độ, phân tích các vấn đề phát sinh trong quá trình thực hiện dự án.\r\n 4) Có thể thu thập thông tin và phân tích các vấn đề phát sinh. B.Sản phẩm \r\n1) Có tài liệu mô tả Yêu cầu dự án. \r\n2) Có tài liệu mô tả Thiết kế kiến trúc của dự án. \r\n3) Có tài liệu mô tả Thiết kế chi tiết cho chức năng chính của dự án. \r\n4) Có tài liệu mô tả tình huống test và kết quả test cho chức năng chính của dự án.\r\n 5) Có tài liệu mô tả cách biên dịch, đóng gói và hướng dẫn nâng cấp mã nguồn cho dự án.', '- Đam mê nghiên cứu công nghệ, thuật toán.\r\n - Có kiến thức cơ bản về lập trình thiết bị di động như trên HDH Android, IOS,\r\n - Có tinh thần học hỏi và mong muốn làm sản phẩm theo thương mại cộng đồng', 'PENDING', '2024-07-16 14:03:03', '2024-07-16 14:03:03', 'b31c663b-8049-4e10-96d2-2d0839beb52a'),
	('cd1085a9-c130-411f-b838-1fbf539f6597', 'Xây dựng Website là một diễn đàn chia sẻ các kinh nghiệm \r\nchăm sóc con của cha mẹ', '- Tìm hiểu rõ ràng và đưa ra các yêu cầu về nhu câu cần trao đổi và chia sẻ của các cha mẹ \r\nvề con cái của họ như tính tình, cách dạy dỗ, giáo dục giới tính ....\r\n- Từ đó dẫn đến việc phân tích CSDL hiện thực đúng đắn\r\n- Áp dụng được các kiến thức đã học để thiết kế và xây dựng website. \r\n- SV có thể tìm hiểu thêm các kiến thức khác áp dụng cho việc tạo 1 Website', 5, NULL, '- Phân tích công việc và các thông tin cần trao đổi trên website\r\n- Sử dụng được các công nghệ lập trình Node JS, HTML5, CSS3, jQuery, Ajax \r\n- Thực thi được kết nối với các trang mạng xã hội khác trong diễn đàn như \r\nfacebook, twitter, instagram ...', 'A.Sinh viên tham gia đề tài\r\n1) Nắm vững kiến thức, kỹ năng thiết kế Web và lập trình C#.\r\n2) Có kiến thức, kỹ năng triển khai dự ánwebsite đầy đủ qui trình từ Requirement => Design => Coding => Unit Testing=>Maintaining.\r\n3) Có năng lực đầy đủ về lập kế hoạch, theo dõi tiến độ, phân tích các vấn đề phát sinh trong quá trình thực hiện dự án.\r\nB.Sản phẩm\r\n1) Tài liệu Báo cáo khóa luận theo mẫu quy định của FIT IUH.\r\n2) Tài liệu mô tả yêu cầu.\r\n3) Tài liệu mô tả thiết kế.\r\n4) Tài liệu mô tả thiết kế chi tiết cho chức năng chính.\r\n5) Mã nguồn (được lưu vết định kỳ trên hệ thống quản lý phiên bản như SubVersion hoặc Git; mã nguồn trình bày rõ ràng, dễ hiểu theo tiêu chuẩn đã được thống nhất).\r\n7) Tài liệu mô tả tình huống test và kết quả test cho chức năng chính của dự án.\r\n8) Tài liệu mô tả cách triển khai Website\r\n9) Tài liệu hướng dẫn nâng cấp mới theo nhu cầu', '- SV có đam mê về lập trình và phân tích hệ thống \r\n-SV có kiến thức về lập trình Web\r\n- SV phải chịu khó học hỏi và có tinh thần làm việc tự giác', 'PENDING', '2024-07-16 14:03:03', '2024-07-16 14:03:03', 'cb5b5b58-022e-4494-9946-2131e2cfacf3'),
	('dee442a0-f88c-41e9-b350-977fa5fbd8fc', 'Tìm hiểu công nghệ WPF và ứng dụng xây dựng game ghép hình cho trẻ em', '- Tìm hiểu cách thức lập trình với WPF. \r\n - Tìm hiểu các control, các layout.\r\n - Tìm hiểu style, template.\r\n - Tìm hiểu đồ họa 2D, 3D.\r\n - Tìm hiểu khả năng tạo hiệu ứng, âm thanh, hình ảnh, hoạt họa của WPF.\r\n - Mô tả rõ ràng yêu cầu của game ghép hình cho trẻ em, phân tích, thiết kế, cài đặt game.\r\n Tham khảo:\r\n https://www.youtube.com/watch?v=NJs96fs56Ho\r\n https://www.youtube.com/watch?v=gy5qxtsvzxE\r\n https://www.youtube.com/watch?v=vTXPPozt6ao\r\n https://www.youtube.com/watch?v=W40CCYU4ZBM\r\n https://9mobi.vn/game-xep-hinh-cho-be-tren-ios-706n.aspx', 5, NULL, '- Hiểu được cách thức lập trình với WPF.\r\n - Vận dụng được năng lực lập trình C# để xây dựng sản phẩm theo tiêu chuẩn công nghiệp.', 'A.Sinh viên tham gia đề tài\r\n1) Nắm vững kiến thức, kỹ năng lập trình C#.\r\n2) Có kiến thức, kỹ năng triển khai dự án phần mềm đầy đủ qui trình từ Requirement => Design => Coding => Unit Testing.\r\n3) Có năng lực đầy đủ về lập kế hoạch, theo dõi tiến độ, phân tích các vấn đề phát sinh trong quá trình thực hiện dự án.\r\nB.Sản phẩm\r\n1) Tài liệu mô tả yêu cầu.\r\n2) Tài liệu mô tả thiết kế.\r\n3) Tài liệu mô tả thiết kế chi tiết cho chức năng chính.\r\n4) Mã nguồn (được lưu vết định kỳ trên hệ thống quản lý phiên bản như SubVersion hoặc Git; mã nguồn trình bày rõ ràng, dễ hiểu theo tiêu chuẩn đã được thống nhất).\r\n5) Tài liệu mô tả tình huống test và kết quả test cho chức năng chính của dự án.\r\n6) Tài liệu mô tả cách biên dịch, đóng gói và hướng dẫn nâng cấp mã nguồn cho dự án.', '- Đam mê nghiên cứu công nghệ, lập trình.\r\n - Có kiến thức lập trình C#.\r\n - Có tinh thần học hỏi và mong muốn làm sản phẩm theo quy trình công nghiệp: tuân thủ tiêu chuẩn khi viết mã nguồn, có hoạt động đảm bảo chất lượng mã nguồn.\r\n - Có khả năng viết mô tả yêu cầu ứng dụng.', 'PENDING', '2024-07-16 14:03:03', '2024-07-16 14:03:03', '492cd665-a7e1-4d81-bfe8-984fede65604'),
	('e392c996-b239-4ef1-9ab6-ef9397583471', 'Xây dựng website Quản lý nhà hàng.', '- Áp dụng các quy trình nghiệp vụ nhà hàng vào website.\r\n- Áp dụng các kiến thức đã học để thiết kế và xây dựng website. \r\n- SV có thể tìm hiểu thêm các kiến thức khác để áp dụng cho việc thiết kế 1 Website', 5, NULL, '-Phân tích nghiệp vụ trong thực tế.\r\n-Website quản lý nhà hàng là một website online đáp ứng phần lớn \r\ncác chức năng cơ bản của một nhà hàng, cung cấp các chức năng \r\ntiện ích, nhanh chóng, có thể thực hiện các giao dịch đáp ứng nhu cầu \r\ncủa khách hàng như đặt tiệc, quản lý thông tin cá nhân ngay trên trang\r\nwebsite mà không cần phải đến tận nhà hàng.', 'A.Sinh viên tham gia đề tài\r\n1) Nắm vững kiến thức, kỹ năng lập trình các ngôn ngữ C#, Jquery, HTML, CSS, Javascript, Ajax. Sử dụng hệ quản trị cơ sở dữ liệu Microsoft SQL Server .\r\n2) Có kiến thức, kỹ năng triển khai dự án phần mềm đầy đủ qui trình từ Requirement => Design => Coding => Unit Testing\r\n3) Có năng lực đầy đủ về Lập kế hoạch, theo dõi tiến độ, phân tích các vấn đề phát sinh trong quá trình thực hiện dự án.\r\n4) Có kỹ năng lập trình sử dụng lại thư viện xử lý ảnh.\r\n\r\n\r\nB.Sản phẩm\r\n1) Có tài liệu mô tả Yêu cầu dự án.\r\n2) Có tài liệu mô tả Thiết kế kiến trúc của dự án.\r\n3) Có tài liệu mô tả Thiết kế chi tiết cho chức năng chính của dự án.\r\n4) Có mã nguồn được lưu vết (tracking) định kỳ trên hệ thống quản lý phiên bản (version control) như Subversion hoặc Git; Mã nguồn trình bày rõ ràng, dễ hiểu theo tiêu chuẩn đã được thống nhất.\r\n5) Có tài liệu mô tả tình huống test và kết quả test cho chức năng chính của dự án.\r\n6) Có tài liệu mô tả cách biên dịch, đóng gói và hướng dẫn nâng cấp mã nguồn cho dự án.', '- SV có kiến thức về lập trình Web.\r\n- SV có tinh thần tự giác học hỏi.\r\n- SV có đam mê nghiên cứu về công nghệ', 'PENDING', '2024-07-16 14:03:03', '2024-07-16 14:03:03', 'b31c663b-8049-4e10-96d2-2d0839beb52a'),
	('ebc169d0-1f75-41d7-99e2-fa67ddcb02a7', 'Tạo ra ứng dụng về du lịch và dịch vụ bán sản phẩm.', '- Tìm hiểu digital marketing.\r\n - Nguyên cứu các công nghệ NodeJS, VueJS, HTML5, CSS, SCSS, Javascript, Boostrap, MongoDB.\r\n - Nguyên cứu cách viết và xây dựng ứng dụng cho số lượng lớn truy cập.\r\n - Nguyên cứu cách viết ứng dụng tích hợp với các mạng xã hội.\r\n - Nguyên cứu cách tạo ra các con bot Crawl Data.', 5, NULL, '- Hiểu được khái niệm, cách tổ chức 1 trang du lịch và thương mại điện tử.\r\n - Sử dụng được các công nghệ: NodeJS, VueJS, HTML5, CSS, SCSS, Javascript, Boostrap, MongoDB.\r\n -Vận dụng được năng lực lập trình để xây dựng sản phẩm theo chuẩn công nghiệp.\r\n - Triển khai hệ thống trên Cloud.\r\n - Tạo ra các con bot Crawl Data từ các trang liên quan.', 'A.Sinh viên tham gia đề tài \r\n1) Nắm vững kiến thức, kỹ năng lập trình Nodejs, Html, Css, Scss, Vuejs \r\n2) Có kiến thức, kỹ năng triển khai dự án phần mềm đầy đủ qui trình từ Requirement => Design => Coding => Unit Testing \r\n3) Có năng lực đầy đủ về Lập kế hoạch, theo dõi tiến độ, phân tích các vấn đề phát sinh trong quá trình thực hiện dự án.\r\n 4) Có thể thu thập thông tin và phân tích các vấn đề phát sinh. B.Sản phẩm\r\n 1) Có tài liệu mô tả Yêu cầu dự án.\r\n 2) Có tài liệu mô tả Thiết kế kiến trúc của dự án.\r\n 3) Có tài liệu mô tả Thiết kế chi tiết cho chức năng chính của dự án. \r\n4) Có mã nguồn được lưu vết (tracking) định kỳ trên hệ thống quản lý phiên bản (version control) như Subversion hoặc Git; Mã nguồn trình bày rõ ràng, dễ hiểu theo tiêu chuẩn đã được thống nhất.\r\n 5) Có tài liệu mô tả tình huống test và kết quả test cho chức năng chính của dự án. \r\n6) Có tài liệu mô tả cách biên dịch, đóng gói và hướng dẫn nâng cấp mã nguồn cho dự án.', '- Đam mê nghiên cứu công nghệ, thuật toán.\r\n - Có kiến thức cơ bản về Web Programming.\r\n - Kiến thức lập trình Javascript, Html, Css,\r\n - Có tinh thần học hỏi và mong muốn làm sản phẩm theo quy trình công nghiệp: tuân thủ tiêu chuẩn khi viết mã nguồn, có hoạt động đảm bảo chất lượng mã nguồn', 'PENDING', '2024-07-16 14:03:03', '2024-07-16 14:03:03', 'b31c663b-8049-4e10-96d2-2d0839beb52a'),
	('f312da8c-962f-44b1-93fe-63fab1ccbb53', 'Website giới thiệu phim mới', '- Quản lý nội dung phim, thể loại phim sắp phát hành\r\n- Thống kế lượng truy cập, đánh giá khảo sát phim\r\n- Quản lý thông tin người dùng', 5, NULL, '- Hiểu được kiến trúc tổng thể hệ thống giới thiệu phim mới\r\n- Sử dụng được các công nghệ lập trình Node JS, HTML5, CSS3, jQuery, Ajax \r\n- Biết cách khai thác và triển khai ứng dụng trên nền tảng điện toán đám mây', 'A.Sinh viên tham gia đề tài.\r\n1) Có khả năng triển khai ứng dụng web trên nền tảng điện toán đám mây\r\n2) Có kiến thức và kỹ năng lập trình web và khai thác các dịch vụ điện toán đám mây\r\n3) Thực hiện theo qui trình từ Requirement => Design => Coding => Unit Testing. \r\n4) Kế hoạch thực hiện đề tài\r\nB.Sản phẩm\r\n1) Có thể sử dụng được, có thể phát triển tiếp\r\n2) Tài liệu thực hiện theo mẫu đồ án quy định \r\n3) Mả nguồn chương trình\r\n4) Tài liệu mô tả qui trình testing', '- Hiểu nền tảng kiến trúc và khai thác dịch vụ điện toán đám mây (AWS)\r\n- Hiểu và có kỹ năng lập trình Node.js và các công nghệ web có liên quan', 'PENDING', '2024-07-16 14:03:03', '2024-07-16 14:03:03', '3c31ac86-b395-4236-ab1f-8fbdd03cac83'),
	('f6931a5e-fa53-4f9f-a35b-15c029c33c6d', 'Quản lý khách sạn', 'Chương trình giúp người quản lý quản lý được nhân viên, quản lý việc đặt trả phòng của khách... và khách hàng đặt được phòng.', 5, NULL, '- Giúp người quản lý, quản lý được khách sạn\r\n- Giúp khách hàng xem thông tin về phòng, đặt phòng...', 'A. Sinh viên tham gia đề tài\r\n1) Nắm vững kiến thức, kỹ năng lập trình C/C++ hoặc Java\r\n2) Có kiến thức, kỹ năng triển khai dự án phần mềm đầy đủ qui trình từ Requirement => Design => Coding => Unit Testing\r\n3) Có năng lực đầy đủ về Lập kế hoạch, theo dõi tiến độ, phân tích các vấn đề phát sinh trong quá trình thực hiện dự án.\r\n4) Đọc tài liệu tiếng Anh, tìm kiếm tài liệu, Kỹ năng viết báo cáo, tài liệu thuyết trình\r\n5) Có thể thu thập, phân tích được hành vi người dùng trong quá trình thực hiện dự án.\r\nB. Sản phẩm\r\n1) Có tài liệu mô tả Yêu cầu dự án.\r\n2) Có tài liệu mô tả Thiết kế kiến trúc của dự án.\r\n3) Có tài liệu mô tả Thiết kế chi tiết cho chức năng chính của dự án.\r\n4)  Có tài liệu mô tả tình huống test và kết quả test cho chức năng chính của dự án.\r\n5) Có tài liệu mô tả cách biên dịch, đóng gói và hướng dẫn nâng cấp mã nguồn cho dự án.', 'Có kiến thức về quản lý, báo cáo Crystal report.\r\n- Kỹ năng phân tích thiết kế, lập trình tốt.\r\n- Cần cù, chiu khó.\r\n- Có tinh thần ham học hỏi, cầu tiến.', 'PENDING', '2024-07-16 14:03:03', '2024-07-16 14:03:03', 'c001332c-9940-4ca2-bbb1-8c6148c43b07'),
	('f8a4e8c8-45a5-42c7-8454-24ebdd7fdd33', 'Xây dựng Module-Quản lý Kho với ASP.NET MVC (API)', '- Tìm hiểu Nghiệp vụ Kho.\r\n- Nghiên cứu công nghệ lập trình ASP.NET MVC API backend.\r\n- Nghiên cứu HTML5, CSS Jquery hoặc AngularJS\r\n- Phát triển các module: - Nhập Kho (Xóa, Sửa)\r\n                                       - In phiếu nhập Kho.\r\n                                       - Xuất Kho-In phiếu xuất Kho\r\n                                       - Thống kê hàng Tổn Kho.\r\n                                       - In các Report báo cáo Tổng hợp (Nhập, Xuất, Tồn)', 5, NULL, '- Lập trình được trên HDH Android.\r\n- Giúp cho Sinh viên cập nhật những kiến thực về Thương mại Online.\r\n- Triển khai được một App bán hàng.\r\n- Giúp cho một Đơn vị nhỏ có thể phân phối Sản phẩm của mình qua Mobile', 'A.Sinh viên tham gia đề tài\r\n1) Nắm vững kiến thức, kỹ năng lập trình  C# ASP.NET MVC\r\n2) Có kiến thức, kỹ năng triển khai dự án phần mềm đầy đủ qui trình từ Requirement => Design => Coding => Unit Testing\r\n3) Có kỹ năng lập trình sử dụng thư viện ngoài.\r\nB.Sản phẩm\r\n1) Có tài liệu mô tả Yêu cầu dự án.\r\n2) Có tài liệu mô tả Thiết kế chi tiết cho chức năng chính của dự án.\r\n3) Có mã nguồn được lưu vết (tracking) định kỳ trên hệ thống quản lý phiên bản (version control) như Subversion hoặc Git; Mã nguồn trình bày rõ ràng.\r\n4) Có tài liệu mô tả tình huống test và kết quả test cho chức năng chính của dự án.\r\n5) Có tài liệu mô tả cách biên dịch, đóng gói và hướng dẫn nâng cấp mã nguồn cho dự án.', '- Đam mê nghiên cứu công nghệ.\r\n- Có kiến thức cơ bản về làm API ASP.NET MVC.\r\n- Có kiến thức cơ bản về Git để quản lý mã nguồn theo phiên bản.\r\n- Có kiến thức về Web Programming (HTML, CSS và Jquery hoặc AngularJS)\r\n- Có tinh thần học hỏi và mong muốn làm sản phẩm.', 'PENDING', '2024-07-16 14:03:03', '2024-07-16 14:03:03', '914ffb72-de00-4aef-8fba-4c6e2321949c');

-- Dumping data for table manage_graduation_se_iuh.transcripts: ~0 rows (approximately)

/*!40103 SET TIME_ZONE=IFNULL(@OLD_TIME_ZONE, 'system') */;
/*!40101 SET SQL_MODE=IFNULL(@OLD_SQL_MODE, '') */;
/*!40014 SET FOREIGN_KEY_CHECKS=IFNULL(@OLD_FOREIGN_KEY_CHECKS, 1) */;
/*!40101 SET CHARACTER_SET_CLIENT=@OLD_CHARACTER_SET_CLIENT */;
/*!40111 SET SQL_NOTES=IFNULL(@OLD_SQL_NOTES, 1) */;
