
INSERT INTO `assigns` VALUES ('b75df319-0821-41a5-b11c-f633b880a508','REVIEWER','2024-06-23 01:33:13','2024-06-23 01:33:13',NULL,'02e67ced-e807-487b-b2e0-b10efbde96f3');

INSERT INTO `evaluations` VALUES ('0306cfde-4f62-42fb-bad8-25a31d86d6bd','Determine the techniques and technologies to address the identified requirements.',10,'[0 - 2) Failure to provide techniques and technologies to address identified requirements. ; [2 - 5) Provide less than 40% of the techniques and technologies to address the identified requirements. ; [5 - 8) - Provide adequate techniques and technologies to address identified requirements.\r\n- Reasonably explain the reasons for choosing that technique and technology to solve the requirements. ; [8 - 10] - Provide adequate techniques and technologies to address identified requirements.\r\n- Reasonably explain the reasons for choosing that technique and technology to solve the requirements.\r\n- The techniques and technologies used to solve the identified requirements are new and follow future trends.','REPORT','2024-06-25 23:31:30','2024-06-25 23:31:30','f40bd6b8-d2a2-4477-9a06-f63801df53aa'),('0770c7c2-9192-4e38-ba7d-f99182490913','Design an engineering-based solution to meet the requirements of the project.',10,'[0 - 2) - Can\'t design anything. ; [2 - 5) - Design a solution that meets less than 30% of the identified requirements of the system in the topic. ; [5 - 8) - Design a solution that meets up to 70% of the identified requirements of the system in the project. ; [8 - 10] - Design a solution that meets over 70% of the identified requirements of the system in the project.','REVIEWER','2024-06-23 00:12:44','2024-06-23 00:12:44','f40bd6b8-d2a2-4477-9a06-f63801df53aa'),('12d88267-7926-4a95-9587-11bb5eb60337','Implement the project according to the designed solution.',20,'[0 - 4) - Implement less than 10% of the information system as designed. ; [4 - 10) - Implement up to 30% of the information system as designed. ; [10 - 16) - Implement up to 70% of the information system as designed. ; [16 - 20] - Implement over 70% of the information system as designed.','ADVISOR','2024-06-23 00:12:34','2024-06-23 00:12:34','f40bd6b8-d2a2-4477-9a06-f63801df53aa'),('14163656-7576-420f-a022-88581554294f','Determine the techniques and technologies to address the identified requirements.',10,'[0 - 2) Failure to provide techniques and technologies to address identified requirements. ; [2 - 5) Provide less than 40% of the techniques and technologies to address the identified requirements. ; [5 - 8) - Provide adequate techniques and technologies to address identified requirements.\r\n- Reasonably explain the reasons for choosing that technique and technology to solve the requirements. ; [8 - 10] - Provide adequate techniques and technologies to address identified requirements.\r\n- Reasonably explain the reasons for choosing that technique and technology to solve the requirements.\r\n- The techniques and technologies used to solve the identified requirements are new and follow future trends.','ADVISOR','2024-06-23 00:12:34','2024-06-23 00:12:34','f40bd6b8-d2a2-4477-9a06-f63801df53aa'),('287c7556-aa25-4544-982d-a8167a7a37dd','Analyze and model the requirements of the project.',10,'[0 - 2) - Unable to identify and analyze basic functional requirements of the system to be built in the project.\r\n- Do not model the current status and operations included in the requirements of the topic to be implemented. ; [2 - 5) - Identify and analyze up to 30% of the basic functional requirements of the system to be built in the project. ; [5 - 8) - Identify and analyze up to 60% of the basic functional requirements of the system to be built in the project.\r\n- Identify and analyze up to 60% of the main business processes of the system that need to be built in the project.\r\n- Model the basic functional requirements and main operations identified in the system to be built in the project. ; [8 - 10] - Identify and analyze over 60% of the basic functional requirements of the system to be built in the project.\r\n- Identify and analyze over 60% of the main business processes of the system that need to be built in the project.\r\n- Model the basic functional requirements and main operations identified in the system to be built in the project.','REVIEWER','2024-06-23 00:12:44','2024-06-23 00:12:44','f40bd6b8-d2a2-4477-9a06-f63801df53aa'),('3370d137-6dcc-4c8e-a28b-90695e09ad7b','Evaluate the implemented results.',10,'[0 - 2) - Failure to design and execute tests. ; [2 - 5) - Create incorrect test cases tables or do not test. ; [5 - 8) - Create a table of test cases for at least 3 main functions of the program.\r\n- Execute test cases. ; [8 - 10] - Create test cases for a business process.','REVIEWER','2024-06-23 00:12:44','2024-06-23 00:12:44','f40bd6b8-d2a2-4477-9a06-f63801df53aa'),('4cb29130-44a9-497f-b52c-0ca4fefe73f4','Write the project documentation according to predefined regulations.',10,'[0 - 2) - Incomplete writing of the required chapters of a graduation thesis report.\r\n- There are no references cited.\r\n- Copy other thesis topics without citing them. ; [2 - 5) - Incomplete writing of the required chapters of a graduation thesis report.\r\n- References are cited but not in the correct format.\r\n- There are more than 3 spelling errors on any page.\r\n- Confusing, confusing sentences, translated verbatim from English on any page. ; [5 - 8) - Can write all the necessary chapters of a graduation thesis report.\r\n- Write citations in the correct format and in the correct location.\r\n- There are no more than 3 spelling errors on any page. ; [8 - 10] - There should not be more than 1 spelling error on any page.\r\n- The layout of the chapters is clear; There are transition sentences between chapters and paragraphs.\r\n- Font, line, and paragraph formatting must be consistent.','REVIEWER','2024-06-23 00:12:44','2024-06-23 00:12:44','f40bd6b8-d2a2-4477-9a06-f63801df53aa'),('52d0915b-5776-4b46-9c16-1b53b5f8941f','Implement the project according to the designed solution.',20,'[0 - 4) - Implement less than 10% of the information system as designed. ; [4 - 10) - Implement up to 30% of the information system as designed. ; [10 - 16) - Implement up to 70% of the information system as designed. ; [16 - 20] - Implement over 70% of the information system as designed.','REPORT','2024-06-25 23:31:30','2024-06-25 23:31:30','f40bd6b8-d2a2-4477-9a06-f63801df53aa'),('76dd608e-7025-477f-9c99-fc01839e8a44','Defend the results of the project before critics.',20,'[0 - 4) - Present with a low voice, not clear, not logical, not confident.\r\n- Unable to answer or answer correctly up to 1/3 of the total questions asked by the critics. ; [4 - 10) - Just read the slide without any further explanation or presentation that is not complete or clear\r\n- Presentation exceeds the allotted time.\r\n- Correctly answer over 1/3 to 2/3 of the total questions asked by the critics. ; [10 - 16) - Present fully, loudly, clearly, logically and confidently\r\n- At regulation time.\r\n- Correctly answer more than 2/3 of the total questions with reasonable and accurate explanations from the critics. ; [16 - 20] - Present loudly, clearly, logically, confidently and attractively.\r\n- At regulation time.\r\n- Answer the questions of the critics with reasonable and accurate explanations and practical connections.','REVIEWER','2024-06-23 00:12:44','2024-06-23 00:12:44','f40bd6b8-d2a2-4477-9a06-f63801df53aa'),('7de0ebb2-bc8b-4692-9308-58b84f030c74','Identify the requirements of the project.',10,'[0 - 2) - Identify less than 30% of requirements.\r\n- Failure to state the urgency, goals, and scope of the topic.\r\n- Unable to provide a plan to implement the project. ; [2 - 5) - Identify less than 50% of requirements.\r\n- State the urgency, goals, and scope of the topic but are not clear.\r\n- Unable to provide a plan to implement the project. ; [5 - 8) - Recognized less than 80% of requests.\r\n- State the urgency, goals, and scope of the topic.\r\n- Provide a plan to implement the project. ; [8 - 10]- Identify more than 80% of requests and collect information that needs to be stored.\r\n- State the urgency, goals, and scope of the topic.\r\n- Provide a plan to implement the project.','REVIEWER','2024-06-23 00:12:44','2024-06-23 00:12:44','f40bd6b8-d2a2-4477-9a06-f63801df53aa'),('827bd027-0bdb-4108-bc15-ca4b15578d30','Evaluate the implemented results.',10,'[0 - 2) - Failure to design and execute tests. ; [2 - 5) - Create incorrect test cases tables or do not test. ; [5 - 8) - Create a table of test cases for at least 3 main functions of the program.\r\n- Execute test cases. ; [8 - 10] - Create test cases for a business process.','REPORT','2024-06-25 23:31:30','2024-06-25 23:31:30','f40bd6b8-d2a2-4477-9a06-f63801df53aa'),('8e334f40-a4e7-48ec-aaa2-2388ff291d49','Implement the project according to the designed solution.',20,'[0 - 4) - Implement less than 10% of the information system as designed. ; [4 - 10) - Implement up to 30% of the information system as designed. ; [10 - 16) - Implement up to 70% of the information system as designed. ; [16 - 20] - Implement over 70% of the information system as designed.','REVIEWER','2024-06-23 00:12:44','2024-06-23 00:12:44','f40bd6b8-d2a2-4477-9a06-f63801df53aa'),('924ff4c0-0a75-4c7c-ac59-445232ace42d','Determine the techniques and technologies to address the identified requirements.',10,'[0 - 2) - Failure to provide techniques and technologies to address identified requirements. ; [2 - 5) - Provide less than 40% of the techniques and technologies to address the identified requirements. ; [5 - 8) - Provide adequate techniques and technologies to address identified requirements.\r\n- Reasonably explain the reasons for choosing that technique and technology to solve the requirements. ; [8 - 10] - Provide adequate techniques and technologies to address identified requirements.\r\n- Reasonably explain the reasons for choosing that technique and technology to solve the requirements.\r\n- The techniques and technologies used to solve the identified requirements are new and follow future trends.','REVIEWER','2024-06-23 00:12:44','2024-06-23 00:12:44','f40bd6b8-d2a2-4477-9a06-f63801df53aa'),('94f18836-5dd0-433a-95a7-d1a2235daaa6','Analyze and model the requirements of the project.',20,'[0 - 4) - Unable to identify and analyze basic functional requirements of the system to be built in the project.\r\n- Do not model the current status and operations included in the requirements of the topic to be implemented. ; [4 - 10) - Identify and analyze up to 30% of the basic functional requirements of the system to be built in the project. ; [10 - 16) - Identify and analyze up to 60% of the basic functional requirements of the system to be built in the project.\r\n- Identify and analyze up to 60% of the main business processes of the system that need to be built in the project.\r\n- Model the basic functional requirements and main operations identified in the system to be built in the project. ; [16 - 20] - Identify and analyze over 60% of the basic functional requirements of the system to be built in the project.\r\n- Identify and analyze over 60% of the main business processes of the system that need to be built in the project.\r\n- Model the basic functional requirements and main operations identified in the system to be built in the project.','REPORT','2024-06-25 23:31:30','2024-06-25 23:31:30','f40bd6b8-d2a2-4477-9a06-f63801df53aa'),('9666a010-27a0-42c6-a868-5d1a0c610576','Write the project documentation according to predefined regulations.',10,'[0 - 2) - Incomplete writing of the required chapters of a graduation thesis report.\r\n- There are no references cited.\r\n- Copy other thesis topics without citing them. ; [2 - 5) - Incomplete writing of the required chapters of a graduation thesis report.\r\n- References are cited but not in the correct format.\r\n- There are more than 3 spelling errors on any page.\r\n- Confusing, confusing sentences, translated verbatim from English on any page. ; [5 - 8) - Can write all the necessary chapters of a graduation thesis report.\r\n- Write citations in the correct format and in the correct location.\r\n- There are no more than 3 spelling errors on any page. ; [8 - 10] - There should not be more than 1 spelling error on any page.\r\n- The layout of the chapters is clear; There are transition sentences between chapters and paragraphs.\r\n- Font, line, and paragraph formatting must be consistent.','REPORT','2024-06-25 23:31:30','2024-06-25 23:31:30','f40bd6b8-d2a2-4477-9a06-f63801df53aa'),('9ac77dc4-7067-4fa5-b3b0-6d491d706c9c','Design an engineering-based solution to meet the requirements of the project.',20,'[0 - 4) - Can\'t design anything. ; [4 - 10) - Design a solution that meets less than 30% of the identified requirements of the system in the topic. ; [10 - 16) - Design a solution that meets up to 70% of the identified requirements of the system in the project. ; [16 - 20] - Design a solution that meets over 70% of the identified requirements of the system in the project.','ADVISOR','2024-06-23 00:12:34','2024-06-23 00:12:34','f40bd6b8-d2a2-4477-9a06-f63801df53aa'),('a1881df5-b3f8-4566-a3fb-36b54f4f6f80','Write the project documentation according to predefined regulations.',10,'[0 - 2) - Incomplete writing of the required chapters of a graduation thesis report.\r\n- There are no references cited.\r\n- Copy other thesis topics without citing them. ; [2 - 5) - Incomplete writing of the required chapters of a graduation thesis report.\r\n- References are cited but not in the correct format.\r\n- There are more than 3 spelling errors on any page.\r\n- Confusing, confusing sentences, translated verbatim from English on any page. ; [5 - 8) - Can write all the necessary chapters of a graduation thesis report.\r\n- Write citations in the correct format and in the correct location.\r\n- There are no more than 3 spelling errors on any page. ; [8 - 10] - There should not be more than 1 spelling error on any page.\r\n- The layout of the chapters is clear; There are transition sentences between chapters and paragraphs.\r\n- Font, line, and paragraph formatting must be consistent.','ADVISOR','2024-06-23 00:12:34','2024-06-23 00:12:34','f40bd6b8-d2a2-4477-9a06-f63801df53aa'),('c247e919-e184-45b4-b6c6-a3092745d481','Identify the requirements of the project.',10,'[0 - 2) - Identify less than 30% of requirements.\r\n- Failure to state the urgency, goals, and scope of the topic.\r\n- Unable to provide a plan to implement the project. ; [2 - 5) - Identify less than 50% of requirements.\r\n- State the urgency, goals, and scope of the topic but are not clear.\r\n- Unable to provide a plan to implement the project. ; [5 - 8) - Recognized less than 80% of requests.\r\n- State the urgency, goals, and scope of the topic.\r\n- Provide a plan to implement the project. ; [8 - 10] - Identify more than 80% of requests and collect information that needs to be stored.\r\n- State the urgency, goals, and scope of the topic.\r\n- Provide a plan to implement the project.','REPORT','2024-06-25 23:31:30','2024-06-25 23:31:30','f40bd6b8-d2a2-4477-9a06-f63801df53aa'),('c45afe80-d240-432f-9bab-aeff320e7d3e','Evaluate the implemented results.',10,'[0 - 2) - Failure to design and execute tests. ; [2 - 5) - Create incorrect test cases tables or do not test. ; [5 - 8) - Create a table of test cases for at least 3 main functions of the program.\r\n- Execute test cases. ; [8 - 10] - Create test cases for a business process.','ADVISOR','2024-06-23 00:12:34','2024-06-23 00:12:34','f40bd6b8-d2a2-4477-9a06-f63801df53aa'),('e5a16795-add1-4eb3-8dd8-b1fc34f6f00d','Identify the requirements of the project.',10,'[0 - 2) - Identify less than 30% of requirements.\r\n- Failure to state the urgency, goals, and scope of the topic.\r\n- Unable to provide a plan to implement the project. ; [2 - 5) - Identify less than 50% of requirements.\r\n- State the urgency, goals, and scope of the topic but are not clear.\r\n- Unable to provide a plan to implement the project. ; [5 - 8) - Recognized less than 80% of requests.\r\n- State the urgency, goals, and scope of the topic.\r\n- Provide a plan to implement the project. ; [8 - 10] - Identify more than 80% of requests and collect information that needs to be stored.\r\n- State the urgency, goals, and scope of the topic.\r\n- Provide a plan to implement the project.','ADVISOR','2024-06-23 00:12:34','2024-06-23 00:12:34','f40bd6b8-d2a2-4477-9a06-f63801df53aa'),('e65b4c33-6962-499a-8143-b7a9c53e9b04','Analyze and model the requirements of the project.',20,'[0 - 4) - Unable to identify and analyze basic functional requirements of the system to be built in the project.\r\n- Do not model the current status and operations included in the requirements of the topic to be implemented. ; [4 - 10) - Identify and analyze up to 30% of the basic functional requirements of the system to be built in the project. ; [10 - 16) - Identify and analyze up to 60% of the basic functional requirements of the system to be built in the project.\r\n- Identify and analyze up to 60% of the main business processes of the system that need to be built in the project.\r\n- Model the basic functional requirements and main operations identified in the system to be built in the project. ; [16 - 20] - Identify and analyze over 60% of the basic functional requirements of the system to be built in the project.\r\n- Identify and analyze over 60% of the main business processes of the system that need to be built in the project.\r\n- Model the basic functional requirements and main operations identified in the system to be built in the project.','ADVISOR','2024-06-23 00:12:34','2024-06-23 00:12:34','f40bd6b8-d2a2-4477-9a06-f63801df53aa'),('ebaaf17b-58b6-49d3-9a2a-37cb35a7ee4e','Design an engineering-based solution to meet the requirements of the project.',20,'[0 - 4) - Can\'t design anything. ; [4 - 10) - Design a solution that meets less than 30% of the identified requirements of the system in the topic. ; [10 - 16) - Design a solution that meets up to 70% of the identified requirements of the system in the project. ; [16 - 20] - Design a solution that meets over 70% of the identified requirements of the system in the project.','REPORT','2024-06-25 23:31:30','2024-06-25 23:31:30','f40bd6b8-d2a2-4477-9a06-f63801df53aa');

INSERT INTO `group_lecturer_members` VALUES ('088d9db5-cda2-4965-b2c4-62e159020d24','2024-06-24 22:54:01','2024-06-24 22:54:01','05a2f8a0-cadc-4861-9f89-a7466eb8378d','b47636f3-3013-4e59-817e-4c2717b636c7'),('10a1699a-5a82-4f59-a2e9-81397ecb3c0d','2024-06-24 22:51:54','2024-06-24 22:51:54','9a3b98a9-5c32-4ad1-a83f-ccd187473e43','aaa5789b-71c2-4292-a167-0c53c6a579ff'),('121329c9-80ad-4b5c-81d8-bf893777be63','2024-06-24 22:54:01','2024-06-24 22:54:01','ce719a20-15b2-471f-be98-0439490f52e8','b47636f3-3013-4e59-817e-4c2717b636c7'),('1682a84e-71d2-4251-978e-2c639e889c96','2024-06-24 22:54:01','2024-06-24 22:54:01','be623510-6d68-4f3f-a5e0-0854ea7579e8','b47636f3-3013-4e59-817e-4c2717b636c7'),('3dc1d469-0482-4265-869c-03fa7335afd8','2024-06-25 16:10:21','2024-06-25 16:10:21','05a2f8a0-cadc-4861-9f89-a7466eb8378d','fabef938-3139-4685-b296-2723a93096b3'),('48ebb637-169d-4559-bb7d-0082558ea033','2024-06-23 19:50:51','2024-06-23 19:50:51','05a2f8a0-cadc-4861-9f89-a7466eb8378d','deb6bcc2-9597-4d89-a91a-ebacb56347de'),('4dfc18fb-4a78-4602-816c-8778450e6640','2024-06-23 19:55:08','2024-06-23 19:55:08','e15ef8ed-5c41-4e4c-ab4c-a1085429273d','0b874040-9749-4790-824c-ee86cd8f5a5c'),('5165fd66-6299-4a76-a7d8-6d4b2d819cb7','2024-06-23 19:55:08','2024-06-23 19:55:08','be623510-6d68-4f3f-a5e0-0854ea7579e8','0b874040-9749-4790-824c-ee86cd8f5a5c'),('681b30ee-ba8b-4e6b-8645-fd0d0e6780d6','2024-06-24 22:47:53','2024-06-24 22:47:53','fb9736e3-e862-4955-8084-81313895d9c7','090a0b30-5a95-4e93-907e-327fc5453ba3'),('6b3170d2-ed58-487e-84bf-60a14be0f522','2024-06-24 22:47:53','2024-06-24 22:47:53','05a2f8a0-cadc-4861-9f89-a7466eb8378d','090a0b30-5a95-4e93-907e-327fc5453ba3'),('86feb172-2f62-4702-8feb-6b55fa452887','2024-06-23 19:52:14','2024-06-23 19:52:14','6dbda89d-b4cc-42a9-991f-a1f013fe67bc','dff7cf02-9eae-4811-8fbc-80a86d376bc8'),('88f957bf-8441-4da6-aa42-5777c4916bed','2024-06-23 19:55:25','2024-06-23 19:55:25','fb9736e3-e862-4955-8084-81313895d9c7','18fb943d-4bab-4ba2-b368-abb71e762d7a'),('8b2b62f6-8941-44ce-9ef2-d23e8143e03c','2024-06-24 22:50:39','2024-06-24 22:50:39','05a2f8a0-cadc-4861-9f89-a7466eb8378d','2298c23a-714a-4cdb-b4a2-e63e947e024d'),('904642a7-34dc-4603-b2fe-ace3857c4d4a','2024-06-25 16:10:21','2024-06-25 16:10:21','f0064242-d206-4bf2-8986-a2db424673fc','fabef938-3139-4685-b296-2723a93096b3'),('927b5f1d-b5ae-4e5b-9609-ddc9217cb678','2024-06-24 22:50:39','2024-06-24 22:50:39','a468637d-0fa7-48cf-abb9-c60b243a8bea','2298c23a-714a-4cdb-b4a2-e63e947e024d'),('932ce105-415e-4fb0-962f-6adbd0c73068','2024-06-24 22:52:05','2024-06-24 22:52:05','84972efd-2f1c-4cdd-a1d2-dc7c00042144','5d92fc66-7a91-4bca-bace-be8087b5ae50'),('955ab658-8fdd-4d12-973e-d82c5ae5f702','2024-06-24 22:52:08','2024-06-24 22:52:08','6fcb1775-1bbe-46fb-86d3-bbcfa9a09515','2924d848-3180-4f51-9c92-91b1cfccfe81'),('9bb513b8-9be5-42cc-b5d8-e5c679cd841f','2024-06-23 19:50:46','2024-06-23 19:50:46','05a2f8a0-cadc-4861-9f89-a7466eb8378d','675c967b-0311-4e98-b981-cbc2d896d2ef'),('ba69f4d5-f681-4d45-859e-c560a1f7af32','2024-06-23 19:50:46','2024-06-23 19:50:46','092a481f-1b0a-4766-ab05-627337cf3317','675c967b-0311-4e98-b981-cbc2d896d2ef'),('c09d921f-9314-415b-8380-1e912da6d54c','2024-06-24 22:46:59','2024-06-24 22:46:59','05a2f8a0-cadc-4861-9f89-a7466eb8378d','1cb23c2b-defd-4a99-aed6-342a2d30e4c4'),('cbddf5a2-c9cc-4586-994b-a88b51e6e03b','2024-06-24 22:51:54','2024-06-24 22:51:54','900d283a-2893-4431-9378-1a04a583b2a7','aaa5789b-71c2-4292-a167-0c53c6a579ff'),('cedcae2e-fd14-4ed9-b4cf-4a17296e6e10','2024-06-25 16:10:21','2024-06-25 16:10:21','2579e671-7c45-4b2a-88a8-9f4d7977cb61','fabef938-3139-4685-b296-2723a93096b3'),('dc3364b3-0ca4-416c-958c-d99c490232ed','2024-06-23 19:50:51','2024-06-23 19:50:51','092a481f-1b0a-4766-ab05-627337cf3317','deb6bcc2-9597-4d89-a91a-ebacb56347de'),('ebcce828-092b-4f96-a69b-fd4b1aa8a83f','2024-06-23 19:54:10','2024-06-23 19:54:10','be623510-6d68-4f3f-a5e0-0854ea7579e8','f9c14e6a-edca-4e1b-87ab-43ac3c506a85'),('ef862742-8630-4c34-82f2-095a882bc85d','2024-06-24 22:47:53','2024-06-24 22:47:53','efd199dc-2678-476b-9bef-924081eafbc9','090a0b30-5a95-4e93-907e-327fc5453ba3'),('f0fec6fe-bcf3-4f8a-9e33-8ca17e7975b6','2024-06-23 19:55:39','2024-06-23 19:55:39','ffabb475-52a7-489f-a955-94a39d4cad4e','fffadc58-a158-4408-92e3-a6cc8b8656d5'),('f3300d34-cc20-4381-b31b-3c60b8ef642d','2024-06-24 22:46:59','2024-06-24 22:46:59','6a100595-b4a4-4314-9fba-b6820d07b272','1cb23c2b-defd-4a99-aed6-342a2d30e4c4'),('f6e6f46a-0cc4-40ba-8969-9238cf8b286f','2024-06-23 19:50:51','2024-06-23 19:50:51','2579e671-7c45-4b2a-88a8-9f4d7977cb61','deb6bcc2-9597-4d89-a91a-ebacb56347de'),('fb01e7f0-92d3-41e4-8863-4de1bf29f2ee','2024-06-24 22:46:59','2024-06-24 22:46:59','092a481f-1b0a-4766-ab05-627337cf3317','1cb23c2b-defd-4a99-aed6-342a2d30e4c4');

INSERT INTO `group_lecturers` VALUES ('090a0b30-5a95-4e93-907e-327fc5453ba3','Nhóm chấm phản biện9','REVIEWER','2024-06-24 22:47:53','2024-06-24 22:47:53','f40bd6b8-d2a2-4477-9a06-f63801df53aa'),('0b874040-9749-4790-824c-ee86cd8f5a5c','Nhóm chấm phản biện5','REVIEWER','2024-06-23 19:55:08','2024-06-23 19:55:08','f40bd6b8-d2a2-4477-9a06-f63801df53aa'),('18fb943d-4bab-4ba2-b368-abb71e762d7a','Nhóm chấm phản biện6','REVIEWER','2024-06-23 19:55:25','2024-06-23 19:55:25','f40bd6b8-d2a2-4477-9a06-f63801df53aa'),('1cb23c2b-defd-4a99-aed6-342a2d30e4c4','Nhóm chấm phản biện8','REVIEWER','2024-06-24 22:46:59','2024-06-24 22:46:59','f40bd6b8-d2a2-4477-9a06-f63801df53aa'),('2298c23a-714a-4cdb-b4a2-e63e947e024d','Nhóm chấm phản biện10','REVIEWER','2024-06-24 22:50:39','2024-06-24 22:50:39','f40bd6b8-d2a2-4477-9a06-f63801df53aa'),('2924d848-3180-4f51-9c92-91b1cfccfe81','Nhóm chấm phản biện13','REVIEWER','2024-06-24 22:52:08','2024-06-24 22:52:08','f40bd6b8-d2a2-4477-9a06-f63801df53aa'),('5d92fc66-7a91-4bca-bace-be8087b5ae50','Nhóm chấm phản biện12','REVIEWER','2024-06-24 22:52:05','2024-06-24 22:52:05','f40bd6b8-d2a2-4477-9a06-f63801df53aa'),('675c967b-0311-4e98-b981-cbc2d896d2ef','Nhóm chấm phản biện1','REVIEWER','2024-06-23 19:50:46','2024-06-23 19:50:46','f40bd6b8-d2a2-4477-9a06-f63801df53aa'),('aaa5789b-71c2-4292-a167-0c53c6a579ff','Nhóm chấm phản biện11','REVIEWER','2024-06-24 22:51:54','2024-06-24 22:51:54','f40bd6b8-d2a2-4477-9a06-f63801df53aa'),('b47636f3-3013-4e59-817e-4c2717b636c7','Nhóm chấm phản biện14','REVIEWER','2024-06-24 22:54:01','2024-06-24 22:54:01','f40bd6b8-d2a2-4477-9a06-f63801df53aa'),('deb6bcc2-9597-4d89-a91a-ebacb56347de','Nhóm chấm phản biện2','REVIEWER','2024-06-23 19:50:51','2024-06-23 19:50:51','f40bd6b8-d2a2-4477-9a06-f63801df53aa'),('dff7cf02-9eae-4811-8fbc-80a86d376bc8','Nhóm chấm phản biện3','REVIEWER','2024-06-23 19:52:14','2024-06-23 19:52:14','f40bd6b8-d2a2-4477-9a06-f63801df53aa'),('f9c14e6a-edca-4e1b-87ab-43ac3c506a85','Nhóm chấm phản biện4','REVIEWER','2024-06-23 19:54:10','2024-06-23 19:54:10','f40bd6b8-d2a2-4477-9a06-f63801df53aa'),('fabef938-3139-4685-b296-2723a93096b3','Nhóm chấm phản biện15','REVIEWER','2024-06-25 16:10:21','2024-06-25 16:10:21','f40bd6b8-d2a2-4477-9a06-f63801df53aa'),('fffadc58-a158-4408-92e3-a6cc8b8656d5','Nhóm chấm phản biện7','REVIEWER','2024-06-23 19:55:39','2024-06-23 19:55:39','f40bd6b8-d2a2-4477-9a06-f63801df53aa');

INSERT INTO `group_students` VALUES ('02e67ced-e807-487b-b2e0-b10efbde96f3','Nhóm số 21','2024-06-22 23:52:33','2024-06-22 23:52:33','11','f40bd6b8-d2a2-4477-9a06-f63801df53aa'),('06ae5ccd-478f-417e-bcd3-5d205a8f20f9','Nhóm số 16','2024-06-22 23:52:33','2024-06-22 23:52:33','12','f40bd6b8-d2a2-4477-9a06-f63801df53aa'),('07b599f3-b70d-400d-a4ff-dadc1af20860','Nhóm số 3','2024-06-22 23:52:33','2024-06-22 23:52:33','13','f40bd6b8-d2a2-4477-9a06-f63801df53aa'),('086ae5ce-ed61-491e-b6d9-b43360a225fb','Nhóm số 22','2024-06-22 23:52:33','2024-06-22 23:52:33','14','f40bd6b8-d2a2-4477-9a06-f63801df53aa'),('111ba2cc-00f5-4594-acbf-e7d74dbbd453','Nhóm số 11','2024-06-22 23:52:33','2024-06-22 23:52:33','15','f40bd6b8-d2a2-4477-9a06-f63801df53aa'),('293891c8-4fc8-4ff4-83f2-8c8ffe8f8262','Nhóm số 4','2024-06-22 23:52:33','2024-06-22 23:52:33','16','f40bd6b8-d2a2-4477-9a06-f63801df53aa'),('365d205d-fc1c-4ebd-b4e7-f4b466b8d1b5','Nhóm số 18','2024-06-22 23:52:33','2024-06-22 23:52:33','17','f40bd6b8-d2a2-4477-9a06-f63801df53aa'),('3a9a106b-e5be-46fc-bbf1-e73bcee2999d','Nhóm số 13','2024-06-22 23:52:33','2024-06-22 23:52:33','18','f40bd6b8-d2a2-4477-9a06-f63801df53aa'),('457618ff-7a04-465e-9282-fbd2653b4259','Nhóm số 20','2024-06-22 23:52:33','2024-06-22 23:52:33','19','f40bd6b8-d2a2-4477-9a06-f63801df53aa'),('46627ef6-6bf4-438b-94d3-427e9c56380c','Nhóm số 24','2024-06-22 23:52:33','2024-06-22 23:52:33','2','f40bd6b8-d2a2-4477-9a06-f63801df53aa'),('4db074cb-0d5b-4743-9e0c-0e7e9fa19c4f','Nhóm số 15','2024-06-22 23:52:33','2024-06-22 23:52:33','3','f40bd6b8-d2a2-4477-9a06-f63801df53aa'),('62398baf-9c80-4716-bf29-e6c013ad9ad2','Nhóm số 19','2024-06-22 23:52:33','2024-06-22 23:52:33','4','f40bd6b8-d2a2-4477-9a06-f63801df53aa'),('7532a218-e193-4bd1-9415-95684efe1e9d','Nhóm số 14','2024-06-22 23:52:33','2024-06-22 23:52:33','1','f40bd6b8-d2a2-4477-9a06-f63801df53aa'),('7752756f-0431-4453-a8a2-24f95cc5fbfa','Nhóm số 12','2024-06-22 23:52:33','2024-06-22 23:52:33','5','f40bd6b8-d2a2-4477-9a06-f63801df53aa'),('7ab8f409-0d06-4557-9c89-0c9bf3971d95','Nhóm số 10','2024-06-22 23:52:33','2024-06-22 23:52:33','6','f40bd6b8-d2a2-4477-9a06-f63801df53aa'),('816c81fa-b3b0-4653-bd41-0668d983ae30','Nhóm số 5','2024-06-22 23:52:33','2024-06-22 23:52:33','7','f40bd6b8-d2a2-4477-9a06-f63801df53aa'),('8524a1eb-119f-4fef-8e0a-576c065c6b7d','Nhóm số 1','2024-06-22 23:52:33','2024-06-22 23:52:33','8','f40bd6b8-d2a2-4477-9a06-f63801df53aa'),('91f66a32-4ae8-4bd8-8ff4-50acf6ab58ef','Nhóm số 8','2024-06-22 23:52:33','2024-06-22 23:52:33','9','f40bd6b8-d2a2-4477-9a06-f63801df53aa'),('9ca21b0f-57c4-43af-8c62-f65359b7858f','Nhóm số 9','2024-06-22 23:52:33','2024-06-22 23:52:33','10','f40bd6b8-d2a2-4477-9a06-f63801df53aa'),('a260a20e-001a-41d4-92ca-57f562cf9a0c','Nhóm số 7','2024-06-22 23:52:33','2024-06-22 23:52:33','20','f40bd6b8-d2a2-4477-9a06-f63801df53aa'),('a2991da9-afe0-4d8d-84a3-8045ee7f99ec','Nhóm số 2','2024-06-22 23:52:33','2024-06-22 23:52:33','21','f40bd6b8-d2a2-4477-9a06-f63801df53aa'),('c5b1a0ca-04ca-4453-b6d6-da9563569983','Nhóm số 23','2024-06-22 23:52:33','2024-06-22 23:52:33',NULL,'f40bd6b8-d2a2-4477-9a06-f63801df53aa'),('c9f86775-ff9e-4652-a3e2-2c236c35804d','Nhóm số 6','2024-06-22 23:52:33','2024-06-22 23:52:33',NULL,'f40bd6b8-d2a2-4477-9a06-f63801df53aa'),('d44a894d-78b4-44a6-b42c-e6f4b266d81f','Nhóm số 17','2024-06-22 23:52:33','2024-06-22 23:52:33',NULL,'f40bd6b8-d2a2-4477-9a06-f63801df53aa');

INSERT INTO `lecturer_terms` VALUES ('05476cda-b1ba-441f-9cb2-1b784de08da0','2024-06-17 20:58:13','2024-06-17 20:58:13','1717ab3f-d985-4055-8ebc-c0722659e1a2','5769a425-b10b-4892-a839-b9336dc8aabb'),('05a2f8a0-cadc-4861-9f89-a7466eb8378d','2024-06-16 21:39:58','2024-06-16 21:39:58','649b9d6b-09e0-4b55-80bc-535f23cb8f21','f40bd6b8-d2a2-4477-9a06-f63801df53aa'),('065256b8-3a55-4fa8-b422-01079516f5f0','2024-06-25 23:29:10','2024-06-25 23:29:10','96ef20ab-0805-4791-a70c-d845260e2478','4e385168-5e79-42a1-8de5-a07f58e7c2a2'),('086007e1-416e-4a51-a04c-754e66ba7cbc','2024-06-25 23:28:53','2024-06-25 23:28:53','fe50c05f-4089-4802-a241-c4d9b1a8de8a','7d98a855-d805-4122-8649-a6ebab007c86'),('092a481f-1b0a-4766-ab05-627337cf3317','2024-06-16 21:39:58','2024-06-16 21:39:58','f54cba16-ffca-48a7-898b-586ee5f883a1','f40bd6b8-d2a2-4477-9a06-f63801df53aa'),('0f0f36aa-542e-4310-862e-6bb28c9bd15e','2024-06-16 21:49:12','2024-06-16 21:49:12','b5e09818-7337-4187-bb07-24ce63d039d2','dbd340ed-57db-47f1-abad-8e0ad4c9c1f9'),('12773533-d4c3-42c6-81ed-9bfe100ebbc2','2024-06-17 20:58:13','2024-06-17 20:58:13','a39cc5f4-4053-4d25-9c64-8483465013fa','5769a425-b10b-4892-a839-b9336dc8aabb'),('1412a6e3-98da-4df2-8fba-a14521540e9b','2024-06-17 20:58:13','2024-06-17 20:58:13','cfbe5acb-5a9a-4f48-a1e2-54854b0d6c57','5769a425-b10b-4892-a839-b9336dc8aabb'),('1491714e-b0ab-4ce0-96f8-e03a906b49f3','2024-06-17 20:58:13','2024-06-17 20:58:13','b5e09818-7337-4187-bb07-24ce63d039d2','5769a425-b10b-4892-a839-b9336dc8aabb'),('185a6ecd-49f6-4c8c-908f-ffea311abb94','2024-06-16 21:49:12','2024-06-16 21:49:12','f54cba16-ffca-48a7-898b-586ee5f883a1','dbd340ed-57db-47f1-abad-8e0ad4c9c1f9'),('1dd8ab8c-7141-475d-b089-69fe62e295d7','2024-06-25 23:28:53','2024-06-25 23:28:53','d210e370-85fd-45be-bfef-215842e41b1e','7d98a855-d805-4122-8649-a6ebab007c86'),('1e966bd5-b837-4663-8727-66f62c94c4e2','2024-06-25 23:28:53','2024-06-25 23:28:53','1200c265-b5c4-4b18-9faa-0dd968bdcd8b','7d98a855-d805-4122-8649-a6ebab007c86'),('2579e671-7c45-4b2a-88a8-9f4d7977cb61','2024-06-16 21:39:58','2024-06-16 21:39:58','395b7a93-d338-4520-80bc-43fddbc296b1','f40bd6b8-d2a2-4477-9a06-f63801df53aa'),('2939840a-0116-4059-94ce-4358c851323f','2024-06-16 21:49:12','2024-06-16 21:49:12','395b7a93-d338-4520-80bc-43fddbc296b1','dbd340ed-57db-47f1-abad-8e0ad4c9c1f9'),('2a45ac0a-e60f-4879-bceb-21d869ebca08','2024-06-25 23:28:53','2024-06-25 23:28:53','1717ab3f-d985-4055-8ebc-c0722659e1a2','7d98a855-d805-4122-8649-a6ebab007c86'),('2e9700f4-dd4d-4e60-9ab8-e216c1cc3c10','2024-06-16 21:49:12','2024-06-16 21:49:12','9fb63d23-3a69-4356-bf3d-b19461d4970a','dbd340ed-57db-47f1-abad-8e0ad4c9c1f9'),('2f041eab-c2ed-4086-835b-fb9feb5d46ac','2024-06-25 23:28:53','2024-06-25 23:28:53','ad1bb773-2d0f-4932-985b-de325ad6ed2f','7d98a855-d805-4122-8649-a6ebab007c86'),('3335f8df-7571-4db8-b69a-0cdd5c57e923','2024-06-25 23:28:53','2024-06-25 23:28:53','ed62bddf-9420-49f5-a564-1a1583aa732f','7d98a855-d805-4122-8649-a6ebab007c86'),('3588b57a-7b1f-4f3d-8dc5-8cbe76c6869d','2024-06-25 23:28:53','2024-06-25 23:28:53','395b7a93-d338-4520-80bc-43fddbc296b1','7d98a855-d805-4122-8649-a6ebab007c86'),('3ac671be-3395-49b9-b84d-afdbff9011a6','2024-06-17 20:58:13','2024-06-17 20:58:13','fe50c05f-4089-4802-a241-c4d9b1a8de8a','5769a425-b10b-4892-a839-b9336dc8aabb'),('447821c9-93f2-4c49-9c86-bfea08c48a1c','2024-06-16 21:49:12','2024-06-16 21:49:12','649b9d6b-09e0-4b55-80bc-535f23cb8f21','dbd340ed-57db-47f1-abad-8e0ad4c9c1f9'),('4961c193-c334-4ef5-af1d-78eb3a7e3ae5','2024-06-16 21:49:12','2024-06-16 21:49:12','96ef20ab-0805-4791-a70c-d845260e2478','dbd340ed-57db-47f1-abad-8e0ad4c9c1f9'),('4acf794c-d479-4d5a-8a55-fdc6e346cff3','2024-06-25 23:28:53','2024-06-25 23:28:53','55c7a698-af33-4d17-8278-12d389d3aecc','7d98a855-d805-4122-8649-a6ebab007c86'),('4bcac1e6-5887-4cac-8a59-f57971645fb7','2024-06-17 20:58:13','2024-06-17 20:58:13','f54cba16-ffca-48a7-898b-586ee5f883a1','5769a425-b10b-4892-a839-b9336dc8aabb'),('4eff8b69-24ad-4585-a034-1b5fc0d64f67','2024-06-16 21:49:12','2024-06-16 21:49:12','cfbe5acb-5a9a-4f48-a1e2-54854b0d6c57','dbd340ed-57db-47f1-abad-8e0ad4c9c1f9'),('519c322d-2d35-4b25-aca9-9f72b1142f38','2024-06-17 20:58:13','2024-06-17 20:58:13','649b9d6b-09e0-4b55-80bc-535f23cb8f21','5769a425-b10b-4892-a839-b9336dc8aabb'),('57794958-9cf6-4d62-996e-a78da4f84483','2024-06-16 21:49:12','2024-06-16 21:49:12','1717ab3f-d985-4055-8ebc-c0722659e1a2','dbd340ed-57db-47f1-abad-8e0ad4c9c1f9'),('5fd1ef26-c1b2-4e85-b23f-8c51f9ce5c25','2024-06-25 23:28:53','2024-06-25 23:28:53','649b9d6b-09e0-4b55-80bc-535f23cb8f21','7d98a855-d805-4122-8649-a6ebab007c86'),('5ff721d4-12b5-4dcf-a400-22cfc907bc68','2024-06-16 21:39:58','2024-06-16 21:39:58','ed62bddf-9420-49f5-a564-1a1583aa732f','f40bd6b8-d2a2-4477-9a06-f63801df53aa'),('666df2c6-e4cf-4fac-b2e4-c1c49983bf60','2024-06-16 21:49:12','2024-06-16 21:49:12','bad8b3b3-3eb5-494d-b97f-ad1d9b2b8e92','dbd340ed-57db-47f1-abad-8e0ad4c9c1f9'),('68538d06-6d21-4423-84ae-d96c98843511','2024-06-17 20:58:13','2024-06-17 20:58:13','55c7a698-af33-4d17-8278-12d389d3aecc','5769a425-b10b-4892-a839-b9336dc8aabb'),('6a100595-b4a4-4314-9fba-b6820d07b272','2024-06-16 21:39:58','2024-06-16 21:39:58','23f2ba67-b4d1-4cac-a302-dcc8ae250b35','f40bd6b8-d2a2-4477-9a06-f63801df53aa'),('6dbda89d-b4cc-42a9-991f-a1f013fe67bc','2024-06-16 21:39:58','2024-06-16 21:39:58','cfbe5acb-5a9a-4f48-a1e2-54854b0d6c57','f40bd6b8-d2a2-4477-9a06-f63801df53aa'),('6fcb1775-1bbe-46fb-86d3-bbcfa9a09515','2024-06-16 21:39:58','2024-06-16 21:39:58','1717ab3f-d985-4055-8ebc-c0722659e1a2','f40bd6b8-d2a2-4477-9a06-f63801df53aa'),('703d0b97-0d7c-47eb-8994-33434b9cc166','2024-06-17 20:58:13','2024-06-17 20:58:13','bad8b3b3-3eb5-494d-b97f-ad1d9b2b8e92','5769a425-b10b-4892-a839-b9336dc8aabb'),('74f6ff9e-04aa-4533-8195-2d2ad8333c45','2024-06-25 23:28:53','2024-06-25 23:28:53','bad8b3b3-3eb5-494d-b97f-ad1d9b2b8e92','7d98a855-d805-4122-8649-a6ebab007c86'),('79f55d25-155b-4585-a200-229e2e7f14e3','2024-06-25 23:29:10','2024-06-25 23:29:10','f54cba16-ffca-48a7-898b-586ee5f883a1','4e385168-5e79-42a1-8de5-a07f58e7c2a2'),('7bb06c39-1bea-417c-bc85-22cd31970903','2024-06-16 21:39:58','2024-06-16 21:39:58','fe50c05f-4089-4802-a241-c4d9b1a8de8a','f40bd6b8-d2a2-4477-9a06-f63801df53aa'),('7cdbdfea-1bc4-46a3-aeb4-dda9b529cc05','2024-06-16 21:49:12','2024-06-16 21:49:12','1200c265-b5c4-4b18-9faa-0dd968bdcd8b','dbd340ed-57db-47f1-abad-8e0ad4c9c1f9'),('7f57ae97-9e4e-4dcf-8da5-256fe29c84e3','2024-06-17 20:58:13','2024-06-17 20:58:13','1200c265-b5c4-4b18-9faa-0dd968bdcd8b','5769a425-b10b-4892-a839-b9336dc8aabb'),('7f995fe4-9ad5-4978-b4fb-05f56be38bc7','2024-06-17 20:58:13','2024-06-17 20:58:13','58bb9506-7c9a-4d93-a453-df1f58a7939d','5769a425-b10b-4892-a839-b9336dc8aabb'),('833db6c4-5105-4e28-a883-f50002815362','2024-06-25 23:28:53','2024-06-25 23:28:53','37055edb-e031-4d52-b2d3-12ab9bf3f0fb','7d98a855-d805-4122-8649-a6ebab007c86'),('84972efd-2f1c-4cdd-a1d2-dc7c00042144','2024-06-16 21:39:58','2024-06-16 21:39:58','55c7a698-af33-4d17-8278-12d389d3aecc','f40bd6b8-d2a2-4477-9a06-f63801df53aa'),('84e10ea7-69d3-45bc-a85c-ce529509266f','2024-06-25 23:28:53','2024-06-25 23:28:53','51bdb86b-0f7b-464a-91c7-7dca49695971','7d98a855-d805-4122-8649-a6ebab007c86'),('85b668cd-241d-4709-935f-6d0c893c2992','2024-06-25 23:28:53','2024-06-25 23:28:53','b5e09818-7337-4187-bb07-24ce63d039d2','7d98a855-d805-4122-8649-a6ebab007c86'),('8aaa8a1e-93f5-4180-a08b-8e13d8e060ba','2024-06-17 20:58:13','2024-06-17 20:58:13','9fb63d23-3a69-4356-bf3d-b19461d4970a','5769a425-b10b-4892-a839-b9336dc8aabb'),('8b78b7e9-2005-4da8-97ff-c381425e57d2','2024-06-16 21:49:12','2024-06-16 21:49:12','23f2ba67-b4d1-4cac-a302-dcc8ae250b35','dbd340ed-57db-47f1-abad-8e0ad4c9c1f9'),('900d283a-2893-4431-9378-1a04a583b2a7','2024-06-16 21:39:58','2024-06-16 21:39:58','51bdb86b-0f7b-464a-91c7-7dca49695971','f40bd6b8-d2a2-4477-9a06-f63801df53aa'),('9a3b98a9-5c32-4ad1-a83f-ccd187473e43','2024-06-16 21:39:58','2024-06-16 21:39:58','96ef20ab-0805-4791-a70c-d845260e2478','f40bd6b8-d2a2-4477-9a06-f63801df53aa'),('9a6588fe-553c-48ca-88c8-36d603a7e8c3','2024-06-17 20:58:13','2024-06-17 20:58:13','96ef20ab-0805-4791-a70c-d845260e2478','5769a425-b10b-4892-a839-b9336dc8aabb'),('a468637d-0fa7-48cf-abb9-c60b243a8bea','2024-06-16 21:39:58','2024-06-16 21:39:58','58bb9506-7c9a-4d93-a453-df1f58a7939d','f40bd6b8-d2a2-4477-9a06-f63801df53aa'),('a4ea08f3-4df8-4761-9e9f-42ff6abc8d1e','2024-06-16 21:49:12','2024-06-16 21:49:12','55c7a698-af33-4d17-8278-12d389d3aecc','dbd340ed-57db-47f1-abad-8e0ad4c9c1f9'),('a76bf814-d121-4343-b1c6-16faf3502b93','2024-06-16 21:49:12','2024-06-16 21:49:12','a39cc5f4-4053-4d25-9c64-8483465013fa','dbd340ed-57db-47f1-abad-8e0ad4c9c1f9'),('b47467db-a49e-4073-a029-ba0d941645bd','2024-06-25 23:28:53','2024-06-25 23:28:53','96ef20ab-0805-4791-a70c-d845260e2478','7d98a855-d805-4122-8649-a6ebab007c86'),('b490a193-709d-4579-b6e0-fc5bfcdb9274','2024-06-16 21:39:58','2024-06-16 21:39:58','1200c265-b5c4-4b18-9faa-0dd968bdcd8b','f40bd6b8-d2a2-4477-9a06-f63801df53aa'),('b690e247-bc0b-4a45-af44-e6025b811461','2024-06-16 21:49:12','2024-06-16 21:49:12','37055edb-e031-4d52-b2d3-12ab9bf3f0fb','dbd340ed-57db-47f1-abad-8e0ad4c9c1f9'),('b7159eb6-4950-4f21-a2f3-efd7898c76d6','2024-06-25 23:29:10','2024-06-25 23:29:10','9fb63d23-3a69-4356-bf3d-b19461d4970a','4e385168-5e79-42a1-8de5-a07f58e7c2a2'),('b9911a25-73a8-4893-84d1-10a29bfe5e4b','2024-06-17 20:58:13','2024-06-17 20:58:13','23f2ba67-b4d1-4cac-a302-dcc8ae250b35','5769a425-b10b-4892-a839-b9336dc8aabb'),('be623510-6d68-4f3f-a5e0-0854ea7579e8','2024-06-16 21:39:58','2024-06-16 21:39:58','9fb63d23-3a69-4356-bf3d-b19461d4970a','f40bd6b8-d2a2-4477-9a06-f63801df53aa'),('c0ada0bd-0d47-4c8d-aa36-4a4f27bd223b','2024-06-16 21:49:12','2024-06-16 21:49:12','fe50c05f-4089-4802-a241-c4d9b1a8de8a','dbd340ed-57db-47f1-abad-8e0ad4c9c1f9'),('c3099941-dc25-454c-86db-02e403569c84','2024-06-17 20:58:13','2024-06-17 20:58:13','395b7a93-d338-4520-80bc-43fddbc296b1','5769a425-b10b-4892-a839-b9336dc8aabb'),('c9780bdd-f2c5-41d7-b5c8-14a286887cf7','2024-06-16 21:49:12','2024-06-16 21:49:12','ed62bddf-9420-49f5-a564-1a1583aa732f','dbd340ed-57db-47f1-abad-8e0ad4c9c1f9'),('cae5d4d8-3300-47ba-afa1-1c85bf2bf59f','2024-06-25 23:29:10','2024-06-25 23:29:10','cfbe5acb-5a9a-4f48-a1e2-54854b0d6c57','4e385168-5e79-42a1-8de5-a07f58e7c2a2'),('cb11b256-2625-4dba-9adb-f01a0d947566','2024-06-16 21:49:12','2024-06-16 21:49:12','d210e370-85fd-45be-bfef-215842e41b1e','dbd340ed-57db-47f1-abad-8e0ad4c9c1f9'),('cc859f5b-8649-40a4-ad80-5511b4f04127','2024-06-17 20:58:13','2024-06-17 20:58:13','ed62bddf-9420-49f5-a564-1a1583aa732f','5769a425-b10b-4892-a839-b9336dc8aabb'),('ce719a20-15b2-471f-be98-0439490f52e8','2024-06-16 21:39:58','2024-06-16 21:39:58','d210e370-85fd-45be-bfef-215842e41b1e','f40bd6b8-d2a2-4477-9a06-f63801df53aa'),('cee08b38-4ec8-42e3-ba4a-d1d113d895df','2024-06-17 20:58:13','2024-06-17 20:58:13','37055edb-e031-4d52-b2d3-12ab9bf3f0fb','5769a425-b10b-4892-a839-b9336dc8aabb'),('da5a5bdd-c793-4efc-b5e1-a4d5b22710a0','2024-06-17 20:58:13','2024-06-17 20:58:13','51bdb86b-0f7b-464a-91c7-7dca49695971','5769a425-b10b-4892-a839-b9336dc8aabb'),('daf0c5a5-c67f-44ee-bae5-39115b349d1d','2024-06-25 23:28:53','2024-06-25 23:28:53','cfbe5acb-5a9a-4f48-a1e2-54854b0d6c57','7d98a855-d805-4122-8649-a6ebab007c86'),('db2ea726-a66b-4a15-8808-b8fd8547ad58','2024-06-17 20:58:13','2024-06-17 20:58:13','ad1bb773-2d0f-4932-985b-de325ad6ed2f','5769a425-b10b-4892-a839-b9336dc8aabb'),('e15ef8ed-5c41-4e4c-ab4c-a1085429273d','2024-06-16 21:39:58','2024-06-16 21:39:58','bad8b3b3-3eb5-494d-b97f-ad1d9b2b8e92','f40bd6b8-d2a2-4477-9a06-f63801df53aa'),('e23aa5b2-9b92-4645-b08f-4da28f54f0b1','2024-06-25 23:28:53','2024-06-25 23:28:53','9fb63d23-3a69-4356-bf3d-b19461d4970a','7d98a855-d805-4122-8649-a6ebab007c86'),('e63d6bc3-3336-40b6-a5fb-e2d90373fdff','2024-06-17 20:58:13','2024-06-17 20:58:13','d210e370-85fd-45be-bfef-215842e41b1e','5769a425-b10b-4892-a839-b9336dc8aabb'),('ea572246-0651-447f-80a2-c1831d2aee53','2024-06-25 23:29:10','2024-06-25 23:29:10','ed62bddf-9420-49f5-a564-1a1583aa732f','4e385168-5e79-42a1-8de5-a07f58e7c2a2'),('eddbf637-ad04-4311-9186-a2e15ca5099d','2024-06-16 21:49:12','2024-06-16 21:49:12','51bdb86b-0f7b-464a-91c7-7dca49695971','dbd340ed-57db-47f1-abad-8e0ad4c9c1f9'),('eeeaedd0-f497-449e-b16e-e3ff5852426e','2024-06-25 23:28:53','2024-06-25 23:28:53','f54cba16-ffca-48a7-898b-586ee5f883a1','7d98a855-d805-4122-8649-a6ebab007c86'),('efd199dc-2678-476b-9bef-924081eafbc9','2024-06-16 21:39:58','2024-06-16 21:39:58','37055edb-e031-4d52-b2d3-12ab9bf3f0fb','f40bd6b8-d2a2-4477-9a06-f63801df53aa'),('f0064242-d206-4bf2-8986-a2db424673fc','2024-06-16 21:39:58','2024-06-16 21:39:58','ad1bb773-2d0f-4932-985b-de325ad6ed2f','f40bd6b8-d2a2-4477-9a06-f63801df53aa'),('f0115917-ebb6-4627-82c9-4e597e8a0015','2024-06-25 23:28:53','2024-06-25 23:28:53','58bb9506-7c9a-4d93-a453-df1f58a7939d','7d98a855-d805-4122-8649-a6ebab007c86'),('f4b1c686-54fc-43c2-8efa-ea7f4e411b48','2024-06-16 21:49:12','2024-06-16 21:49:12','58bb9506-7c9a-4d93-a453-df1f58a7939d','dbd340ed-57db-47f1-abad-8e0ad4c9c1f9'),('f706288d-80b2-4c8e-abd4-e86b2d91e494','2024-06-25 23:28:53','2024-06-25 23:28:53','a39cc5f4-4053-4d25-9c64-8483465013fa','7d98a855-d805-4122-8649-a6ebab007c86'),('f7447cd5-45b0-48b4-95d7-d1964aaf171d','2024-06-25 23:28:53','2024-06-25 23:28:53','23f2ba67-b4d1-4cac-a302-dcc8ae250b35','7d98a855-d805-4122-8649-a6ebab007c86'),('f9ce6b89-1540-4573-820d-17fc287edda9','2024-06-16 21:49:12','2024-06-16 21:49:12','ad1bb773-2d0f-4932-985b-de325ad6ed2f','dbd340ed-57db-47f1-abad-8e0ad4c9c1f9'),('fb9736e3-e862-4955-8084-81313895d9c7','2024-06-16 21:39:58','2024-06-16 21:39:58','a39cc5f4-4053-4d25-9c64-8483465013fa','f40bd6b8-d2a2-4477-9a06-f63801df53aa'),('ffabb475-52a7-489f-a955-94a39d4cad4e','2024-06-16 21:39:58','2024-06-16 21:39:58','b5e09818-7337-4187-bb07-24ce63d039d2','f40bd6b8-d2a2-4477-9a06-f63801df53aa');

INSERT INTO `lecturers` VALUES ('1200c265-b5c4-4b18-9faa-0dd968bdcd8b','20011239','$2b$10$e44iIUDIkp1g3zBvK1CXQ.obn6F5IeRKVPKVSFYX81GNCX84RwyR2','Châu Thị Bảo Hà',NULL,'0918153584','chauthibaoha@gmail.com','FEMALE','MASTER','LECTURER',0,1,'2024-06-13 16:01:56','2024-06-13 16:01:56','e4fe02cb-f2b0-4afa-885d-d1b93130d350'),('1717ab3f-d985-4055-8ebc-c0722659e1a2','20011236','$2b$10$e44iIUDIkp1g3zBvK1CXQ.obn6F5IeRKVPKVSFYX81GNCX84RwyR2','Trần Thế Trung',NULL,'0947 388789','tranthetrung@iuh.edu.vn','MALE','MASTER','LECTURER',0,1,'2024-06-13 16:01:56','2024-06-13 16:01:56','e4fe02cb-f2b0-4afa-885d-d1b93130d350'),('23f2ba67-b4d1-4cac-a302-dcc8ae250b35','20011238','$2b$10$e44iIUDIkp1g3zBvK1CXQ.obn6F5IeRKVPKVSFYX81GNCX84RwyR2','Tôn Long Phước',NULL,'0933227272','tonlongphuoc@iuh.edu.vn','MALE','MASTER','LECTURER',0,1,'2024-06-13 16:01:56','2024-06-13 16:01:56','e4fe02cb-f2b0-4afa-885d-d1b93130d350'),('37055edb-e031-4d52-b2d3-12ab9bf3f0fb','20011235','$2b$10$e44iIUDIkp1g3zBvK1CXQ.obn6F5IeRKVPKVSFYX81GNCX84RwyR2','Nguyễn Văn Thắng',NULL,'0988648733','thangvnguyen2001@gmail.com','FEMALE','MASTER','LECTURER',0,1,'2024-06-13 16:01:56','2024-06-13 16:01:56','e4fe02cb-f2b0-4afa-885d-d1b93130d350'),('395b7a93-d338-4520-80bc-43fddbc296b1','20418432','$2b$10$blXaUxfROsIDmS08FG8uMuyzPydYQMtUyFz1z9j7fyPOty84Pcg6O','Đặng Thị Thu Hà',NULL,'0364835692','quan2222g@gmail.com','FEMALE','MASTER','LECTURER',0,1,'2024-06-15 23:56:17','2024-06-16 21:47:08','e4fe02cb-f2b0-4afa-885d-d1b93130d350'),('51bdb86b-0f7b-464a-91c7-7dca49695971','20011242','$2b$10$e44iIUDIkp1g3zBvK1CXQ.obn6F5IeRKVPKVSFYX81GNCX84RwyR2','Phạm Thanh Hùng',NULL,'0918805565','ssss@yahoo.com','FEMALE','MASTER','LECTURER',0,1,'2024-06-13 16:01:56','2024-06-16 21:16:26','e4fe02cb-f2b0-4afa-885d-d1b93130d350'),('55c7a698-af33-4d17-8278-12d389d3aecc','20011237','$2b$10$e44iIUDIkp1g3zBvK1CXQ.obn6F5IeRKVPKVSFYX81GNCX84RwyR2','Đặng Thị Thu Hà',NULL,'0903016048','dtthhuha79@gmail.com','MALE','MASTER','LECTURER',0,1,'2024-06-13 16:01:56','2024-06-16 22:58:42','e4fe02cb-f2b0-4afa-885d-d1b93130d350'),('58bb9506-7c9a-4d93-a453-df1f58a7939d','20011254','$2b$10$e44iIUDIkp1g3zBvK1CXQ.obn6F5IeRKVPKVSFYX81GNCX84RwyR2','Đặng Văn Thuận',NULL,'0979788849','dangvanthuan26@gmail.com','MALE','MASTER','LECTURER',0,1,'2024-06-13 16:01:56','2024-06-13 16:01:56','e4fe02cb-f2b0-4afa-885d-d1b93130d350'),('649b9d6b-09e0-4b55-80bc-535f23cb8f21','20011256','$2b$10$e44iIUDIkp1g3zBvK1CXQ.obn6F5IeRKVPKVSFYX81GNCX84RwyR2','Nguyễn Thị Nhung',NULL,'0773070597','ngthihanh@gmail.com','FEMALE','MASTER','LECTURER',0,1,'2024-06-13 16:01:56','2024-06-13 16:01:56','e4fe02cb-f2b0-4afa-885d-d1b93130d350'),('96ef20ab-0805-4791-a70c-d845260e2478','20001241','$2b$10$9gZz40236BLdC34h027hV.FB//lK9mEPnNglWkTebeVDDj7B3jq2q','Nguyễn Trọng Tien',NULL,'0991223334','tiengnuyen@gmail.com','MALE','MASTER','LECTURER',0,1,'2024-06-15 23:46:19','2024-06-16 22:59:03','e4fe02cb-f2b0-4afa-885d-d1b93130d350'),('9fb63d23-3a69-4356-bf3d-b19461d4970a','20001243','$2b$10$9gZz40236BLdC34h027hV.FB//lK9mEPnNglWkTebeVDDj7B3jq2q','Trần Thị Anh Th',NULL,'0882910189','hi@gmail.com','FEMALE','MASTER','LECTURER',0,1,'2024-06-15 23:46:19','2024-06-16 22:59:11','e4fe02cb-f2b0-4afa-885d-d1b93130d350'),('a39cc5f4-4053-4d25-9c64-8483465013fa','20011234','$2b$10$e44iIUDIkp1g3zBvK1CXQ.obn6F5IeRKVPKVSFYX81GNCX84RwyR2','Nguyễn Thị Hồng Lương',NULL,'0903128350','nguyenluong1603@gmail.com','MALE','MASTER','LECTURER',0,1,'2024-06-13 16:01:56','2024-06-13 16:01:56','e4fe02cb-f2b0-4afa-885d-d1b93130d350'),('ad1bb773-2d0f-4932-985b-de325ad6ed2f','20011255','$2b$10$e44iIUDIkp1g3zBvK1CXQ.obn6F5IeRKVPKVSFYX81GNCX84RwyR2','Nguyễn Thị Hạnh',NULL,'0773070596','ngthihanh@gmail.com','FEMALE','MASTER','LECTURER',0,1,'2024-06-13 16:01:56','2024-06-13 16:01:56','e4fe02cb-f2b0-4afa-885d-d1b93130d350'),('b5e09818-7337-4187-bb07-24ce63d039d2','21084321','$2b$10$rkxH/epOlccxqriztmZO8u8hNB77a/z3IqJghHbX.dWjOzpZfN/gS','Nguyễn Thị Hạnh',NULL,'0304125678','hanhnguyen@gmail.com','MALE','MASTER','HEAD_LECTURER',1,1,'2024-06-12 16:48:02','2024-06-16 21:41:19','e4fe02cb-f2b0-4afa-885d-d1b93130d350'),('bad8b3b3-3eb5-494d-b97f-ad1d9b2b8e92','20011241','$2b$10$e44iIUDIkp1g3zBvK1CXQ.obn6F5IeRKVPKVSFYX81GNCX84RwyR2','Nguyễn Trọng Tiến',NULL,'0935020003','nguyentrongtiencntt@gmail.com','MALE','MASTER','LECTURER',0,1,'2024-06-13 16:01:56','2024-06-13 16:01:56','e4fe02cb-f2b0-4afa-885d-d1b93130d350'),('cfbe5acb-5a9a-4f48-a1e2-54854b0d6c57','20001242','$2b$10$9gZz40236BLdC34h027hV.FB//lK9mEPnNglWkTebeVDDj7B3jq2q','Phạm Thanh Hùng',NULL,'0972727482','thanhhung@gmail.com','MALE','MASTER','LECTURER',0,1,'2024-06-15 23:46:19','2024-06-15 23:46:19','e4fe02cb-f2b0-4afa-885d-d1b93130d350'),('d210e370-85fd-45be-bfef-215842e41b1e','20011240','$2b$10$e44iIUDIkp1g3zBvK1CXQ.obn6F5IeRKVPKVSFYX81GNCX84RwyR2','Nguyễn Thị Hoàng Khánh',NULL,'0903444795','ngthihoangkhanh@gmail.com','MALE','MASTER','LECTURER',0,1,'2024-06-13 16:01:56','2024-06-16 20:04:19','e4fe02cb-f2b0-4afa-885d-d1b93130d350'),('ed62bddf-9420-49f5-a564-1a1583aa732f','20001239','$2b$10$9gZz40236BLdC34h027hV.FB//lK9mEPnNglWkTebeVDDj7B3jq2q','Châu Thị Bảo Hà',NULL,'0913128350','chauha@gmail.com','FEMALE','MASTER','LECTURER',0,1,'2024-06-15 23:46:19','2024-06-16 21:41:44','e4fe02cb-f2b0-4afa-885d-d1b93130d350'),('f54cba16-ffca-48a7-898b-586ee5f883a1','20001254','$2b$10$9gZz40236BLdC34h027hV.FB//lK9mEPnNglWkTebeVDDj7B3jq2q','Đặng Văn Thuậ',NULL,'0928182301','thuanDang@gmail.com','FEMALE','MASTER','LECTURER',0,1,'2024-06-15 23:46:19','2024-06-16 20:59:21','e4fe02cb-f2b0-4afa-885d-d1b93130d350'),('fe50c05f-4089-4802-a241-c4d9b1a8de8a','20011243','$2b$10$e44iIUDIkp1g3zBvK1CXQ.obn6F5IeRKVPKVSFYX81GNCX84RwyR2','Trần Thị Anh Thi',NULL,'0985787825','tranthianhthi@iuh.edu.vn','FEMALE','MASTER','LECTURER',0,1,'2024-06-13 16:01:56','2024-06-13 16:01:56','e4fe02cb-f2b0-4afa-885d-d1b93130d350');

INSERT INTO `majors` VALUES ('2d1961b7-3ee4-48af-8de9-6eb83d3a235c','Hệ thống thông tin','2024-06-12 16:26:31','2024-06-12 16:26:31'),('67530b71-04c2-4178-b85a-bbe54d436bec','Công nghệ thông tin','2024-06-12 16:26:44','2024-06-12 16:26:44'),('7c4dac41-bb68-4bd0-90db-358a5dc67df2','Khoa học máy tính','2024-06-12 16:27:04','2024-06-12 16:27:04'),('e4fe02cb-f2b0-4afa-885d-d1b93130d350','Kỹ thuật phần mềm','2024-06-12 16:26:50','2024-06-12 16:26:50'),('fd81793a-2a0a-494d-8d08-d8faf95db82c','Khoa học dữ liệu','2024-06-12 16:27:19','2024-06-12 16:27:19');

INSERT INTO `student_terms` VALUES ('00c31dc6-7893-4667-b496-145d820c7bef','OPEN',0,'2024-06-14 22:23:15','2024-06-14 22:23:15','dbd340ed-57db-47f1-abad-8e0ad4c9c1f9',NULL,'7b5f09af-63b9-4170-995b-0b8106ec9535'),('036f4369-65c5-4722-acbe-377a6982ff56','OPEN',0,'2024-06-14 22:20:50','2024-06-14 22:20:50','7d98a855-d805-4122-8649-a6ebab007c86',NULL,'e8cbe748-36ab-457f-96f2-0ac31b79e660'),('0451026e-11d7-4946-bb2b-792096c0559a','OPEN',0,'2024-06-14 22:22:51','2024-06-14 22:22:51','4e385168-5e79-42a1-8de5-a07f58e7c2a2',NULL,'2ac39c74-cc2a-4d76-a289-8f253a6ade4a'),('04ff42c7-ffad-4279-bba0-234793da3b12','OPEN',0,'2024-06-14 22:22:51','2024-06-14 22:22:51','4e385168-5e79-42a1-8de5-a07f58e7c2a2',NULL,'1f613fe4-1b7e-4993-a7af-1538c28073b4'),('05eb9e08-97ea-4e0a-a08e-de42a388f0ad','FAIL_REVIEWER',0,'2024-06-16 19:04:10','2024-06-25 23:32:03','f40bd6b8-d2a2-4477-9a06-f63801df53aa',NULL,'82ee573a-22b1-4d3d-a1da-2d23548d3234'),('0632ee75-7a73-49c2-9a74-0a3de2b3a640','OPEN',0,'2024-06-14 22:23:15','2024-06-14 22:23:15','dbd340ed-57db-47f1-abad-8e0ad4c9c1f9',NULL,'004cd1df-88a2-47da-9198-56bb130bb42b'),('0739953f-395c-4999-9dac-21d81cbdd13a','OPEN',0,'2024-06-13 16:11:02','2024-06-13 16:11:02','5769a425-b10b-4892-a839-b9336dc8aabb',NULL,'bc17b597-3bee-410d-8697-9a31ee837925'),('075dd9e8-372a-4fab-bae4-0ff7b2e52bd6','OPEN',0,'2024-06-13 16:11:02','2024-06-13 16:11:02','5769a425-b10b-4892-a839-b9336dc8aabb',NULL,'a00b740d-d486-4b84-a45a-b4e98441248b'),('078d27d4-5bbb-430f-8ec2-ce8f3d7c2162','OPEN',0,'2024-06-14 22:20:50','2024-06-14 22:20:50','7d98a855-d805-4122-8649-a6ebab007c86',NULL,'d4dd648b-268f-4fbf-8ec4-8ce0fe7cd2e6'),('08043d25-fc07-4f31-87b1-203afa86f1ff','OPEN',0,'2024-06-14 22:22:51','2024-06-14 22:22:51','4e385168-5e79-42a1-8de5-a07f58e7c2a2',NULL,'904b83a0-8b24-43d7-babb-8cd3eaab2a3f'),('09de3242-bf9e-4fd4-89d3-3706ef1eb123','OPEN',0,'2024-06-14 22:20:50','2024-06-14 22:20:50','7d98a855-d805-4122-8649-a6ebab007c86',NULL,'4679f35a-3143-45af-84ea-d53bb266efdb'),('0b0c19ee-26c6-4d6a-abd5-37d6817d0b5a','FAIL_REVIEWER',0,'2024-06-16 19:04:10','2024-06-23 15:46:04','f40bd6b8-d2a2-4477-9a06-f63801df53aa',NULL,'2272d3b2-9d06-4271-93da-94b96919772d'),('0f272782-02a0-4a02-bbb4-6ebca06ceedf','OPEN',0,'2024-06-14 22:22:51','2024-06-14 22:22:51','4e385168-5e79-42a1-8de5-a07f58e7c2a2',NULL,'0903b06f-8ab3-4d9e-81ff-e6e3d136789a'),('11379daa-3b7c-4f9d-88df-6adaadb9de6b','OPEN',0,'2024-06-14 22:22:51','2024-06-14 22:22:51','4e385168-5e79-42a1-8de5-a07f58e7c2a2',NULL,'d99462b3-13c4-41d4-9d2e-a7ead5aac437'),('1318281a-7ea1-48cb-af63-3ab84ec889a9','OPEN',0,'2024-06-16 19:04:10','2024-06-16 19:04:10','f40bd6b8-d2a2-4477-9a06-f63801df53aa',NULL,'e20b1a4c-0165-4f38-b0a2-e96669add2cd'),('15e17e2a-6d77-4c63-8b90-312ed504f2d5','OPEN',0,'2024-06-14 22:23:15','2024-06-14 22:23:15','dbd340ed-57db-47f1-abad-8e0ad4c9c1f9',NULL,'a00b740d-d486-4b84-a45a-b4e98441248b'),('167aa8dc-493c-4dcc-82c2-4286e088c30a','OPEN',0,'2024-06-14 22:20:50','2024-06-14 22:20:50','7d98a855-d805-4122-8649-a6ebab007c86',NULL,'2a345faf-510c-449d-b6f6-68f0eee15ca7'),('17b1feab-1eab-4fd9-9551-577e5e1b56ff','OPEN',0,'2024-06-14 22:22:51','2024-06-14 22:22:51','4e385168-5e79-42a1-8de5-a07f58e7c2a2',NULL,'004cd1df-88a2-47da-9198-56bb130bb42b'),('1817f644-e2cf-4b0e-b72b-8fbddf29940c','OPEN',0,'2024-06-13 16:11:02','2024-06-13 16:11:02','5769a425-b10b-4892-a839-b9336dc8aabb',NULL,'411fb889-af68-494b-8b53-725156f72a33'),('18529929-0eec-4b4a-8391-7dffe1b01e40','OPEN',0,'2024-06-14 22:23:15','2024-06-14 22:23:15','dbd340ed-57db-47f1-abad-8e0ad4c9c1f9',NULL,'60810b65-cad6-4bab-bde0-20c3eb3d348d'),('185bb219-b189-4a04-b7a1-47be65546e07','OPEN',0,'2024-06-13 16:11:02','2024-06-13 16:11:02','5769a425-b10b-4892-a839-b9336dc8aabb',NULL,'f32d80db-dbb7-4c83-ba1d-58d25b46778c'),('18ccece4-9db7-4cea-a0a4-f8ebf562db75','OPEN',0,'2024-06-14 22:22:51','2024-06-14 22:22:51','4e385168-5e79-42a1-8de5-a07f58e7c2a2',NULL,'e20b1a4c-0165-4f38-b0a2-e96669add2cd'),('1af9eb34-b934-43f8-8aff-d11d3bfcadc6','OPEN',0,'2024-06-14 22:22:51','2024-06-14 22:22:51','4e385168-5e79-42a1-8de5-a07f58e7c2a2',NULL,'bdc49808-d4b0-4dc5-b3c6-e10cc58dcc4b'),('1b8aaaeb-5dd1-4499-a746-bf5d698afa55','OPEN',0,'2024-06-13 16:11:02','2024-06-13 16:11:02','5769a425-b10b-4892-a839-b9336dc8aabb',NULL,'2ac39c74-cc2a-4d76-a289-8f253a6ade4a'),('1c94dc1e-cd96-4d05-bb7c-351932dc5a34','OPEN',0,'2024-06-13 16:11:02','2024-06-13 16:11:02','5769a425-b10b-4892-a839-b9336dc8aabb',NULL,'904b83a0-8b24-43d7-babb-8cd3eaab2a3f'),('1cd87c11-505d-4196-86da-86d84b3f9814','OPEN',0,'2024-06-14 22:22:51','2024-06-14 22:22:51','4e385168-5e79-42a1-8de5-a07f58e7c2a2',NULL,'4ddacbff-5420-43d0-a2e8-3704ebfd5036'),('1e210e61-fdd6-48ae-aede-842c367082d6','OPEN',0,'2024-06-13 16:11:02','2024-06-13 16:11:02','5769a425-b10b-4892-a839-b9336dc8aabb',NULL,'09ef9791-eadc-4042-abdc-664085806875'),('1e58bf4b-28ba-4729-9a77-cf2c524a7c68','OPEN',0,'2024-06-14 22:20:50','2024-06-14 22:20:50','7d98a855-d805-4122-8649-a6ebab007c86',NULL,'4ddacbff-5420-43d0-a2e8-3704ebfd5036'),('1f5dd2f3-aaab-4016-a61a-32c891f1c79d','OPEN',0,'2024-06-14 22:22:51','2024-06-14 22:22:51','4e385168-5e79-42a1-8de5-a07f58e7c2a2',NULL,'b8df8187-f8aa-4189-9d67-64040597c0c0'),('22188261-bcd7-4db7-84a5-2bd332196e55','OPEN',0,'2024-06-14 22:23:15','2024-06-14 22:23:15','dbd340ed-57db-47f1-abad-8e0ad4c9c1f9',NULL,'ab675d06-5aa2-46f7-aa9a-cd7425bd5920'),('22650eaf-ec7a-4cd1-b7f3-15670f365ab2','OPEN',0,'2024-06-16 19:04:10','2024-06-16 19:04:10','f40bd6b8-d2a2-4477-9a06-f63801df53aa',NULL,'7b5f09af-63b9-4170-995b-0b8106ec9535'),('226a4489-75ed-4dd6-aded-53d3e5179a12','OPEN',0,'2024-06-14 22:22:51','2024-06-14 22:22:51','4e385168-5e79-42a1-8de5-a07f58e7c2a2',NULL,'5f42e20e-31fc-4256-a30e-ddf80661bc12'),('2322a256-76dc-437a-8e4b-12ce83634b9d','OPEN',0,'2024-06-13 16:11:02','2024-06-13 16:11:02','5769a425-b10b-4892-a839-b9336dc8aabb',NULL,'3d90c9a4-76c3-4840-822f-da67572719f9'),('242b86c1-a76b-4a96-a410-7cd2ebe9944e','OPEN',0,'2024-06-14 22:20:50','2024-06-14 22:20:50','7d98a855-d805-4122-8649-a6ebab007c86',NULL,'dd60fd7b-b486-460b-b5cf-358c57836f5b'),('243e922c-5441-48b2-b903-1f756d1834b0','OPEN',0,'2024-06-14 22:20:50','2024-06-14 22:20:50','7d98a855-d805-4122-8649-a6ebab007c86',NULL,'1f613fe4-1b7e-4993-a7af-1538c28073b4'),('2519554d-7b43-424b-8b6d-41555d37670b','OPEN',0,'2024-06-14 22:22:51','2024-06-14 22:22:51','4e385168-5e79-42a1-8de5-a07f58e7c2a2',NULL,'8460be43-7a74-44c3-b294-21ba94c9bff5'),('2545d39e-fb46-4ce9-bc96-3e068675a25a','OPEN',0,'2024-06-13 16:11:02','2024-06-13 16:11:02','5769a425-b10b-4892-a839-b9336dc8aabb',NULL,'1be9e6d3-854b-4b76-92c1-9197018a3a4f'),('25c2aebe-7d55-4899-ad2b-97a769d0634f','OPEN',0,'2024-06-13 16:11:02','2024-06-13 16:11:02','5769a425-b10b-4892-a839-b9336dc8aabb',NULL,'1f613fe4-1b7e-4993-a7af-1538c28073b4'),('280505b1-ebeb-47f1-9526-6c45b0c88018','OPEN',0,'2024-06-14 22:22:51','2024-06-14 22:22:51','4e385168-5e79-42a1-8de5-a07f58e7c2a2',NULL,'68ade193-a6fa-4643-8f22-84dbcd453a85'),('2854db95-0296-4422-8cd9-62b8f948150a','OPEN',0,'2024-06-14 22:20:50','2024-06-14 22:20:50','7d98a855-d805-4122-8649-a6ebab007c86',NULL,'0903b06f-8ab3-4d9e-81ff-e6e3d136789a'),('285e208f-9982-44f9-a3ae-35ec61bc8c81','OPEN',0,'2024-06-14 22:20:50','2024-06-14 22:20:50','7d98a855-d805-4122-8649-a6ebab007c86',NULL,'5655adef-1dd6-41cf-b4d0-bbf1641c271e'),('287687db-8215-4a62-8fc8-6b778dbb9d4b','OPEN',0,'2024-06-13 16:11:02','2024-06-13 16:11:02','5769a425-b10b-4892-a839-b9336dc8aabb',NULL,'e8cbe748-36ab-457f-96f2-0ac31b79e660'),('2a2f5038-5222-4a65-b55f-9f7bcf82a924','OPEN',0,'2024-06-16 19:04:10','2024-06-16 19:04:10','f40bd6b8-d2a2-4477-9a06-f63801df53aa',NULL,'0903b06f-8ab3-4d9e-81ff-e6e3d136789a'),('2a4a0825-93bd-404c-b80e-9e4459bd303d','OPEN',0,'2024-06-14 22:20:50','2024-06-14 22:20:50','7d98a855-d805-4122-8649-a6ebab007c86',NULL,'904b83a0-8b24-43d7-babb-8cd3eaab2a3f'),('2a82e3d0-ccdd-48c9-84c0-d225b9cf799c','OPEN',0,'2024-06-14 22:23:15','2024-06-14 22:23:15','dbd340ed-57db-47f1-abad-8e0ad4c9c1f9',NULL,'bdc49808-d4b0-4dc5-b3c6-e10cc58dcc4b'),('2aae12aa-9d22-49c1-9b48-3d1db5fe9859','OPEN',0,'2024-06-16 19:04:10','2024-06-16 19:04:10','f40bd6b8-d2a2-4477-9a06-f63801df53aa',NULL,'1d4dc4de-2447-48ad-b2de-94d350c17e60'),('2b5528b0-6e64-4de7-a30c-09233841fccd','OPEN',0,'2024-06-16 19:04:10','2024-06-16 19:04:10','f40bd6b8-d2a2-4477-9a06-f63801df53aa',NULL,'f32d80db-dbb7-4c83-ba1d-58d25b46778c'),('2bb84365-5aee-4bd7-8cc3-d13c3866844c','OPEN',0,'2024-06-14 22:22:51','2024-06-14 22:22:51','4e385168-5e79-42a1-8de5-a07f58e7c2a2',NULL,'8784afff-7308-4420-b8e3-c5e6dcf5c8d9'),('2f7baa9f-fee0-4069-addc-c92dca7367fb','OPEN',0,'2024-06-14 22:22:51','2024-06-14 22:22:51','4e385168-5e79-42a1-8de5-a07f58e7c2a2',NULL,'4679f35a-3143-45af-84ea-d53bb266efdb'),('2fe656dc-592c-44db-8622-26bca9c7304f','OPEN',0,'2024-06-14 22:20:50','2024-06-14 22:20:50','7d98a855-d805-4122-8649-a6ebab007c86',NULL,'f32d80db-dbb7-4c83-ba1d-58d25b46778c'),('302ea410-7031-4644-88c6-951713fce16a','OPEN',0,'2024-06-16 19:04:10','2024-06-16 19:04:10','f40bd6b8-d2a2-4477-9a06-f63801df53aa',NULL,'1be9e6d3-854b-4b76-92c1-9197018a3a4f'),('31286c83-45c4-472a-afca-2f77d604ced4','OPEN',0,'2024-06-14 22:23:15','2024-06-14 22:23:15','dbd340ed-57db-47f1-abad-8e0ad4c9c1f9',NULL,'0903b06f-8ab3-4d9e-81ff-e6e3d136789a'),('32d2babf-4451-4f17-9d70-987948e21252','OPEN',0,'2024-06-13 16:11:02','2024-06-13 16:11:02','5769a425-b10b-4892-a839-b9336dc8aabb',NULL,'bdc49808-d4b0-4dc5-b3c6-e10cc58dcc4b'),('35b8e5e5-646a-4609-b000-875438abcb51','OPEN',0,'2024-06-16 19:04:10','2024-06-16 19:04:10','f40bd6b8-d2a2-4477-9a06-f63801df53aa',NULL,'ab675d06-5aa2-46f7-aa9a-cd7425bd5920'),('365182fd-d03d-4558-8a2f-b5ed388018c4','OPEN',0,'2024-06-14 22:22:51','2024-06-14 22:22:51','4e385168-5e79-42a1-8de5-a07f58e7c2a2',NULL,'fdd16288-e542-4e91-9049-61e183b264ac'),('36ef3fe4-eba8-444c-bacf-f1ba805deb16','OPEN',0,'2024-06-14 22:20:50','2024-06-14 22:20:50','7d98a855-d805-4122-8649-a6ebab007c86',NULL,'bdc49808-d4b0-4dc5-b3c6-e10cc58dcc4b'),('37b1c0dc-be89-4775-b6a1-0ca5df8a22fb','OPEN',0,'2024-06-14 22:22:51','2024-06-14 22:22:51','4e385168-5e79-42a1-8de5-a07f58e7c2a2',NULL,'dba534da-3315-4c0c-b8c5-939f8a5396c7'),('3c878d67-a4d4-4647-adda-61b124f6bbf9','OPEN',0,'2024-06-14 22:23:15','2024-06-14 22:23:15','dbd340ed-57db-47f1-abad-8e0ad4c9c1f9',NULL,'bc17b597-3bee-410d-8697-9a31ee837925'),('3d8b6dbb-1b4b-4d95-817f-98788e34efed','PASS_ADVISOR',0,'2024-06-14 22:20:50','2024-06-15 22:49:23','7d98a855-d805-4122-8649-a6ebab007c86',NULL,'04ff99c4-92ec-4644-a966-d74a826eb2e7'),('3da3c46a-53ba-4cf9-acc0-2f8b3ca2121c','OPEN',0,'2024-06-14 22:20:50','2024-06-14 22:20:50','7d98a855-d805-4122-8649-a6ebab007c86',NULL,'82ee573a-22b1-4d3d-a1da-2d23548d3234'),('3e0f25d5-c583-4700-ae86-2cec31c90e97','OPEN',0,'2024-06-14 22:20:50','2024-06-14 22:20:50','7d98a855-d805-4122-8649-a6ebab007c86',NULL,'fdd16288-e542-4e91-9049-61e183b264ac'),('3e83b375-3b10-444c-9259-af1b6d23bb01','OPEN',0,'2024-06-14 22:23:15','2024-06-14 22:23:15','dbd340ed-57db-47f1-abad-8e0ad4c9c1f9',NULL,'1f613fe4-1b7e-4993-a7af-1538c28073b4'),('3f967ce5-89df-4530-9d8d-4e989e9eb26e','OPEN',0,'2024-06-14 22:20:50','2024-06-14 22:20:50','7d98a855-d805-4122-8649-a6ebab007c86',NULL,'1d4dc4de-2447-48ad-b2de-94d350c17e60'),('403090eb-a204-4cf8-aa56-8ebbc4867e0d','OPEN',0,'2024-06-13 16:11:02','2024-06-13 16:11:02','5769a425-b10b-4892-a839-b9336dc8aabb',NULL,'5655adef-1dd6-41cf-b4d0-bbf1641c271e'),('40fd5bfa-b672-431d-a975-33087039e53a','OPEN',0,'2024-06-14 22:20:50','2024-06-14 22:20:50','7d98a855-d805-4122-8649-a6ebab007c86',NULL,'3d90c9a4-76c3-4840-822f-da67572719f9'),('417abaf5-8a65-4c19-9ae3-781a1eb7cef5','OPEN',0,'2024-06-14 22:23:15','2024-06-14 22:23:15','dbd340ed-57db-47f1-abad-8e0ad4c9c1f9',NULL,'17c1885c-d039-431b-9289-3df16312947a'),('4233b73d-f4bf-448c-83f3-a48513601b9d','OPEN',0,'2024-06-14 22:22:51','2024-06-14 22:22:51','4e385168-5e79-42a1-8de5-a07f58e7c2a2',NULL,'dd60fd7b-b486-460b-b5cf-358c57836f5b'),('4362ff16-8937-4aff-beaf-e8a13eb113e3','OPEN',0,'2024-06-13 16:11:02','2024-06-13 16:11:02','5769a425-b10b-4892-a839-b9336dc8aabb',NULL,'e20b1a4c-0165-4f38-b0a2-e96669add2cd'),('43c38289-18be-4d6f-854c-b8a611c5a3dd','OPEN',0,'2024-06-16 19:04:10','2024-06-16 19:04:10','f40bd6b8-d2a2-4477-9a06-f63801df53aa',NULL,'d9ca3ebc-9dc2-4b40-a5a3-a2ec38a320ef'),('44a385ed-2794-4826-88fc-09223fd17bc5','OPEN',0,'2024-06-14 22:23:15','2024-06-14 22:23:15','dbd340ed-57db-47f1-abad-8e0ad4c9c1f9',NULL,'71c7947c-61e4-44c6-9116-06edc64c796d'),('466f5312-83a0-4fff-b150-b14f88a1cf16','OPEN',0,'2024-06-14 22:20:50','2024-06-14 22:20:50','7d98a855-d805-4122-8649-a6ebab007c86',NULL,'dba534da-3315-4c0c-b8c5-939f8a5396c7'),('47328d46-4a95-43d2-98dd-053712734abe','OPEN',0,'2024-06-14 22:23:15','2024-06-14 22:23:15','dbd340ed-57db-47f1-abad-8e0ad4c9c1f9',NULL,'3d90c9a4-76c3-4840-822f-da67572719f9'),('47b0dabb-7826-4f88-a3e2-0f87ae38c0b1','OPEN',0,'2024-06-16 19:04:10','2024-06-16 19:04:10','f40bd6b8-d2a2-4477-9a06-f63801df53aa',NULL,'4ddacbff-5420-43d0-a2e8-3704ebfd5036'),('48e5bf2e-0a86-4107-b911-fe343e3c9e32','OPEN',0,'2024-06-14 22:23:15','2024-06-14 22:23:15','dbd340ed-57db-47f1-abad-8e0ad4c9c1f9',NULL,'fdd16288-e542-4e91-9049-61e183b264ac'),('4ad72c74-d156-4d55-984a-e960094940e0','OPEN',0,'2024-06-16 19:04:10','2024-06-16 19:04:10','f40bd6b8-d2a2-4477-9a06-f63801df53aa',NULL,'5f42e20e-31fc-4256-a30e-ddf80661bc12'),('4d161098-9132-46fa-ba41-d46b94a8966e','OPEN',0,'2024-06-14 22:20:50','2024-06-14 22:20:50','7d98a855-d805-4122-8649-a6ebab007c86',NULL,'ab675d06-5aa2-46f7-aa9a-cd7425bd5920'),('4de0a63d-3264-450c-a0d0-cdbd29cdcb9c','OPEN',0,'2024-06-16 19:04:10','2024-06-16 19:04:10','f40bd6b8-d2a2-4477-9a06-f63801df53aa',NULL,'d99462b3-13c4-41d4-9d2e-a7ead5aac437'),('4f77da67-f58e-44da-a91c-7abab4ae8ba4','OPEN',0,'2024-06-14 22:22:51','2024-06-14 22:22:51','4e385168-5e79-42a1-8de5-a07f58e7c2a2',NULL,'fd61987f-7091-44e2-bb15-3a07c26ceab6'),('4fdcaa91-5a46-4313-870a-b91bf7428f85','OPEN',0,'2024-06-13 16:11:02','2024-06-13 16:11:02','5769a425-b10b-4892-a839-b9336dc8aabb',NULL,'d9ca3ebc-9dc2-4b40-a5a3-a2ec38a320ef'),('508f915f-bfe3-4b17-b316-16e5c15677f0','OPEN',0,'2024-06-13 16:14:45','2024-06-13 16:14:45','dbd340ed-57db-47f1-abad-8e0ad4c9c1f9',NULL,'4df7c441-7a1a-4dd7-a0ee-4b1b8de8ffd2'),('5367be07-c347-445a-8f03-1a547c5a705c','OPEN',0,'2024-06-14 22:22:51','2024-06-14 22:22:51','4e385168-5e79-42a1-8de5-a07f58e7c2a2',NULL,'a00b740d-d486-4b84-a45a-b4e98441248b'),('545b1e41-a99f-4290-b2f8-691c6e023cf1','OPEN',0,'2024-06-14 22:23:15','2024-06-14 22:23:15','dbd340ed-57db-47f1-abad-8e0ad4c9c1f9',NULL,'dba534da-3315-4c0c-b8c5-939f8a5396c7'),('551a13a1-aa0c-4180-8e01-c3d00119435b','OPEN',0,'2024-06-14 22:23:15','2024-06-14 22:23:15','dbd340ed-57db-47f1-abad-8e0ad4c9c1f9',NULL,'b8df8187-f8aa-4189-9d67-64040597c0c0'),('571ad26d-9783-4ecb-89b4-111cd6908642','OPEN',0,'2024-06-16 19:04:10','2024-06-16 19:04:10','f40bd6b8-d2a2-4477-9a06-f63801df53aa',NULL,'1f613fe4-1b7e-4993-a7af-1538c28073b4'),('5826a9d2-039f-4e00-a8db-e4ba00a23246','OPEN',0,'2024-06-14 22:20:50','2024-06-14 22:20:50','7d98a855-d805-4122-8649-a6ebab007c86',NULL,'d93700f0-97db-48ac-a283-82145a9e4e8b'),('5e79dd29-5f32-4d22-aac2-1f1ca40090b8','OPEN',0,'2024-06-14 22:20:50','2024-06-14 22:20:50','7d98a855-d805-4122-8649-a6ebab007c86',NULL,'b8df8187-f8aa-4189-9d67-64040597c0c0'),('61a9ce6b-f14a-461a-a474-298b34cf8c44','OPEN',0,'2024-06-13 16:11:02','2024-06-13 16:11:02','5769a425-b10b-4892-a839-b9336dc8aabb',NULL,'8784afff-7308-4420-b8e3-c5e6dcf5c8d9'),('61b3805b-0ea2-4258-8d7a-66202559687a','OPEN',0,'2024-06-13 16:11:02','2024-06-13 16:11:02','5769a425-b10b-4892-a839-b9336dc8aabb',NULL,'e5224242-4685-4b1a-ae94-b31ff50e23a4'),('61d7b6d1-f2cd-45ad-be0c-3c7fa8e4b126','OPEN',0,'2024-06-14 22:22:51','2024-06-14 22:22:51','4e385168-5e79-42a1-8de5-a07f58e7c2a2',NULL,'89e98872-a38d-4cb5-96a2-a04370295b32'),('621740bb-76dd-45bb-8fc9-2245c29da9d3','OPEN',0,'2024-06-14 22:22:51','2024-06-14 22:22:51','4e385168-5e79-42a1-8de5-a07f58e7c2a2',NULL,'a58e8928-9916-4df1-801f-45a2516844a5'),('632d1502-dd7b-47eb-a96c-1a7706d934ef','OPEN',0,'2024-06-14 22:22:51','2024-06-14 22:22:51','4e385168-5e79-42a1-8de5-a07f58e7c2a2',NULL,'411fb889-af68-494b-8b53-725156f72a33'),('642d1df6-b123-4a0e-b948-d92f28aeb8e0','OPEN',0,'2024-06-14 22:20:50','2024-06-14 22:20:50','7d98a855-d805-4122-8649-a6ebab007c86',NULL,'411fb889-af68-494b-8b53-725156f72a33'),('64388b88-30bb-4340-a705-3c09c2704b41','OPEN',0,'2024-06-13 16:11:02','2024-06-13 16:11:02','5769a425-b10b-4892-a839-b9336dc8aabb',NULL,'dd60fd7b-b486-460b-b5cf-358c57836f5b'),('6453d762-7bbf-4b54-b047-7798185c71db','OPEN',0,'2024-06-14 22:23:15','2024-06-14 22:23:15','dbd340ed-57db-47f1-abad-8e0ad4c9c1f9',NULL,'82ee573a-22b1-4d3d-a1da-2d23548d3234'),('64ee86dd-c41b-4dd9-a72b-f6495fafbd1b','OPEN',0,'2024-06-14 22:20:50','2024-06-14 22:20:50','7d98a855-d805-4122-8649-a6ebab007c86',NULL,'a00b740d-d486-4b84-a45a-b4e98441248b'),('65f4286f-3583-4677-9a4e-a4ab0ecfc91e','OPEN',0,'2024-06-14 22:23:15','2024-06-14 22:23:15','dbd340ed-57db-47f1-abad-8e0ad4c9c1f9',NULL,'e5224242-4685-4b1a-ae94-b31ff50e23a4'),('67f9030f-8dd6-478d-aa51-82ef25457c34','OPEN',0,'2024-06-14 22:23:15','2024-06-14 22:23:15','dbd340ed-57db-47f1-abad-8e0ad4c9c1f9',NULL,'e20b1a4c-0165-4f38-b0a2-e96669add2cd'),('683c21e5-72e5-4c6b-b8a0-41f061ec3a51','OPEN',0,'2024-06-14 22:20:50','2024-06-14 22:20:50','7d98a855-d805-4122-8649-a6ebab007c86',NULL,'d9ca3ebc-9dc2-4b40-a5a3-a2ec38a320ef'),('688ff172-0ad9-4c42-9cda-9aecb30e2880','OPEN',0,'2024-06-16 19:04:10','2024-06-16 19:04:10','f40bd6b8-d2a2-4477-9a06-f63801df53aa',NULL,'2ac39c74-cc2a-4d76-a289-8f253a6ade4a'),('68f46a2f-9984-4ba7-8e89-dda048776af6','OPEN',0,'2024-06-14 22:22:51','2024-06-14 22:22:51','4e385168-5e79-42a1-8de5-a07f58e7c2a2',NULL,'3d90c9a4-76c3-4840-822f-da67572719f9'),('694bc9c0-f5ef-49ec-9fb3-1513564bc19f','OPEN',0,'2024-06-16 19:04:10','2024-06-16 19:04:10','f40bd6b8-d2a2-4477-9a06-f63801df53aa',NULL,'312fccc2-ebc4-4fe6-ac3f-9ae8e80afbd2'),('6a28b37b-27ae-4be8-8fc4-1fa3a37ec034','OPEN',0,'2024-06-16 19:04:10','2024-06-16 19:04:10','f40bd6b8-d2a2-4477-9a06-f63801df53aa',NULL,'5655adef-1dd6-41cf-b4d0-bbf1641c271e'),('6b1deda3-522e-4e79-a7b2-cdf10619dc12','OPEN',0,'2024-06-14 22:22:51','2024-06-14 22:22:51','4e385168-5e79-42a1-8de5-a07f58e7c2a2',NULL,'04ff99c4-92ec-4644-a966-d74a826eb2e7'),('6c8e33b5-0319-4c14-86d3-28de9c6474cd','OPEN',0,'2024-06-14 22:23:15','2024-06-14 22:23:15','dbd340ed-57db-47f1-abad-8e0ad4c9c1f9',NULL,'dd60fd7b-b486-460b-b5cf-358c57836f5b'),('6cc485f6-60b3-48ff-983a-2a10430145b3','OPEN',0,'2024-06-14 22:20:50','2024-06-14 22:20:50','7d98a855-d805-4122-8649-a6ebab007c86',NULL,'312fccc2-ebc4-4fe6-ac3f-9ae8e80afbd2'),('70b68f62-0125-4eae-9a4a-1e173cd461bb','OPEN',0,'2024-06-13 16:11:02','2024-06-13 16:11:02','5769a425-b10b-4892-a839-b9336dc8aabb',NULL,'04ff99c4-92ec-4644-a966-d74a826eb2e7'),('70de4463-e4c5-495b-8f08-7b10b599cc9a','OPEN',0,'2024-06-14 22:23:15','2024-06-14 22:23:15','dbd340ed-57db-47f1-abad-8e0ad4c9c1f9',NULL,'2272d3b2-9d06-4271-93da-94b96919772d'),('71c4d9d4-20a5-480b-b1c6-a7b70feada8d','OPEN',0,'2024-06-14 22:20:50','2024-06-14 22:20:50','7d98a855-d805-4122-8649-a6ebab007c86',NULL,'e5224242-4685-4b1a-ae94-b31ff50e23a4'),('71d6b30f-dd1d-471c-a934-4198ee2d34be','OPEN',0,'2024-06-14 22:23:15','2024-06-14 22:23:15','dbd340ed-57db-47f1-abad-8e0ad4c9c1f9',NULL,'5655adef-1dd6-41cf-b4d0-bbf1641c271e'),('72a08e76-163e-4a94-b15c-d1fdb36e973b','OPEN',0,'2024-06-13 16:11:02','2024-06-13 16:11:02','5769a425-b10b-4892-a839-b9336dc8aabb',NULL,'312fccc2-ebc4-4fe6-ac3f-9ae8e80afbd2'),('736cbcc9-ce73-4249-9d93-70fe7f6f212e','OPEN',0,'2024-06-14 22:22:51','2024-06-14 22:22:51','4e385168-5e79-42a1-8de5-a07f58e7c2a2',NULL,'8e06e316-ced9-40be-814c-5f21407aac6b'),('7457a65c-eaf9-4fe2-8e5f-664443efe86b','OPEN',0,'2024-06-16 19:04:10','2024-06-16 19:04:10','f40bd6b8-d2a2-4477-9a06-f63801df53aa',NULL,'bc17b597-3bee-410d-8697-9a31ee837925'),('76c8c592-534f-41ad-8230-b88f77391d20','OPEN',0,'2024-06-16 19:04:10','2024-06-16 19:04:10','f40bd6b8-d2a2-4477-9a06-f63801df53aa',NULL,'71c7947c-61e4-44c6-9116-06edc64c796d'),('778873b2-8a38-42f1-889d-ec142ef48371','OPEN',0,'2024-06-14 22:20:50','2024-06-14 22:20:50','7d98a855-d805-4122-8649-a6ebab007c86',NULL,'e20b1a4c-0165-4f38-b0a2-e96669add2cd'),('7adcec86-6b0d-49db-a621-9c0dfe10f141','OPEN',0,'2024-06-14 22:22:51','2024-06-14 22:22:51','4e385168-5e79-42a1-8de5-a07f58e7c2a2',NULL,'17c1885c-d039-431b-9289-3df16312947a'),('7c1cda3e-baa8-4dfd-895f-48e6c87825fa','OPEN',0,'2024-06-16 19:04:10','2024-06-16 19:04:10','f40bd6b8-d2a2-4477-9a06-f63801df53aa',NULL,'684fa933-d59a-465f-838e-7fb1c64432fb'),('7c683ae8-af58-4a39-9f74-bf58b4b31a52','OPEN',0,'2024-06-16 19:04:10','2024-06-16 19:04:10','f40bd6b8-d2a2-4477-9a06-f63801df53aa',NULL,'09ef9791-eadc-4042-abdc-664085806875'),('7c75093f-28ff-41c0-a66c-4a414ebbb668','OPEN',0,'2024-06-14 22:20:50','2024-06-14 22:20:50','7d98a855-d805-4122-8649-a6ebab007c86',NULL,'68ade193-a6fa-4643-8f22-84dbcd453a85'),('7cb95b6c-5972-4b97-ad6b-b2f01cb735d1','OPEN',0,'2024-06-14 22:20:50','2024-06-14 22:20:50','7d98a855-d805-4122-8649-a6ebab007c86',NULL,'7b5f09af-63b9-4170-995b-0b8106ec9535'),('7ceb1c0f-28f8-4af1-ac43-dd74b736a91b','OPEN',0,'2024-06-14 22:23:15','2024-06-14 22:23:15','dbd340ed-57db-47f1-abad-8e0ad4c9c1f9',NULL,'4ddacbff-5420-43d0-a2e8-3704ebfd5036'),('7e46f658-e82e-435e-9925-d795349137fd','OPEN',0,'2024-06-14 22:22:51','2024-06-14 22:22:51','4e385168-5e79-42a1-8de5-a07f58e7c2a2',NULL,'684fa933-d59a-465f-838e-7fb1c64432fb'),('7f2d347e-a52b-4e31-8202-d2b75dc59cd1','OPEN',0,'2024-06-13 16:11:02','2024-06-13 16:11:02','5769a425-b10b-4892-a839-b9336dc8aabb',NULL,'fa85383e-4409-4b9b-bbdb-29994a16c8af'),('8159a85b-d7ec-4a10-a889-095c372fc1ad','OPEN',0,'2024-06-14 22:23:15','2024-06-14 22:23:15','dbd340ed-57db-47f1-abad-8e0ad4c9c1f9',NULL,'fd61987f-7091-44e2-bb15-3a07c26ceab6'),('818db5cb-0c96-4047-bf69-d6536398efc1','OPEN',0,'2024-06-16 19:04:10','2024-06-16 19:04:10','f40bd6b8-d2a2-4477-9a06-f63801df53aa',NULL,'904b83a0-8b24-43d7-babb-8cd3eaab2a3f'),('84082371-0e5e-401b-ad96-671e0f816e84','OPEN',0,'2024-06-16 19:04:10','2024-06-16 19:04:10','f40bd6b8-d2a2-4477-9a06-f63801df53aa',NULL,'315ecde9-fb12-4b7f-8ade-a24f6db0476d'),('8598fc7f-2be4-47b5-8164-87363de59af7','OPEN',0,'2024-06-14 22:23:15','2024-06-14 22:23:15','dbd340ed-57db-47f1-abad-8e0ad4c9c1f9',NULL,'904b83a0-8b24-43d7-babb-8cd3eaab2a3f'),('85c59c53-e511-47a0-8525-f0ec14280d9f','OPEN',0,'2024-06-13 16:11:02','2024-06-13 16:11:02','5769a425-b10b-4892-a839-b9336dc8aabb',NULL,'71c7947c-61e4-44c6-9116-06edc64c796d'),('86f193c6-f135-41cd-8e43-a2d4ee65b26e','OPEN',0,'2024-06-14 22:23:15','2024-06-14 22:23:15','dbd340ed-57db-47f1-abad-8e0ad4c9c1f9',NULL,'411fb889-af68-494b-8b53-725156f72a33'),('874b37d8-087e-41d3-9af0-ac6977211946','OPEN',0,'2024-06-14 22:20:50','2024-06-14 22:20:50','7d98a855-d805-4122-8649-a6ebab007c86',NULL,'2272d3b2-9d06-4271-93da-94b96919772d'),('87be6811-0d68-4cdb-b3aa-f011643e78c7','OPEN',0,'2024-06-13 16:11:02','2024-06-13 16:11:02','5769a425-b10b-4892-a839-b9336dc8aabb',NULL,'17c1885c-d039-431b-9289-3df16312947a'),('88dc4703-d760-4028-9d15-efeaad0a612b','OPEN',0,'2024-06-13 16:11:02','2024-06-13 16:11:02','5769a425-b10b-4892-a839-b9336dc8aabb',NULL,'1d4dc4de-2447-48ad-b2de-94d350c17e60'),('8a76196a-1e2f-4d88-a7ea-8521e7b80537','OPEN',0,'2024-06-13 16:11:02','2024-06-13 16:11:02','5769a425-b10b-4892-a839-b9336dc8aabb',NULL,'5f42e20e-31fc-4256-a30e-ddf80661bc12'),('8d470611-c934-4e4d-8139-db8a71b0431f','OPEN',0,'2024-06-14 22:22:51','2024-06-14 22:22:51','4e385168-5e79-42a1-8de5-a07f58e7c2a2',NULL,'ab675d06-5aa2-46f7-aa9a-cd7425bd5920'),('8d586651-d3d9-4828-a422-0a9fa7b3b0c1','OPEN',0,'2024-06-14 22:22:51','2024-06-14 22:22:51','4e385168-5e79-42a1-8de5-a07f58e7c2a2',NULL,'fa85383e-4409-4b9b-bbdb-29994a16c8af'),('900e323c-ace1-4162-a434-9beb9a81ca00','OPEN',0,'2024-06-13 16:11:02','2024-06-13 16:11:02','5769a425-b10b-4892-a839-b9336dc8aabb',NULL,'d4dd648b-268f-4fbf-8ec4-8ce0fe7cd2e6'),('9045ea5b-b5a5-48f7-82c2-c8d46be3f557','OPEN',0,'2024-06-14 22:23:15','2024-06-14 22:23:15','dbd340ed-57db-47f1-abad-8e0ad4c9c1f9',NULL,'04ff99c4-92ec-4644-a966-d74a826eb2e7'),('908ae6a6-a70c-4d91-a7ce-24be354a6ae1','OPEN',0,'2024-06-14 22:23:15','2024-06-14 22:23:15','dbd340ed-57db-47f1-abad-8e0ad4c9c1f9',NULL,'fa85383e-4409-4b9b-bbdb-29994a16c8af'),('91428012-c46f-4707-9b61-eb374274f92f','OPEN',0,'2024-06-16 19:04:10','2024-06-16 19:04:10','f40bd6b8-d2a2-4477-9a06-f63801df53aa',NULL,'dd60fd7b-b486-460b-b5cf-358c57836f5b'),('915a8409-b4fa-4181-be9a-6761b264f683','OPEN',0,'2024-06-13 16:11:02','2024-06-18 15:15:17','5769a425-b10b-4892-a839-b9336dc8aabb',NULL,'0903b06f-8ab3-4d9e-81ff-e6e3d136789a'),('92d6b834-68ab-4710-bd40-feff0e5d3620','OPEN',0,'2024-06-13 16:11:02','2024-06-13 16:11:02','5769a425-b10b-4892-a839-b9336dc8aabb',NULL,'ab675d06-5aa2-46f7-aa9a-cd7425bd5920'),('930a260b-ebc6-41da-a9c4-2764952a2b81','OPEN',0,'2024-06-14 22:20:50','2024-06-14 22:20:50','7d98a855-d805-4122-8649-a6ebab007c86',NULL,'684fa933-d59a-465f-838e-7fb1c64432fb'),('948f1e92-494e-464a-ac96-4b0047016428','OPEN',0,'2024-06-13 16:11:02','2024-06-13 16:11:02','5769a425-b10b-4892-a839-b9336dc8aabb',NULL,'8460be43-7a74-44c3-b294-21ba94c9bff5'),('9494b2f1-7f24-4adb-966a-c2bf91aabf69','OPEN',0,'2024-06-13 16:11:02','2024-06-13 16:11:02','5769a425-b10b-4892-a839-b9336dc8aabb',NULL,'684fa933-d59a-465f-838e-7fb1c64432fb'),('94ea421e-a265-4890-b9d6-7edfdb060df4','OPEN',0,'2024-06-16 19:04:10','2024-06-16 19:04:10','f40bd6b8-d2a2-4477-9a06-f63801df53aa',NULL,'dba534da-3315-4c0c-b8c5-939f8a5396c7'),('95f97bc5-d93a-4f90-81f2-2c177f4c4503','OPEN',0,'2024-06-13 16:11:02','2024-06-13 16:11:02','5769a425-b10b-4892-a839-b9336dc8aabb',NULL,'89e98872-a38d-4cb5-96a2-a04370295b32'),('97b6777b-248b-484d-bc1b-a1967b3a6995','OPEN',0,'2024-06-16 19:04:10','2024-06-16 19:04:10','f40bd6b8-d2a2-4477-9a06-f63801df53aa',NULL,'89e98872-a38d-4cb5-96a2-a04370295b32'),('9837c346-9446-49d5-9fb6-4cef78be21ef','OPEN',0,'2024-06-14 22:23:15','2024-06-14 22:23:15','dbd340ed-57db-47f1-abad-8e0ad4c9c1f9',NULL,'5f42e20e-31fc-4256-a30e-ddf80661bc12'),('98fffbf6-8ffe-4184-9ebd-e5d6c6e94992','OPEN',0,'2024-06-14 22:22:51','2024-06-14 22:22:51','4e385168-5e79-42a1-8de5-a07f58e7c2a2',NULL,'315ecde9-fb12-4b7f-8ade-a24f6db0476d'),('992f56a4-d8b9-4acb-a24e-76aa70b31bde','OPEN',0,'2024-06-14 22:23:15','2024-06-14 22:23:15','dbd340ed-57db-47f1-abad-8e0ad4c9c1f9',NULL,'f32d80db-dbb7-4c83-ba1d-58d25b46778c'),('99a5e962-ff18-44ef-a14b-046fc8429769','OPEN',0,'2024-06-14 22:20:50','2024-06-14 22:20:50','7d98a855-d805-4122-8649-a6ebab007c86',NULL,'2ac39c74-cc2a-4d76-a289-8f253a6ade4a'),('99c6e5ba-e762-45f3-8fbb-0b2f6ffae594','OPEN',0,'2024-06-14 22:20:50','2024-06-14 22:20:50','7d98a855-d805-4122-8649-a6ebab007c86',NULL,'71c7947c-61e4-44c6-9116-06edc64c796d'),('9a522502-8585-4577-9af4-deae2d19096b','OPEN',0,'2024-06-13 16:11:02','2024-06-13 16:11:02','5769a425-b10b-4892-a839-b9336dc8aabb',NULL,'dba534da-3315-4c0c-b8c5-939f8a5396c7'),('9b8c625e-5e02-4b14-8dd0-9516054fb604','OPEN',0,'2024-06-16 19:04:10','2024-06-16 19:04:10','f40bd6b8-d2a2-4477-9a06-f63801df53aa',NULL,'d93700f0-97db-48ac-a283-82145a9e4e8b'),('9c0755ab-d464-45f3-814a-f55656cb1625','OPEN',0,'2024-06-14 22:23:15','2024-06-14 22:23:15','dbd340ed-57db-47f1-abad-8e0ad4c9c1f9',NULL,'8e06e316-ced9-40be-814c-5f21407aac6b'),('a0f7f3b1-5bb5-47e1-a9a4-84c822c8ae69','OPEN',0,'2024-06-16 19:04:10','2024-06-16 19:04:10','f40bd6b8-d2a2-4477-9a06-f63801df53aa',NULL,'e8cbe748-36ab-457f-96f2-0ac31b79e660'),('a1ba836c-f880-4275-a85a-c665742aa489','OPEN',1,'2024-06-16 19:04:10','2024-06-18 14:05:16','f40bd6b8-d2a2-4477-9a06-f63801df53aa','63ec1548-dfbb-4076-ae15-73e5bce8684f','004cd1df-88a2-47da-9198-56bb130bb42b'),('a2308a3c-50f9-4107-9e73-ba454a76b995','OPEN',0,'2024-06-13 16:11:02','2024-06-13 16:11:02','5769a425-b10b-4892-a839-b9336dc8aabb',NULL,'4ddacbff-5420-43d0-a2e8-3704ebfd5036'),('a2c89446-3647-426f-9b88-d6314592ff9b','OPEN',0,'2024-06-14 22:20:50','2024-06-14 22:20:50','7d98a855-d805-4122-8649-a6ebab007c86',NULL,'8784afff-7308-4420-b8e3-c5e6dcf5c8d9'),('a3417a26-fd8f-4207-a28e-6bb265224005','OPEN',0,'2024-06-14 22:20:50','2024-06-14 22:20:50','7d98a855-d805-4122-8649-a6ebab007c86',NULL,'1be9e6d3-854b-4b76-92c1-9197018a3a4f'),('a4c25123-7e3f-4c06-bcca-25c17911019a','OPEN',0,'2024-06-13 16:11:02','2024-06-13 16:11:02','5769a425-b10b-4892-a839-b9336dc8aabb',NULL,'b8df8187-f8aa-4189-9d67-64040597c0c0'),('a4cb4bbf-a77a-4c45-86ec-e86023fcddf4','OPEN',0,'2024-06-14 22:22:51','2024-06-14 22:22:51','4e385168-5e79-42a1-8de5-a07f58e7c2a2',NULL,'5655adef-1dd6-41cf-b4d0-bbf1641c271e'),('a59dd400-46a4-4439-897a-7d60968e3aef','OPEN',0,'2024-06-14 22:20:50','2024-06-14 22:20:50','7d98a855-d805-4122-8649-a6ebab007c86',NULL,'09ef9791-eadc-4042-abdc-664085806875'),('a67734ce-9353-4235-84ff-205c8c54bec7','OPEN',0,'2024-06-14 22:22:51','2024-06-14 22:22:51','4e385168-5e79-42a1-8de5-a07f58e7c2a2',NULL,'09ef9791-eadc-4042-abdc-664085806875'),('a789af6a-0896-4753-8567-0edd9c24a754','OPEN',0,'2024-06-14 22:22:51','2024-06-14 22:22:51','4e385168-5e79-42a1-8de5-a07f58e7c2a2',NULL,'f32d80db-dbb7-4c83-ba1d-58d25b46778c'),('a80f5340-9b26-4d61-8ca4-fcd4c34a0127','OPEN',0,'2024-06-14 22:23:15','2024-06-14 22:23:15','dbd340ed-57db-47f1-abad-8e0ad4c9c1f9',NULL,'315ecde9-fb12-4b7f-8ade-a24f6db0476d'),('a82e0267-9f65-4f97-91fd-10e5753ef782','OPEN',0,'2024-06-16 19:04:10','2024-06-16 19:04:10','f40bd6b8-d2a2-4477-9a06-f63801df53aa',NULL,'fdd16288-e542-4e91-9049-61e183b264ac'),('a8637c39-f6d3-45d1-aa82-54962c63cd2a','OPEN',0,'2024-06-16 19:04:10','2024-06-16 19:04:10','f40bd6b8-d2a2-4477-9a06-f63801df53aa',NULL,'e5224242-4685-4b1a-ae94-b31ff50e23a4'),('a91bda47-ee04-4fd5-9672-3944f439b765','OPEN',0,'2024-06-14 22:23:15','2024-06-14 22:23:15','dbd340ed-57db-47f1-abad-8e0ad4c9c1f9',NULL,'684fa933-d59a-465f-838e-7fb1c64432fb'),('a91d1234-74cf-4f6e-9bc5-f22b443bd82a','OPEN',0,'2024-06-16 19:04:10','2024-06-16 19:04:10','f40bd6b8-d2a2-4477-9a06-f63801df53aa',NULL,'b8df8187-f8aa-4189-9d67-64040597c0c0'),('a9ea9c6a-199a-4c51-bcd1-addf1ca3eaa2','OPEN',0,'2024-06-14 22:23:15','2024-06-14 22:23:15','dbd340ed-57db-47f1-abad-8e0ad4c9c1f9',NULL,'09ef9791-eadc-4042-abdc-664085806875'),('aa2a344c-6d04-4125-b794-78b461796657','OPEN',0,'2024-06-16 19:04:10','2024-06-16 19:04:10','f40bd6b8-d2a2-4477-9a06-f63801df53aa',NULL,'68ade193-a6fa-4643-8f22-84dbcd453a85'),('aa6fa977-3bf6-4a0d-92c7-8cfeda2c9bf9','OPEN',0,'2024-06-14 22:23:15','2024-06-14 22:23:15','dbd340ed-57db-47f1-abad-8e0ad4c9c1f9',NULL,'312fccc2-ebc4-4fe6-ac3f-9ae8e80afbd2'),('aa790e4a-e61a-434f-aade-4f5945d5fe48','OPEN',0,'2024-06-14 22:23:15','2024-06-14 22:23:15','dbd340ed-57db-47f1-abad-8e0ad4c9c1f9',NULL,'d9ca3ebc-9dc2-4b40-a5a3-a2ec38a320ef'),('aaf403ec-3f12-4795-ad0e-dbadae5f9144','OPEN',0,'2024-06-14 22:23:15','2024-06-14 22:23:15','dbd340ed-57db-47f1-abad-8e0ad4c9c1f9',NULL,'8784afff-7308-4420-b8e3-c5e6dcf5c8d9'),('ac8b4212-c15d-4a71-b1d1-5e0d7676f5f3','OPEN',0,'2024-06-14 22:20:50','2024-06-14 22:20:50','7d98a855-d805-4122-8649-a6ebab007c86',NULL,'8e06e316-ced9-40be-814c-5f21407aac6b'),('ac9681e9-1a89-405e-9e06-d71d9922b818','OPEN',0,'2024-06-13 16:11:02','2024-06-13 16:11:02','5769a425-b10b-4892-a839-b9336dc8aabb',NULL,'004cd1df-88a2-47da-9198-56bb130bb42b'),('adc10c41-0532-4f9a-9add-4f81b8514ab0','OPEN',0,'2024-06-14 22:23:15','2024-06-14 22:23:15','dbd340ed-57db-47f1-abad-8e0ad4c9c1f9',NULL,'8460be43-7a74-44c3-b294-21ba94c9bff5'),('b2d8a415-736e-40d6-aee9-228d5b1342bc','OPEN',0,'2024-06-14 22:22:51','2024-06-14 22:22:51','4e385168-5e79-42a1-8de5-a07f58e7c2a2',NULL,'e8cbe748-36ab-457f-96f2-0ac31b79e660'),('b4d06c2f-c030-44a1-9a2c-08ac333da4bf','OPEN',0,'2024-06-14 22:22:51','2024-06-14 22:22:51','4e385168-5e79-42a1-8de5-a07f58e7c2a2',NULL,'312fccc2-ebc4-4fe6-ac3f-9ae8e80afbd2'),('b7d06539-aa92-4aae-88c0-7fea628d4fad','OPEN',0,'2024-06-14 22:23:15','2024-06-14 22:23:15','dbd340ed-57db-47f1-abad-8e0ad4c9c1f9',NULL,'1be9e6d3-854b-4b76-92c1-9197018a3a4f'),('bac2ba2b-ef57-4ad1-8760-12fc9d61c004','OPEN',0,'2024-06-16 19:04:10','2024-06-16 19:04:10','f40bd6b8-d2a2-4477-9a06-f63801df53aa',NULL,'2a345faf-510c-449d-b6f6-68f0eee15ca7'),('bc11184a-1cc1-4d2f-8aad-17794816f41a','OPEN',0,'2024-06-13 16:11:02','2024-06-13 16:11:02','5769a425-b10b-4892-a839-b9336dc8aabb',NULL,'d93700f0-97db-48ac-a283-82145a9e4e8b'),('bcabbeee-f727-4dd4-a0be-b64e1dd5883c','OPEN',0,'2024-06-14 22:23:15','2024-06-14 22:23:15','dbd340ed-57db-47f1-abad-8e0ad4c9c1f9',NULL,'d99462b3-13c4-41d4-9d2e-a7ead5aac437'),('bcc65a4c-898a-4032-bb62-9e8d6acc1127','OPEN',0,'2024-06-14 22:20:50','2024-06-14 22:20:50','7d98a855-d805-4122-8649-a6ebab007c86',NULL,'8460be43-7a74-44c3-b294-21ba94c9bff5'),('bd425865-4afa-4f44-b60b-a27cf08ef968','OPEN',0,'2024-06-16 19:04:10','2024-06-16 19:04:10','f40bd6b8-d2a2-4477-9a06-f63801df53aa',NULL,'a00b740d-d486-4b84-a45a-b4e98441248b'),('c06d6b8f-c2f0-4285-8c74-4b12c3a50a47','OPEN',0,'2024-06-16 19:04:10','2024-06-16 19:04:10','f40bd6b8-d2a2-4477-9a06-f63801df53aa',NULL,'60810b65-cad6-4bab-bde0-20c3eb3d348d'),('c152afc3-ade4-4aa1-9ce5-1f684fa6884a','OPEN',0,'2024-06-16 19:04:10','2024-06-16 19:04:10','f40bd6b8-d2a2-4477-9a06-f63801df53aa',NULL,'bdc49808-d4b0-4dc5-b3c6-e10cc58dcc4b'),('c225beb1-cfd2-4d5f-9b7b-0ef605c1f712','OPEN',0,'2024-06-16 19:04:10','2024-06-16 19:04:10','f40bd6b8-d2a2-4477-9a06-f63801df53aa',NULL,'fa85383e-4409-4b9b-bbdb-29994a16c8af'),('c3a532df-bb75-4f20-875a-92ee3bfc59d3','OPEN',0,'2024-06-14 22:20:50','2024-06-14 22:20:50','7d98a855-d805-4122-8649-a6ebab007c86',NULL,'89e98872-a38d-4cb5-96a2-a04370295b32'),('c3f2e2c8-3acd-4196-b999-252197b5cce4','OPEN',0,'2024-06-14 22:20:50','2024-06-14 22:20:50','7d98a855-d805-4122-8649-a6ebab007c86',NULL,'fa85383e-4409-4b9b-bbdb-29994a16c8af'),('c5255e6a-a811-4ac4-a1de-fa09a217164b','OPEN',0,'2024-06-16 19:04:10','2024-06-16 19:04:10','f40bd6b8-d2a2-4477-9a06-f63801df53aa',NULL,'8460be43-7a74-44c3-b294-21ba94c9bff5'),('c98f13df-9333-4177-8fe7-ae21d8fd580b','OPEN',0,'2024-06-16 19:04:10','2024-06-16 19:04:10','f40bd6b8-d2a2-4477-9a06-f63801df53aa',NULL,'4679f35a-3143-45af-84ea-d53bb266efdb'),('c9d8cdbc-0bf0-492d-a023-aac9963130a0','OPEN',0,'2024-06-16 19:04:10','2024-06-16 19:04:10','f40bd6b8-d2a2-4477-9a06-f63801df53aa',NULL,'fd61987f-7091-44e2-bb15-3a07c26ceab6'),('ccafe1b8-9910-4ed8-a365-e08bd5783037','OPEN',0,'2024-06-14 22:23:15','2024-06-14 22:23:15','dbd340ed-57db-47f1-abad-8e0ad4c9c1f9',NULL,'89e98872-a38d-4cb5-96a2-a04370295b32'),('cd72c545-5ce3-41b2-9c5d-564d00f6edb5','OPEN',0,'2024-06-14 22:22:51','2024-06-14 22:22:51','4e385168-5e79-42a1-8de5-a07f58e7c2a2',NULL,'d4dd648b-268f-4fbf-8ec4-8ce0fe7cd2e6'),('ceefa3fd-f4d7-4b1d-a55d-62c9715d55da','OPEN',0,'2024-06-14 22:22:51','2024-06-14 22:22:51','4e385168-5e79-42a1-8de5-a07f58e7c2a2',NULL,'e5224242-4685-4b1a-ae94-b31ff50e23a4'),('cf7ae670-500e-4f00-aba2-85e00a49d34a','OPEN',0,'2024-06-14 22:20:50','2024-06-14 22:20:50','7d98a855-d805-4122-8649-a6ebab007c86',NULL,'5f42e20e-31fc-4256-a30e-ddf80661bc12'),('d07816f1-4b1b-490f-a874-2680b70ff472','OPEN',0,'2024-06-14 22:22:51','2024-06-14 22:22:51','4e385168-5e79-42a1-8de5-a07f58e7c2a2',NULL,'7b5f09af-63b9-4170-995b-0b8106ec9535'),('d0862eef-4901-4a85-95d0-d2e823fd4a48','OPEN',0,'2024-06-14 22:23:15','2024-06-14 22:23:15','dbd340ed-57db-47f1-abad-8e0ad4c9c1f9',NULL,'e8cbe748-36ab-457f-96f2-0ac31b79e660'),('d14a4984-657f-4e2e-b24d-ac4fe6851fce','OPEN',0,'2024-06-14 22:23:15','2024-06-14 22:23:15','dbd340ed-57db-47f1-abad-8e0ad4c9c1f9',NULL,'d93700f0-97db-48ac-a283-82145a9e4e8b'),('d6124854-77ff-4613-9529-99964562ef7b','OPEN',0,'2024-06-14 22:22:51','2024-06-14 22:22:51','4e385168-5e79-42a1-8de5-a07f58e7c2a2',NULL,'71c7947c-61e4-44c6-9116-06edc64c796d'),('d73ce626-2054-4498-ad61-f8271f03d2ec','OPEN',0,'2024-06-14 22:20:50','2024-06-14 22:20:50','7d98a855-d805-4122-8649-a6ebab007c86',NULL,'315ecde9-fb12-4b7f-8ade-a24f6db0476d'),('d95f8a2c-ff7f-4278-bf10-c3c4392c37af','OPEN',0,'2024-06-13 16:11:02','2024-06-13 16:11:02','5769a425-b10b-4892-a839-b9336dc8aabb',NULL,'7b5f09af-63b9-4170-995b-0b8106ec9535'),('dbdba8ad-a4e1-4754-bc34-3521b399b3c3','OPEN',0,'2024-06-16 19:04:10','2024-06-16 19:04:10','f40bd6b8-d2a2-4477-9a06-f63801df53aa',NULL,'a58e8928-9916-4df1-801f-45a2516844a5'),('dcff99ff-3122-4613-b024-944068477b66','OPEN',0,'2024-06-14 22:23:15','2024-06-14 22:23:15','dbd340ed-57db-47f1-abad-8e0ad4c9c1f9',NULL,'d4dd648b-268f-4fbf-8ec4-8ce0fe7cd2e6'),('dd7a93a3-059a-4b67-91a3-43088563e53e','OPEN',0,'2024-06-16 19:04:10','2024-06-16 19:04:10','f40bd6b8-d2a2-4477-9a06-f63801df53aa',NULL,'8784afff-7308-4420-b8e3-c5e6dcf5c8d9'),('df8cf8ec-fa4a-4af2-aa1b-08e2174ab098','OPEN',0,'2024-06-16 19:04:10','2024-06-16 19:04:10','f40bd6b8-d2a2-4477-9a06-f63801df53aa',NULL,'8e06e316-ced9-40be-814c-5f21407aac6b'),('e0060672-bc6f-4ada-9e28-f6a7e8d7c009','OPEN',0,'2024-06-13 16:11:02','2024-06-13 16:11:02','5769a425-b10b-4892-a839-b9336dc8aabb',NULL,'315ecde9-fb12-4b7f-8ade-a24f6db0476d'),('e1278eb8-7cad-4ac8-9e45-a10016e821a3','OPEN',0,'2024-06-14 22:22:51','2024-06-14 22:22:51','4e385168-5e79-42a1-8de5-a07f58e7c2a2',NULL,'2a345faf-510c-449d-b6f6-68f0eee15ca7'),('e1d39e37-b485-405a-98c7-ca0db170fb80','OPEN',0,'2024-06-13 16:11:02','2024-06-13 16:11:02','5769a425-b10b-4892-a839-b9336dc8aabb',NULL,'68ade193-a6fa-4643-8f22-84dbcd453a85'),('e273927e-5562-4228-ab02-e8932cc3ad53','OPEN',0,'2024-06-14 22:20:50','2024-06-14 22:20:50','7d98a855-d805-4122-8649-a6ebab007c86',NULL,'bc17b597-3bee-410d-8697-9a31ee837925'),('e534d135-d2f3-4b9c-82c8-dcd5aefde74b','OPEN',0,'2024-06-13 16:11:02','2024-06-13 16:11:02','5769a425-b10b-4892-a839-b9336dc8aabb',NULL,'2272d3b2-9d06-4271-93da-94b96919772d'),('e5793062-ee88-430b-a71d-fba992c895a3','OPEN',0,'2024-06-14 22:23:15','2024-06-14 22:23:15','dbd340ed-57db-47f1-abad-8e0ad4c9c1f9',NULL,'a58e8928-9916-4df1-801f-45a2516844a5'),('e58da622-0ea7-4196-8ea1-8e6fdd171f2b','OPEN',0,'2024-06-13 16:11:02','2024-06-13 16:11:02','5769a425-b10b-4892-a839-b9336dc8aabb',NULL,'a58e8928-9916-4df1-801f-45a2516844a5'),('e66fa4a1-c8ef-4fad-b344-59ce387961ff','OPEN',0,'2024-06-14 22:20:50','2024-06-14 22:20:50','7d98a855-d805-4122-8649-a6ebab007c86',NULL,'004cd1df-88a2-47da-9198-56bb130bb42b'),('e72008a4-c88e-4ac8-9f67-385eb068f26b','OPEN',0,'2024-06-13 16:11:02','2024-06-13 16:11:02','5769a425-b10b-4892-a839-b9336dc8aabb',NULL,'82ee573a-22b1-4d3d-a1da-2d23548d3234'),('e7a5ff94-be22-4338-ba4c-d8e69dae5eb0','OPEN',0,'2024-06-16 19:04:10','2024-06-16 19:04:10','f40bd6b8-d2a2-4477-9a06-f63801df53aa',NULL,'17c1885c-d039-431b-9289-3df16312947a'),('ec744be2-8265-4843-9b8a-32771978d60c','OPEN',0,'2024-06-14 22:23:15','2024-06-14 22:23:15','dbd340ed-57db-47f1-abad-8e0ad4c9c1f9',NULL,'2ac39c74-cc2a-4d76-a289-8f253a6ade4a'),('eeeefe86-c949-471d-9036-e7d22d8a311a','OPEN',0,'2024-06-14 22:20:50','2024-06-14 22:20:50','7d98a855-d805-4122-8649-a6ebab007c86',NULL,'fd61987f-7091-44e2-bb15-3a07c26ceab6'),('ef685152-c986-475b-9e2b-71ef105bf3e8','OPEN',0,'2024-06-14 22:23:15','2024-06-14 22:23:15','dbd340ed-57db-47f1-abad-8e0ad4c9c1f9',NULL,'2a345faf-510c-449d-b6f6-68f0eee15ca7'),('ef8ebec7-5993-4c44-ba79-7754c4f8fcf7','OPEN',0,'2024-06-14 22:22:51','2024-06-14 22:22:51','4e385168-5e79-42a1-8de5-a07f58e7c2a2',NULL,'bc17b597-3bee-410d-8697-9a31ee837925'),('eff45719-677d-413e-bd6a-aa8b0a83025c','OPEN',0,'2024-06-14 22:22:51','2024-06-14 22:22:51','4e385168-5e79-42a1-8de5-a07f58e7c2a2',NULL,'1d4dc4de-2447-48ad-b2de-94d350c17e60'),('f0000745-e724-4f10-bc3c-0786497b914d','OPEN',0,'2024-06-13 16:11:02','2024-06-13 16:11:02','5769a425-b10b-4892-a839-b9336dc8aabb',NULL,'8e06e316-ced9-40be-814c-5f21407aac6b'),('f18a4449-1af3-4c72-a747-cec80e9d1555','OPEN',0,'2024-06-13 16:11:02','2024-06-13 16:11:02','5769a425-b10b-4892-a839-b9336dc8aabb',NULL,'d99462b3-13c4-41d4-9d2e-a7ead5aac437'),('f1c5cfda-03a1-4111-85d1-d236f6a2c262','OPEN',0,'2024-06-14 22:22:51','2024-06-14 22:22:51','4e385168-5e79-42a1-8de5-a07f58e7c2a2',NULL,'d93700f0-97db-48ac-a283-82145a9e4e8b'),('f2c61d48-b8e9-4669-b84d-827ced94fc27','OPEN',0,'2024-06-16 19:04:10','2024-06-16 19:04:10','f40bd6b8-d2a2-4477-9a06-f63801df53aa',NULL,'3d90c9a4-76c3-4840-822f-da67572719f9'),('f4a411a2-c962-4258-afd7-38b160654e7a','OPEN',0,'2024-06-14 22:20:50','2024-06-14 22:20:50','7d98a855-d805-4122-8649-a6ebab007c86',NULL,'60810b65-cad6-4bab-bde0-20c3eb3d348d'),('f54db821-e311-48d1-a82f-292e64fd77e4','OPEN',0,'2024-06-14 22:20:50','2024-06-14 22:20:50','7d98a855-d805-4122-8649-a6ebab007c86',NULL,'17c1885c-d039-431b-9289-3df16312947a'),('f55be70d-1509-413b-819f-e69ee55ffeb8','OPEN',0,'2024-06-14 22:23:15','2024-06-14 22:23:15','dbd340ed-57db-47f1-abad-8e0ad4c9c1f9',NULL,'4679f35a-3143-45af-84ea-d53bb266efdb'),('f6cc6831-d03e-4161-ade1-f179a3139538','OPEN',0,'2024-06-14 22:22:51','2024-06-14 22:22:51','4e385168-5e79-42a1-8de5-a07f58e7c2a2',NULL,'60810b65-cad6-4bab-bde0-20c3eb3d348d'),('f740936f-5728-4188-bd12-6102b4833695','OPEN',0,'2024-06-16 19:04:10','2024-06-18 14:05:16','f40bd6b8-d2a2-4477-9a06-f63801df53aa',NULL,'04ff99c4-92ec-4644-a966-d74a826eb2e7'),('f78f9458-c8d4-43de-a1ab-0a493113dfd6','OPEN',0,'2024-06-14 22:20:50','2024-06-14 22:20:50','7d98a855-d805-4122-8649-a6ebab007c86',NULL,'d99462b3-13c4-41d4-9d2e-a7ead5aac437'),('f86ffc02-7512-45cb-95be-5d37d2de792a','OPEN',0,'2024-06-14 22:22:51','2024-06-14 22:22:51','4e385168-5e79-42a1-8de5-a07f58e7c2a2',NULL,'2272d3b2-9d06-4271-93da-94b96919772d'),('f8870a77-3169-44c1-b80d-a84a83f1aad6','OPEN',0,'2024-06-14 22:20:50','2024-06-14 22:20:50','7d98a855-d805-4122-8649-a6ebab007c86',NULL,'a58e8928-9916-4df1-801f-45a2516844a5'),('f900ae12-9c61-42da-a425-e50e0dca2d0e','OPEN',0,'2024-06-13 16:11:02','2024-06-13 16:11:02','5769a425-b10b-4892-a839-b9336dc8aabb',NULL,'fdd16288-e542-4e91-9049-61e183b264ac'),('fa4f0074-f342-4c48-b71d-166d30d657c7','OPEN',0,'2024-06-14 22:23:15','2024-06-14 22:23:15','dbd340ed-57db-47f1-abad-8e0ad4c9c1f9',NULL,'1d4dc4de-2447-48ad-b2de-94d350c17e60'),('faa5f231-9b87-4c5b-9c24-be473cb02d84','OPEN',0,'2024-06-14 22:23:15','2024-06-14 22:23:15','dbd340ed-57db-47f1-abad-8e0ad4c9c1f9',NULL,'68ade193-a6fa-4643-8f22-84dbcd453a85'),('fac450f2-425b-46d1-b0f7-a608e85f38a1','OPEN',0,'2024-06-13 16:11:02','2024-06-13 16:11:02','5769a425-b10b-4892-a839-b9336dc8aabb',NULL,'fd61987f-7091-44e2-bb15-3a07c26ceab6'),('fb1422d3-bf9e-4fd1-8b4b-9d8fe49e4c24','OPEN',0,'2024-06-14 22:22:51','2024-06-14 22:22:51','4e385168-5e79-42a1-8de5-a07f58e7c2a2',NULL,'1be9e6d3-854b-4b76-92c1-9197018a3a4f'),('fbf7c4f1-ee54-47df-9de7-149d1d971041','OPEN',0,'2024-06-13 16:11:02','2024-06-13 16:11:02','5769a425-b10b-4892-a839-b9336dc8aabb',NULL,'4679f35a-3143-45af-84ea-d53bb266efdb'),('fc28869a-3624-4dd4-94b3-907d8bb63c29','OPEN',0,'2024-06-14 22:22:51','2024-06-14 22:22:51','4e385168-5e79-42a1-8de5-a07f58e7c2a2',NULL,'82ee573a-22b1-4d3d-a1da-2d23548d3234'),('fdd0ba6e-e12b-4d04-823a-6c73b80c0cc6','OPEN',0,'2024-06-13 16:11:02','2024-06-13 16:11:02','5769a425-b10b-4892-a839-b9336dc8aabb',NULL,'60810b65-cad6-4bab-bde0-20c3eb3d348d'),('ff1a5df2-3254-486a-b5cf-36545b5bed38','OPEN',0,'2024-06-14 22:22:51','2024-06-14 22:22:51','4e385168-5e79-42a1-8de5-a07f58e7c2a2',NULL,'d9ca3ebc-9dc2-4b40-a5a3-a2ec38a320ef'),('ff78ad94-489a-453f-aa95-0388e0f91f52','OPEN',0,'2024-06-13 16:11:02','2024-06-13 16:11:02','5769a425-b10b-4892-a839-b9336dc8aabb',NULL,'2a345faf-510c-449d-b6f6-68f0eee15ca7'),('ffcb057d-a835-4460-ab9f-5ea2c2145132','OPEN',0,'2024-06-16 19:04:10','2024-06-16 19:04:10','f40bd6b8-d2a2-4477-9a06-f63801df53aa',NULL,'d4dd648b-268f-4fbf-8ec4-8ce0fe7cd2e6');

INSERT INTO `students` VALUES ('004cd1df-88a2-47da-9198-56bb130bb42b','19508981','$2b$10$KW0VMOkdWMOtzzhkEyZb3.VGwM0vZB9qUnRol6mNI41XArtN8bLOm','Nguyễn Văn Hoàng',NULL,'0973704198',NULL,'MALE','2001-11-25 07:00:00','DHKTPM15B','UNIVERSITY',1,'2024-06-13 16:11:02','2024-06-25 23:29:30','e4fe02cb-f2b0-4afa-885d-d1b93130d350'),('04ff99c4-92ec-4644-a966-d74a826eb2e7','19495741','$2b$10$KW0VMOkdWMOtzzhkEyZb3.VGwM0vZB9qUnRol6mNI41XArtN8bLOm','Lê Minh Quang',NULL,'0364835692','quang82thcspb@gmail.com','MALE','2001-09-02 07:00:00','DHKTPM15B','UNIVERSITY',1,'2024-06-13 16:11:02','2024-06-14 22:24:52','e4fe02cb-f2b0-4afa-885d-d1b93130d350'),('0903b06f-8ab3-4d9e-81ff-e6e3d136789a','19501261','$2b$10$KW0VMOkdWMOtzzhkEyZb3.VGwM0vZB9qUnRol6mNI41XArtN8bLOm','Mã Vũ',NULL,'0931866264','vu@gmail.com','FEMALE','2000-05-24 07:00:00','DHKTPM15B','UNIVERSITY',1,'2024-06-13 16:11:02','2024-06-17 21:53:10','e4fe02cb-f2b0-4afa-885d-d1b93130d350'),('09ef9791-eadc-4042-abdc-664085806875','19497751','$2b$10$KW0VMOkdWMOtzzhkEyZb3.VGwM0vZB9qUnRol6mNI41XArtN8bLOm','Trần Vinh Quang',NULL,'0387383927',NULL,'MALE','2001-07-13 07:00:00','DHKTPM15B','UNIVERSITY',1,'2024-06-13 16:11:02','2024-06-13 16:11:02','e4fe02cb-f2b0-4afa-885d-d1b93130d350'),('17c1885c-d039-431b-9289-3df16312947a','19432841','$2b$10$KW0VMOkdWMOtzzhkEyZb3.VGwM0vZB9qUnRol6mNI41XArtN8bLOm','Phan Thanh Phong',NULL,'0375559875',NULL,'MALE','2001-11-15 07:00:00','DHKTPM15A','UNIVERSITY',1,'2024-06-13 16:11:02','2024-06-13 16:11:02','e4fe02cb-f2b0-4afa-885d-d1b93130d350'),('1be9e6d3-854b-4b76-92c1-9197018a3a4f','19508311','$2b$10$KW0VMOkdWMOtzzhkEyZb3.VGwM0vZB9qUnRol6mNI41XArtN8bLOm','Trần Văn Sỹ',NULL,'0822159420',NULL,'MALE','2001-05-22 07:00:00','DHKTPM15B','UNIVERSITY',1,'2024-06-13 16:11:02','2024-06-13 16:11:02','e4fe02cb-f2b0-4afa-885d-d1b93130d350'),('1d4dc4de-2447-48ad-b2de-94d350c17e60','19486011','$2b$10$KW0VMOkdWMOtzzhkEyZb3.VGwM0vZB9qUnRol6mNI41XArtN8bLOm','Phan Võ Trọng',NULL,'0394 932 438',NULL,'MALE','2001-03-05 07:00:00','DHKTPM15A','UNIVERSITY',1,'2024-06-13 16:11:02','2024-06-13 16:11:02','e4fe02cb-f2b0-4afa-885d-d1b93130d350'),('1f613fe4-1b7e-4993-a7af-1538c28073b4','19432121','$2b$10$KW0VMOkdWMOtzzhkEyZb3.VGwM0vZB9qUnRol6mNI41XArtN8bLOm','Phạm Lê Khánh Duy',NULL,'0793464997',NULL,'MALE','2001-08-24 07:00:00','DHKTPM15A','UNIVERSITY',1,'2024-06-13 16:11:02','2024-06-13 16:11:02','e4fe02cb-f2b0-4afa-885d-d1b93130d350'),('2272d3b2-9d06-4271-93da-94b96919772d','19524231','$2b$10$KW0VMOkdWMOtzzhkEyZb3.VGwM0vZB9qUnRol6mNI41XArtN8bLOm','Nguyễn Huy Nam',NULL,'0932669483',NULL,'MALE','2001-01-26 07:00:00','DHKTPM15A','UNIVERSITY',1,'2024-06-13 16:11:02','2024-06-17 17:58:22','e4fe02cb-f2b0-4afa-885d-d1b93130d350'),('2a345faf-510c-449d-b6f6-68f0eee15ca7','19502521','$2b$10$KW0VMOkdWMOtzzhkEyZb3.VGwM0vZB9qUnRol6mNI41XArtN8bLOm','Tô Đức Hiếu',NULL,'0372460109',NULL,'MALE','2001-10-20 07:00:00','DHKTPM15B','UNIVERSITY',1,'2024-06-13 16:11:02','2024-06-13 16:11:02','e4fe02cb-f2b0-4afa-885d-d1b93130d350'),('2ac39c74-cc2a-4d76-a289-8f253a6ade4a','19476651','$2b$10$KW0VMOkdWMOtzzhkEyZb3.VGwM0vZB9qUnRol6mNI41XArtN8bLOm','Nguyễn Trọng Phú',NULL,'0386267998',NULL,'MALE','2001-07-26 07:00:00','DHKTPM15A','UNIVERSITY',1,'2024-06-13 16:11:02','2024-06-13 16:11:02','e4fe02cb-f2b0-4afa-885d-d1b93130d350'),('312fccc2-ebc4-4fe6-ac3f-9ae8e80afbd2','19470491','$2b$10$KW0VMOkdWMOtzzhkEyZb3.VGwM0vZB9qUnRol6mNI41XArtN8bLOm','Tống Gia Huy',NULL,'0902642161',NULL,'MALE','2001-12-02 07:00:00','DHKTPM15B','UNIVERSITY',1,'2024-06-13 16:11:02','2024-06-13 16:11:02','e4fe02cb-f2b0-4afa-885d-d1b93130d350'),('315ecde9-fb12-4b7f-8ade-a24f6db0476d','19469221','$2b$10$KW0VMOkdWMOtzzhkEyZb3.VGwM0vZB9qUnRol6mNI41XArtN8bLOm','Phạm Phước Duyên',NULL,'0973087171',NULL,'FEMALE','2001-02-10 07:00:00','DHKTPM15A','UNIVERSITY',1,'2024-06-13 16:11:02','2024-06-13 16:11:02','e4fe02cb-f2b0-4afa-885d-d1b93130d350'),('3d90c9a4-76c3-4840-822f-da67572719f9','19518901','$2b$10$KW0VMOkdWMOtzzhkEyZb3.VGwM0vZB9qUnRol6mNI41XArtN8bLOm','Hồ Công Việt',NULL,'0983586953',NULL,'MALE','2001-05-02 07:00:00','DHKTPM15B','UNIVERSITY',1,'2024-06-13 16:11:02','2024-06-25 23:29:40','e4fe02cb-f2b0-4afa-885d-d1b93130d350'),('411fb889-af68-494b-8b53-725156f72a33','19525742','$2b$10$KW0VMOkdWMOtzzhkEyZb3.VGwM0vZB9qUnRol6mNI41XArtN8bLOm','Trần Nguyễn Kha Hoàng',NULL,'0972211750',NULL,'MALE','2002-04-30 07:00:00','DHKTPM15C','UNIVERSITY',1,'2024-06-13 16:11:02','2024-06-13 16:11:02','e4fe02cb-f2b0-4afa-885d-d1b93130d350'),('4679f35a-3143-45af-84ea-d53bb266efdb','19516911','$2b$10$KW0VMOkdWMOtzzhkEyZb3.VGwM0vZB9qUnRol6mNI41XArtN8bLOm','Nguyễn Hoàng Quân',NULL,'0372253664',NULL,'MALE','2001-08-02 07:00:00','DHKTPM15B','UNIVERSITY',1,'2024-06-13 16:11:02','2024-06-13 16:11:02','e4fe02cb-f2b0-4afa-885d-d1b93130d350'),('4ddacbff-5420-43d0-a2e8-3704ebfd5036','19485331','$2b$10$KW0VMOkdWMOtzzhkEyZb3.VGwM0vZB9qUnRol6mNI41XArtN8bLOm','Nguyễn Trọng Quý',NULL,'0345634374',NULL,'MALE','2001-09-11 07:00:00','DHKTPM15A','UNIVERSITY',1,'2024-06-13 16:11:02','2024-06-17 17:53:43','e4fe02cb-f2b0-4afa-885d-d1b93130d350'),('4df7c441-7a1a-4dd7-a0ee-4b1b8de8ffd2','21089149','$2b$10$vfbIjXlM7apuVSZqk9msruvALVVcWf5PYCQ3YgerJyk645IlkmSNi','Le Minh Quang',NULL,'338618229',NULL,'MALE','2001-05-17 07:00:00','DHKTPM20B','UNIVERSITY',1,'2024-06-13 16:14:45','2024-06-13 16:14:45','e4fe02cb-f2b0-4afa-885d-d1b93130d350'),('5655adef-1dd6-41cf-b4d0-bbf1641c271e','19487901','$2b$10$KW0VMOkdWMOtzzhkEyZb3.VGwM0vZB9qUnRol6mNI41XArtN8bLOm','Phạm Hữu Quốc Toàn',NULL,'0867981145',NULL,'MALE','2001-10-14 07:00:00','DHKTPM15A','UNIVERSITY',1,'2024-06-13 16:11:02','2024-06-13 16:11:02','e4fe02cb-f2b0-4afa-885d-d1b93130d350'),('5f42e20e-31fc-4256-a30e-ddf80661bc12','19495701','$2b$10$KW0VMOkdWMOtzzhkEyZb3.VGwM0vZB9qUnRol6mNI41XArtN8bLOm','Nguyễn Anh Khoa',NULL,'0339194695',NULL,'MALE','2001-01-16 07:00:00','DHKTPM15B','UNIVERSITY',1,'2024-06-13 16:11:02','2024-06-17 17:53:46','e4fe02cb-f2b0-4afa-885d-d1b93130d350'),('60810b65-cad6-4bab-bde0-20c3eb3d348d','19524301','$2b$10$KW0VMOkdWMOtzzhkEyZb3.VGwM0vZB9qUnRol6mNI41XArtN8bLOm','Tô Thị Minh Hồng',NULL,'0387267892',NULL,'FEMALE','2001-12-16 07:00:00','DHKTPM15B','UNIVERSITY',1,'2024-06-13 16:11:02','2024-06-13 16:11:02','e4fe02cb-f2b0-4afa-885d-d1b93130d350'),('684fa933-d59a-465f-838e-7fb1c64432fb','19498091','$2b$10$KW0VMOkdWMOtzzhkEyZb3.VGwM0vZB9qUnRol6mNI41XArtN8bLOm','Phạm Hữu Tài',NULL,'0917482790',NULL,'MALE','2001-03-24 07:00:00','DHKTPM15B','UNIVERSITY',1,'2024-06-13 16:11:02','2024-06-13 16:11:02','e4fe02cb-f2b0-4afa-885d-d1b93130d350'),('68ade193-a6fa-4643-8f22-84dbcd453a85','19525741','$2b$10$KW0VMOkdWMOtzzhkEyZb3.VGwM0vZB9qUnRol6mNI41XArtN8bLOm','Trần Nguyễn Kha Vỹ',NULL,'0972211749',NULL,'MALE','2001-04-30 07:00:00','DHKTPM15A','UNIVERSITY',0,'2024-06-13 16:11:02','2024-06-17 20:58:53','e4fe02cb-f2b0-4afa-885d-d1b93130d350'),('71c7947c-61e4-44c6-9116-06edc64c796d','19434851','$2b$10$KW0VMOkdWMOtzzhkEyZb3.VGwM0vZB9qUnRol6mNI41XArtN8bLOm','Trần Minh Hiếu',NULL,'0869648453',NULL,'MALE','2001-09-24 07:00:00','DHKTPM15A','UNIVERSITY',1,'2024-06-13 16:11:02','2024-06-13 16:11:02','e4fe02cb-f2b0-4afa-885d-d1b93130d350'),('7b5f09af-63b9-4170-995b-0b8106ec9535','19431331','$2b$10$KW0VMOkdWMOtzzhkEyZb3.VGwM0vZB9qUnRol6mNI41XArtN8bLOm','Huỳnh Duy Kha',NULL,'0833352650',NULL,'MALE','2001-10-28 07:00:00','DHKTPM15A','UNIVERSITY',1,'2024-06-13 16:11:02','2024-06-17 17:58:19','e4fe02cb-f2b0-4afa-885d-d1b93130d350'),('82ee573a-22b1-4d3d-a1da-2d23548d3234','19446101','$2b$10$KW0VMOkdWMOtzzhkEyZb3.VGwM0vZB9qUnRol6mNI41XArtN8bLOm','Phạm Thành Đạt',NULL,'0339686430',NULL,'MALE','2001-01-02 07:00:00','DHKTPM15B','UNIVERSITY',1,'2024-06-13 16:11:02','2024-06-17 17:58:24','e4fe02cb-f2b0-4afa-885d-d1b93130d350'),('8460be43-7a74-44c3-b294-21ba94c9bff5','19475251','$2b$10$KW0VMOkdWMOtzzhkEyZb3.VGwM0vZB9qUnRol6mNI41XArtN8bLOm','Tăng Thanh Đức',NULL,'0983518610',NULL,'MALE','2001-07-22 07:00:00','DHKTPM15A','UNIVERSITY',1,'2024-06-13 16:11:02','2024-06-13 16:11:02','e4fe02cb-f2b0-4afa-885d-d1b93130d350'),('8784afff-7308-4420-b8e3-c5e6dcf5c8d9','19429061','$2b$10$KW0VMOkdWMOtzzhkEyZb3.VGwM0vZB9qUnRol6mNI41XArtN8bLOm','Phạm Hoàng Huy',NULL,'0964505517',NULL,'MALE','2001-01-18 07:00:00','DHKTPM15A','UNIVERSITY',1,'2024-06-13 16:11:02','2024-06-13 16:11:02','e4fe02cb-f2b0-4afa-885d-d1b93130d350'),('89e98872-a38d-4cb5-96a2-a04370295b32','19481331','$2b$10$KW0VMOkdWMOtzzhkEyZb3.VGwM0vZB9qUnRol6mNI41XArtN8bLOm','Nguyễn Thành Nhâ',NULL,'0364835692','quang82thcspb@gmail.com','MALE','2001-05-01 07:00:00','DHKTPM15A','UNIVERSITY',1,'2024-06-13 16:11:02','2024-06-16 21:53:08','e4fe02cb-f2b0-4afa-885d-d1b93130d350'),('8e06e316-ced9-40be-814c-5f21407aac6b','19478651','$2b$10$KW0VMOkdWMOtzzhkEyZb3.VGwM0vZB9qUnRol6mNI41XArtN8bLOm','Nguyễn Hoàng Vũ',NULL,'0919602469',NULL,'MALE','2001-01-05 07:00:00','DHKTPM15A','UNIVERSITY',1,'2024-06-13 16:11:02','2024-06-13 16:11:02','e4fe02cb-f2b0-4afa-885d-d1b93130d350'),('904b83a0-8b24-43d7-babb-8cd3eaab2a3f','19508751','$2b$10$KW0VMOkdWMOtzzhkEyZb3.VGwM0vZB9qUnRol6mNI41XArtN8bLOm','Lê Chí Sơn',NULL,'0378390223',NULL,'MALE','2001-04-26 07:00:00','DHKTPM15B','UNIVERSITY',1,'2024-06-13 16:11:02','2024-06-13 16:11:02','e4fe02cb-f2b0-4afa-885d-d1b93130d350'),('a00b740d-d486-4b84-a45a-b4e98441248b','19522981','$2b$10$KW0VMOkdWMOtzzhkEyZb3.VGwM0vZB9qUnRol6mNI41XArtN8bLOm','Nguyễn Duy Hiếu',NULL,'0368783161',NULL,'MALE','2001-05-17 07:00:00','DHKTPM15B','UNIVERSITY',1,'2024-06-13 16:11:02','2024-06-13 16:11:02','e4fe02cb-f2b0-4afa-885d-d1b93130d350'),('a58e8928-9916-4df1-801f-45a2516844a5','19470041','$2b$10$KW0VMOkdWMOtzzhkEyZb3.VGwM0vZB9qUnRol6mNI41XArtN8bLOm','Nguyễn Huỳnh Chí Bảo',NULL,'0338618229',NULL,'MALE','2001-01-04 07:00:00','DHKTPM15B','UNIVERSITY',1,'2024-06-13 16:11:02','2024-06-13 16:11:02','e4fe02cb-f2b0-4afa-885d-d1b93130d350'),('ab675d06-5aa2-46f7-aa9a-cd7425bd5920','19525251','$2b$10$KW0VMOkdWMOtzzhkEyZb3.VGwM0vZB9qUnRol6mNI41XArtN8bLOm','Nguyễn Đình Trường',NULL,'0378785836',NULL,'MALE','2000-06-11 07:00:00','DHKTPM15B','UNIVERSITY',1,'2024-06-13 16:11:02','2024-06-13 16:11:02','e4fe02cb-f2b0-4afa-885d-d1b93130d350'),('b8df8187-f8aa-4189-9d67-64040597c0c0','19520901','$2b$10$KW0VMOkdWMOtzzhkEyZb3.VGwM0vZB9qUnRol6mNI41XArtN8bLOm','Nguyễn Ngọc Huân',NULL,'0974822904',NULL,'MALE','2001-10-02 07:00:00','DHKTPM15A','UNIVERSITY',0,'2024-06-13 16:11:02','2024-06-17 20:58:58','e4fe02cb-f2b0-4afa-885d-d1b93130d350'),('bc17b597-3bee-410d-8697-9a31ee837925','19482171','$2b$10$KW0VMOkdWMOtzzhkEyZb3.VGwM0vZB9qUnRol6mNI41XArtN8bLOm','Võ Phước Lưu',NULL,'0333751890',NULL,'MALE','2001-02-07 07:00:00','DHKTPM15A','UNIVERSITY',1,'2024-06-13 16:11:02','2024-06-17 21:07:08','e4fe02cb-f2b0-4afa-885d-d1b93130d350'),('bdc49808-d4b0-4dc5-b3c6-e10cc58dcc4b','19495921','$2b$10$KW0VMOkdWMOtzzhkEyZb3.VGwM0vZB9qUnRol6mNI41XArtN8bLOm','Ngô Hữu Nghị',NULL,'0378929240',NULL,'MALE','2001-05-20 07:00:00','DHKTPM15B','UNIVERSITY',1,'2024-06-13 16:11:02','2024-06-13 16:11:02','e4fe02cb-f2b0-4afa-885d-d1b93130d350'),('d4dd648b-268f-4fbf-8ec4-8ce0fe7cd2e6','19439251','$2b$10$KW0VMOkdWMOtzzhkEyZb3.VGwM0vZB9qUnRol6mNI41XArtN8bLOm','Lê Quang Đạt',NULL,'0867490052',NULL,'MALE','2001-05-17 07:00:00','DHKTPM15A','UNIVERSITY',1,'2024-06-13 16:11:02','2024-06-25 23:29:59','e4fe02cb-f2b0-4afa-885d-d1b93130d350'),('d93700f0-97db-48ac-a283-82145a9e4e8b','19480271','$2b$10$KW0VMOkdWMOtzzhkEyZb3.VGwM0vZB9qUnRol6mNI41XArtN8bLOm','Vũ Huy Hoàng',NULL,'0917789964',NULL,'MALE','2001-02-26 07:00:00','DHKTPM15A','UNIVERSITY',0,'2024-06-13 16:11:02','2024-06-17 20:58:56','e4fe02cb-f2b0-4afa-885d-d1b93130d350'),('d99462b3-13c4-41d4-9d2e-a7ead5aac437','18062811','$2b$10$KW0VMOkdWMOtzzhkEyZb3.VGwM0vZB9qUnRol6mNI41XArtN8bLOm','Nguyễn Thị Thanh Thúy',NULL,'0334838641',NULL,'FEMALE','2000-05-05 07:00:00','DHKTPM14','UNIVERSITY',1,'2024-06-13 16:11:02','2024-06-17 17:53:48','e4fe02cb-f2b0-4afa-885d-d1b93130d350'),('d9ca3ebc-9dc2-4b40-a5a3-a2ec38a320ef','19509301','$2b$10$KW0VMOkdWMOtzzhkEyZb3.VGwM0vZB9qUnRol6mNI41XArtN8bLOm','Trần Bảo Dự',NULL,'0345136453',NULL,'MALE','2001-02-16 07:00:00','DHKTPM15B','UNIVERSITY',1,'2024-06-13 16:11:02','2024-06-13 16:11:02','e4fe02cb-f2b0-4afa-885d-d1b93130d350'),('dba534da-3315-4c0c-b8c5-939f8a5396c7','19483821','$2b$10$KW0VMOkdWMOtzzhkEyZb3.VGwM0vZB9qUnRol6mNI41XArtN8bLOm','Nguyễn Văn Phát',NULL,'0798522149',NULL,'MALE','2001-01-10 07:00:00','DHKTPM15A','UNIVERSITY',1,'2024-06-13 16:11:02','2024-06-13 16:11:02','e4fe02cb-f2b0-4afa-885d-d1b93130d350'),('dd60fd7b-b486-460b-b5cf-358c57836f5b','19476751','$2b$10$KW0VMOkdWMOtzzhkEyZb3.VGwM0vZB9qUnRol6mNI41XArtN8bLOm','Ngô Trường Giang',NULL,'0838607012',NULL,'MALE','2001-09-14 07:00:00','DHKTPM15A','UNIVERSITY',1,'2024-06-13 16:11:02','2024-06-17 21:52:10','e4fe02cb-f2b0-4afa-885d-d1b93130d350'),('e20b1a4c-0165-4f38-b0a2-e96669add2cd','19481471','$2b$10$KW0VMOkdWMOtzzhkEyZb3.VGwM0vZB9qUnRol6mNI41XArtN8bLOm','Nguyễn Dương Minh Huy',NULL,'0342409507',NULL,'MALE','2001-06-10 07:00:00','DHKTPM15A','UNIVERSITY',1,'2024-06-13 16:11:02','2024-06-17 17:58:20','e4fe02cb-f2b0-4afa-885d-d1b93130d350'),('e5224242-4685-4b1a-ae94-b31ff50e23a4','19473311','$2b$10$KW0VMOkdWMOtzzhkEyZb3.VGwM0vZB9qUnRol6mNI41XArtN8bLOm','Vũ Quang Huy',NULL,'0984218514',NULL,'MALE','2001-02-18 07:00:00','DHKTPM15A','UNIVERSITY',1,'2024-06-13 16:11:02','2024-06-13 16:11:02','e4fe02cb-f2b0-4afa-885d-d1b93130d350'),('e8cbe748-36ab-457f-96f2-0ac31b79e660','19518101','$2b$10$KW0VMOkdWMOtzzhkEyZb3.VGwM0vZB9qUnRol6mNI41XArtN8bLOm','Nguyễn Minh Thuận',NULL,'0817808173',NULL,'MALE','2001-12-07 07:00:00','DHKTPM15B','UNIVERSITY',1,'2024-06-13 16:11:02','2024-06-13 16:11:02','e4fe02cb-f2b0-4afa-885d-d1b93130d350'),('f32d80db-dbb7-4c83-ba1d-58d25b46778c','19507801','$2b$10$KW0VMOkdWMOtzzhkEyZb3.VGwM0vZB9qUnRol6mNI41XArtN8bLOm','Đặng Văn Sáng',NULL,'0346204298',NULL,'MALE','2001-03-05 07:00:00','DHKTPM15B','UNIVERSITY',1,'2024-06-13 16:11:02','2024-06-13 16:11:02','e4fe02cb-f2b0-4afa-885d-d1b93130d350'),('fa85383e-4409-4b9b-bbdb-29994a16c8af','19503881','$2b$10$KW0VMOkdWMOtzzhkEyZb3.VGwM0vZB9qUnRol6mNI41XArtN8bLOm','Lê Khoa Văn',NULL,'0963325802',NULL,'MALE','2001-10-29 07:00:00','DHKTPM15B','UNIVERSITY',1,'2024-06-13 16:11:02','2024-06-13 16:11:02','e4fe02cb-f2b0-4afa-885d-d1b93130d350'),('fd61987f-7091-44e2-bb15-3a07c26ceab6','19435491','$2b$10$KW0VMOkdWMOtzzhkEyZb3.VGwM0vZB9qUnRol6mNI41XArtN8bLOm','Hoàng Tiến Mạnh Đức',NULL,'0334548131',NULL,'MALE','2001-05-12 07:00:00','DHKTPM15A','UNIVERSITY',1,'2024-06-13 16:11:02','2024-06-13 16:11:02','e4fe02cb-f2b0-4afa-885d-d1b93130d350'),('fdd16288-e542-4e91-9049-61e183b264ac','19520101','$2b$10$KW0VMOkdWMOtzzhkEyZb3.VGwM0vZB9qUnRol6mNI41XArtN8bLOm','Lê Xuân Hòa',NULL,'0356415806',NULL,'MALE','2001-01-16 07:00:00','DHKTPM15B','UNIVERSITY',1,'2024-06-13 16:11:02','2024-06-13 16:11:02','e4fe02cb-f2b0-4afa-885d-d1b93130d350');

INSERT INTO `term_details` VALUES ('0501a281-38e2-4b8a-aa6e-cb88d027b351','PUBLIC_RESULT','2024-06-02 07:00:00','2024-06-14 19:00:36','2024-06-12 16:43:22','2024-06-14 19:00:37','f40bd6b8-d2a2-4477-9a06-f63801df53aa'),('09a4efaa-a5e7-4e2f-a85d-9eea8ce0e9e4','DISCUSSION','2025-06-02 07:00:00','2025-08-01 07:00:00','2024-06-12 16:45:12','2024-06-12 16:45:12','36add2b6-6e88-4283-8c22-d79fef5af002'),('0f545bb4-0bee-4e9b-ad53-c69952cb50eb','CHOOSE_TOPIC','2023-09-01 07:00:00','2024-01-01 07:00:00','2024-06-12 16:42:19','2024-06-12 16:42:19','4e385168-5e79-42a1-8de5-a07f58e7c2a2'),('12f6285c-9d56-4f64-8b35-bace9da72db9','DISCUSSION','2024-01-02 07:00:00','2024-05-01 07:00:00','2024-06-12 16:42:53','2024-06-12 16:42:53','dbd340ed-57db-47f1-abad-8e0ad4c9c1f9'),('17210390-f717-47ab-85a6-31a9bd032487','DISCUSSION','2024-08-02 07:00:00','2025-12-22 07:00:00','2024-06-12 16:43:56','2024-06-12 16:43:56','7d98a855-d805-4122-8649-a6ebab007c86'),('2462df7f-567f-41c5-b51a-ee9f7ddece59','DISCUSSION','2023-09-01 07:00:00','2024-01-01 07:00:00','2024-06-12 16:42:19','2024-06-12 16:42:19','4e385168-5e79-42a1-8de5-a07f58e7c2a2'),('2fa172d0-82ab-4257-b5ad-b8cea16b66f5','REPORT','2025-12-26 07:00:00','2025-06-02 07:00:00','2024-06-12 16:44:46','2024-06-12 16:44:46','5769a425-b10b-4892-a839-b9336dc8aabb'),('35a92272-5d1e-4c4c-a848-c0ffb05be8d1','PUBLIC_RESULT','2025-12-26 07:00:00','2025-06-02 07:00:00','2024-06-12 16:44:46','2024-06-12 16:44:46','5769a425-b10b-4892-a839-b9336dc8aabb'),('4b775d73-759e-4f99-baa0-3410c0539c8d','CHOOSE_TOPIC','2024-01-02 07:00:00','2024-05-01 07:00:00','2024-06-12 16:42:53','2024-06-12 16:42:53','dbd340ed-57db-47f1-abad-8e0ad4c9c1f9'),('53e274c3-a0ac-4e3b-94b3-f1c3555df7e3','REPORT','2024-06-02 07:00:00','2024-06-14 17:01:36','2024-06-12 16:43:22','2024-06-14 17:01:37','f40bd6b8-d2a2-4477-9a06-f63801df53aa'),('5b53c94f-8455-4a60-8b28-8f67ac584455','CHOOSE_GROUP','2024-08-02 07:00:00','2025-12-22 07:00:00','2024-06-12 16:43:56','2024-06-12 16:43:56','7d98a855-d805-4122-8649-a6ebab007c86'),('5d214b83-b947-48f5-869a-89ed38d5a9f5','CHOOSE_TOPIC','2025-12-26 07:00:00','2025-06-02 07:00:00','2024-06-12 16:44:46','2024-06-12 16:44:46','5769a425-b10b-4892-a839-b9336dc8aabb'),('600842ca-2f54-44ac-8a49-d91396362e52','CHOOSE_TOPIC','2024-08-02 07:00:00','2025-12-22 07:00:00','2024-06-12 16:43:56','2024-06-12 16:43:56','7d98a855-d805-4122-8649-a6ebab007c86'),('6b7d2dee-b800-4c91-b949-7d6ab1338a38','CHOOSE_GROUP','2024-01-02 07:00:00','2024-05-01 07:00:00','2024-06-12 16:42:53','2024-06-12 16:42:53','dbd340ed-57db-47f1-abad-8e0ad4c9c1f9'),('79db546f-3cfa-4608-9976-2330ce9a4098','CHOOSE_TOPIC','2025-06-02 07:00:00','2025-08-01 07:00:00','2024-06-12 16:45:12','2024-06-12 16:45:12','36add2b6-6e88-4283-8c22-d79fef5af002'),('7ac20bc2-5f9c-4af2-85e9-b476455adb4c','CHOOSE_GROUP','2025-06-02 07:00:00','2025-08-01 07:00:00','2024-06-12 16:45:12','2024-06-12 16:45:12','36add2b6-6e88-4283-8c22-d79fef5af002'),('7b82ca8d-e6bf-46ad-9934-d5303edb91c8','REPORT','2025-06-02 07:00:00','2025-08-01 07:00:00','2024-06-12 16:45:12','2024-06-12 16:45:12','36add2b6-6e88-4283-8c22-d79fef5af002'),('90be3473-2c3a-47ab-83a9-3b40dc4c1b8b','PUBLIC_RESULT','2024-08-02 07:00:00','2025-12-22 07:00:00','2024-06-12 16:43:56','2024-06-12 16:43:56','7d98a855-d805-4122-8649-a6ebab007c86'),('9a1d4b98-deb5-4335-bcb0-f212c61094a7','REPORT','2024-08-02 07:00:00','2025-12-22 07:00:00','2024-06-12 16:43:56','2024-06-12 16:43:56','7d98a855-d805-4122-8649-a6ebab007c86'),('9b6c7fc5-e614-4d32-81ba-4394d289da42','PUBLIC_RESULT','2024-01-02 07:00:00','2024-05-01 07:00:00','2024-06-12 16:42:53','2024-06-12 16:42:53','dbd340ed-57db-47f1-abad-8e0ad4c9c1f9'),('af6a4089-67a4-4b90-b021-d62dddae3110','CHOOSE_GROUP','2023-09-01 07:00:00','2024-01-01 07:00:00','2024-06-12 16:42:19','2024-06-12 16:42:19','4e385168-5e79-42a1-8de5-a07f58e7c2a2'),('b764d56c-fd39-4d26-88ed-5653e3e47ca0','DISCUSSION','2025-12-26 07:00:00','2025-06-02 07:00:00','2024-06-12 16:44:46','2024-06-12 16:44:46','5769a425-b10b-4892-a839-b9336dc8aabb'),('b8079b00-b4c1-4617-906b-ca8b766ae26d','REPORT','2023-09-01 07:00:00','2024-01-01 07:00:00','2024-06-12 16:42:19','2024-06-12 16:42:19','4e385168-5e79-42a1-8de5-a07f58e7c2a2'),('be62a729-6656-4521-9fb4-c19b1fa073b4','CHOOSE_GROUP','2024-06-02 07:00:00','2024-06-16 22:18:05','2024-06-12 16:43:22','2024-06-16 22:18:06','f40bd6b8-d2a2-4477-9a06-f63801df53aa'),('bfadfba7-b238-4d03-be2e-f50f0d6a12a7','REPORT','2024-01-02 07:00:00','2024-05-01 07:00:00','2024-06-12 16:42:53','2024-06-12 16:42:53','dbd340ed-57db-47f1-abad-8e0ad4c9c1f9'),('d582451c-dc2e-451a-b424-008706167314','DISCUSSION','2024-06-02 07:00:00','2024-06-14 17:01:32','2024-06-12 16:43:22','2024-06-14 17:01:33','f40bd6b8-d2a2-4477-9a06-f63801df53aa'),('dd4cd20f-1725-4293-b565-270edae0fa14','CHOOSE_TOPIC','2024-06-02 07:00:00','2024-06-14 17:01:30','2024-06-12 16:43:22','2024-06-14 17:01:30','f40bd6b8-d2a2-4477-9a06-f63801df53aa'),('e9fbac57-f247-4f3d-9b86-21a8c667f8ec','CHOOSE_GROUP','2025-12-26 07:00:00','2025-06-02 07:00:00','2024-06-12 16:44:46','2024-06-12 16:44:46','5769a425-b10b-4892-a839-b9336dc8aabb'),('eaa05283-d630-48e8-a658-de104adb33ee','PUBLIC_RESULT','2023-09-01 07:00:00','2024-01-01 07:00:00','2024-06-12 16:42:19','2024-06-12 16:42:19','4e385168-5e79-42a1-8de5-a07f58e7c2a2'),('fd5f1622-cbaa-4f62-aff5-420d45bb0272','PUBLIC_RESULT','2025-06-02 07:00:00','2025-08-01 07:00:00','2024-06-12 16:45:12','2024-06-12 16:45:12','36add2b6-6e88-4283-8c22-d79fef5af002');

INSERT INTO `terms` VALUES ('36add2b6-6e88-4283-8c22-d79fef5af002','HK3_2024-2025','2025-06-02 07:00:00','2025-08-01 07:00:00','2024-06-12 16:45:12','2024-06-12 16:45:12'),('4e385168-5e79-42a1-8de5-a07f58e7c2a2','HK1_2023-2024','2023-09-01 07:00:00','2024-01-01 07:00:00','2024-06-12 16:42:19','2024-06-12 16:42:19'),('5769a425-b10b-4892-a839-b9336dc8aabb','HK2_2024-2025','2025-12-26 07:00:00','2025-06-02 07:00:00','2024-06-12 16:44:46','2024-06-12 16:44:46'),('7d98a855-d805-4122-8649-a6ebab007c86','HK1_2024-2025','2024-08-02 07:00:00','2025-12-22 07:00:00','2024-06-12 16:43:56','2024-06-12 16:43:56'),('dbd340ed-57db-47f1-abad-8e0ad4c9c1f9','HK2_2023-2024','2024-01-02 07:00:00','2024-05-01 07:00:00','2024-06-12 16:42:53','2024-06-12 16:42:53'),('f40bd6b8-d2a2-4477-9a06-f63801df53aa','HK3_2023-2024','2024-06-02 07:00:00','2024-08-01 07:00:00','2024-06-12 16:43:22','2024-06-12 16:43:22');

INSERT INTO `topics` VALUES ('1','Tìm hiểu công nghệ WPF và ứng dụng xây dựng game ghép hình cho trẻ em','- Tìm hiểu cách thức lập trình với WPF. \r\n - Tìm hiểu các control, các layout.\r\n - Tìm hiểu style, template.\r\n - Tìm hiểu đồ họa 2D, 3D.\r\n - Tìm hiểu khả năng tạo hiệu ứng, âm thanh, hình ảnh, hoạt họa của WPF.\r\n - Mô tả rõ ràng yêu cầu của game ghép hình cho trẻ em, phân tích, thiết kế, cài đặt game.\r\n Tham khảo:\r\n https://www.youtube.com/watch?v=NJs96fs56Ho\r\n https://www.youtube.com/watch?v=gy5qxtsvzxE\r\n https://www.youtube.com/watch?v=vTXPPozt6ao\r\n https://www.youtube.com/watch?v=W40CCYU4ZBM\r\n https://9mobi.vn/game-xep-hinh-cho-be-tren-ios-706n.aspx',5,'Game ghép hình cho trẻ em','- Hiểu được cách thức lập trình với WPF.\r\n - Vận dụng được năng lực lập trình C# để xây dựng sản phẩm theo tiêu chuẩn công nghiệp.','A.Sinh viên tham gia đề tài\r\n1) Nắm vững kiến thức, kỹ năng lập trình C#.\r\n2) Có kiến thức, kỹ năng triển khai dự án phần mềm đầy đủ qui trình từ Requirement => Design => Coding => Unit Testing.\r\n3) Có năng lực đầy đủ về lập kế hoạch, theo dõi tiến độ, phân tích các vấn đề phát sinh trong quá trình thực hiện dự án.\r\nB.Sản phẩm\r\n1) Tài liệu mô tả yêu cầu.\r\n2) Tài liệu mô tả thiết kế.\r\n3) Tài liệu mô tả thiết kế chi tiết cho chức năng chính.\r\n4) Mã nguồn (được lưu vết định kỳ trên hệ thống quản lý phiên bản như SubVersion hoặc Git; mã nguồn trình bày rõ ràng, dễ hiểu theo tiêu chuẩn đã được thống nhất).\r\n5) Tài liệu mô tả tình huống test và kết quả test cho chức năng chính của dự án.\r\n6) Tài liệu mô tả cách biên dịch, đóng gói và hướng dẫn nâng cấp mã nguồn cho dự án.','- Đam mê nghiên cứu công nghệ, lập trình.\r\n - Có kiến thức lập trình C#.\r\n - Có tinh thần học hỏi và mong muốn làm sản phẩm theo quy trình công nghiệp: tuân thủ tiêu chuẩn khi viết mã nguồn, có hoạt động đảm bảo chất lượng mã nguồn.\r\n - Có khả năng viết mô tả yêu cầu ứng dụng.','APPROVED','2024-06-16 21:48:31','2024-06-16 22:18:28','b490a193-709d-4579-b6e0-fc5bfcdb9274'),('10','Quản lý khách sạn ','Chương trình giúp người quản lý quản lý được nhân viên, quản lý việc đặt trả phòng của khách... và khách hàng đặt được phòng.',5,'Áp dụng được vào thực tế','- Giúp người quản lý, quản lý được khách sạn\r\n- Giúp khách hàng xem thông tin về phòng, đặt phòng...\r\n','A. Sinh viên tham gia đề tài\r\n1) Nắm vững kiến thức, kỹ năng lập trình C/C++ hoặc Java\r\n2) Có kiến thức, kỹ năng triển khai dự án phần mềm đầy đủ qui trình từ Requirement => Design => Coding => Unit Testing\r\n3) Có năng lực đầy đủ về Lập kế hoạch, theo dõi tiến độ, phân tích các vấn đề phát sinh trong quá trình thực hiện dự án.\r\n4) Đọc tài liệu tiếng Anh, tìm kiếm tài liệu, Kỹ năng viết báo cáo, tài liệu thuyết trình\r\n5) Có thể thu thập, phân tích được hành vi người dùng trong quá trình thực hiện dự án.\r\nB. Sản phẩm\r\n1) Có tài liệu mô tả Yêu cầu dự án.\r\n2) Có tài liệu mô tả Thiết kế kiến trúc của dự án.\r\n3) Có tài liệu mô tả Thiết kế chi tiết cho chức năng chính của dự án.\r\n4)  Có tài liệu mô tả tình huống test và kết quả test cho chức năng chính của dự án.\r\n5) Có tài liệu mô tả cách biên dịch, đóng gói và hướng dẫn nâng cấp mã nguồn cho dự án.\r\n\r\n',' Có kiến thức về quản lý, báo cáo Crystal report.\r\n- Kỹ năng phân tích thiết kế, lập trình tốt.\r\n- Cần cù, chiu khó.\r\n- Có tinh thần ham học hỏi, cầu tiến.','APPROVED','2024-06-16 21:48:31','2024-06-16 22:18:30','6dbda89d-b4cc-42a9-991f-a1f013fe67bc'),('11','Quản lý đặt bàn trong nhà hàng','Chương trình giúp người quản lý quản lý được  việc đặt món ăn, tính tiền của khách... và khách hàng đặt được món ăn',5,'Áp dụng được vào thực tế','Giúp người quản lý, quản lý được bàn đặt, các món ăn \r\n- Giúp khách hàng xem thông tin về món ăn, đặt bàn...\r\n','A. Sinh viên tham gia đề tài\r\n1) Nắm vững kiến thức, kỹ năng lập trình C/C++ hoặc Java\r\n2) Có kiến thức, kỹ năng triển khai dự án phần mềm đầy đủ qui trình từ Requirement => Design => Coding => Unit Testing\r\n3) Có năng lực đầy đủ về Lập kế hoạch, theo dõi tiến độ, phân tích các vấn đề phát sinh trong quá trình thực hiện dự án.\r\n4) Đọc tài liệu tiếng Anh, tìm kiếm tài liệu, Kỹ năng viết báo cáo, tài liệu thuyết trình\r\n5) Có thể thu thập, phân tích được hành vi người dùng trong quá trình thực hiện dự án.\r\nB. Sản phẩm\r\n1) Có tài liệu mô tả Yêu cầu dự án.\r\n2) Có tài liệu mô tả Thiết kế kiến trúc của dự án.\r\n3) Có tài liệu mô tả Thiết kế chi tiết cho chức năng chính của dự án.\r\n4)  Có tài liệu mô tả tình huống test và kết quả test cho chức năng chính của dự án.\r\n5) Có tài liệu mô tả cách biên dịch, đóng gói và hướng dẫn nâng cấp mã nguồn cho dự án.\r\n\r\n','Có kiến thức về quản lý, báo cáo Crystal report.\r\n- Kỹ năng phân tích thiết kế, lập trình tốt.\r\n- Cần cù, chiu khó.\r\n- Có tinh thần ham học hỏi, cầu tiến.','APPROVED','2024-06-16 21:48:31','2024-06-16 22:18:33','6dbda89d-b4cc-42a9-991f-a1f013fe67bc'),('12','Sàn giao dịch hàng hóa online','- Khảo sát các website\r\n- Lựa chọn các chức năng cho loại giao dịch\r\n- Tạo sản phẩm với vai trò trung gian giao dịch',5,'Tương tự các sàn giao dịch trong thực tế','- Hiểu được vai trò trung gian của sàn giao dịch\r\n- Bảo đảm an toàn giao dịch\r\n- Website cho phép người dùng giao dịch online thuận lợi ','A.Sinh viên tham gia đề tài.\r\n1) Có khả năng phát triển ứng dụng web.\r\n3) Thực hiện theo qui trình từ Requirement => Design => Coding => Unit Testing.\r\nB.Sản phẩm\r\n1) Có thể sử dụng được, có thể phát triển tiếp\r\n2) Tất cả các giao dịch mua bán đều qua trung gian, tài khoản của sàn\r\n3) Tài liệu Thực hiện theo mẫu đồ án quy định\r\n','- Phân tích nghiệp vụ tốt\r\n- Lập trình web','APPROVED','2024-06-16 21:48:31','2024-06-17 17:58:50','ffabb475-52a7-489f-a955-94a39d4cad4e'),('13','Website kinh doanh bất động sản','- Khảo sát các website\r\n- Tạo sản phẩm hỗ trợ cho việc kinh doanh',5,'Tương tự website thực tế','- Giới Thiệu được công ty, dịch vụ và sản phẩm\r\n- Hỗ trợ cho việc kinh doanh bất động sản','A.Sinh viên tham gia đề tài.\r\n1) Có khả năng phát triển ứng dụng web.\r\n3) Thực hiện theo qui trình từ Requirement => Design => Coding => Unit Testing.\r\nB.Sản phẩm\r\n1) Có thể sử dụng được, có thể phát triển tiếp\r\n2) Có chức năng trung gian mua bán, tìm kiếm nâng cao, quản lý đối tác\r\n3) Tài liệu Thực hiện theo mẫu đồ án quy định\r\n','- Có suy nghĩ thực tế\r\n- Lập trình web','APPROVED','2024-06-16 21:48:31','2024-06-25 23:30:16','ffabb475-52a7-489f-a955-94a39d4cad4e'),('14','Website giới thiệu phim mới ','- Quản lý nội dung phim, thể loại phim sắp phát hành\r\n- Thống kế lượng truy cập, đánh giá khảo sát phim\r\n- Quản lý thông tin người dùng',5,'Hiện thực ứng dụng trực tuyến trên nền tảng đám mây (AWS), Các chức năng ứng dụng gần giống thực tế','- Hiểu được kiến trúc tổng thể hệ thống giới thiệu phim mới\r\n- Sử dụng được các công nghệ lập trình Node JS, HTML5, CSS3, jQuery, Ajax \r\n- Biết cách khai thác và triển khai ứng dụng trên nền tảng điện toán đám mây','A.Sinh viên tham gia đề tài.\r\n1) Có khả năng triển khai ứng dụng web trên nền tảng điện toán đám mây\r\n2) Có kiến thức và kỹ năng lập trình web và khai thác các dịch vụ điện toán đám mây\r\n3) Thực hiện theo qui trình từ Requirement => Design => Coding => Unit Testing. \r\n4) Kế hoạch thực hiện đề tài\r\nB.Sản phẩm\r\n1) Có thể sử dụng được, có thể phát triển tiếp\r\n2) Tài liệu thực hiện theo mẫu đồ án quy định \r\n3) Mả nguồn chương trình\r\n4) Tài liệu mô tả qui trình testing','- Hiểu nền tảng kiến trúc và khai thác dịch vụ điện toán đám mây (AWS)\r\n- Hiểu và có kỹ năng lập trình Node.js và các công nghệ web có liên quan','APPROVED','2024-06-16 21:48:31','2024-06-25 23:30:19','ffabb475-52a7-489f-a955-94a39d4cad4e'),('15','Website giới thiệu sách mới ','- Quản lý nội dung sách, thể loại sách mới\r\n- Thống kế lượng truy cập, đánh giá khảo sát sách\r\n- Quản lý thông tin người dùng',5,'Hiện thực ứng dụng trực tuyến trên nền tảng đám mây (AWS), Các chức năng ứng dụng gần giống thực tế','- Hiểu được kiến trúc tổng thể hệ thống giới thiệu sách mới\r\n- Sử dụng được các công nghệ lập trình Node JS, HTML5, CSS3, jQuery, Ajax \r\n- Biết cách khai thác và triển khai ứng dụng trên nền tảng điện toán đám mây','A.Sinh viên tham gia đề tài.\r\n1) Có khả năng triển khai ứng dụng web trên nền tảng điện toán đám mây\r\n2) Có kiến thức và kỹ năng lập trình web và khai thác các dịch vụ điện toán đám mây\r\n3) Thực hiện theo qui trình từ Requirement => Design => Coding => Unit Testing. \r\n4) Kế hoạch thực hiện đề tài\r\nB.Sản phẩm\r\n1) Có thể sử dụng được, có thể phát triển tiếp\r\n2) Tài liệu thực hiện theo mẫu đồ án quy định \r\n3) Mả nguồn chương trình\r\n4) Tài liệu mô tả qui trình testing','- Hiểu nền tảng kiến trúc và khai thác dịch vụ điện toán đám mây (AWS) \r\n- Hiểu và có kỹ năng lập trình Node.js và các công nghệ web có liên quan','PENDING','2024-06-16 21:48:31','2024-06-16 21:48:31','ffabb475-52a7-489f-a955-94a39d4cad4e'),('16','Tạo ra ứng dụng về du lịch và dịch vụ bán sản phẩm.','- Tìm hiểu digital marketing.\r\n - Nguyên cứu các công nghệ NodeJS, VueJS, HTML5, CSS, SCSS, Javascript, Boostrap, MongoDB.\r\n - Nguyên cứu cách viết và xây dựng ứng dụng cho số lượng lớn truy cập.\r\n - Nguyên cứu cách viết ứng dụng tích hợp với các mạng xã hội.\r\n - Nguyên cứu cách tạo ra các con bot Crawl Data.',5,'-Phần mềm cho phép người dùng nắm bắt thông tin cơ bản và chuẩn bị đồ dùng cần thiết cho chuyến đi, đăng bài, tạo bộ sưu tập, bình luận,tạo lịch các chuyến đi của chính mình.\r\n - Thông báo sự kiện qua Gmail(Thông tin địa điểm thông qua lịch được đặt sẵn).\r\n - Phần mềm có thêm 1 dịch vụ mua sản phẩm liên quan.','- Hiểu được khái niệm, cách tổ chức 1 trang du lịch và thương mại điện tử.\r\n - Sử dụng được các công nghệ: NodeJS, VueJS, HTML5, CSS, SCSS, Javascript, Boostrap, MongoDB.\r\n -Vận dụng được năng lực lập trình để xây dựng sản phẩm theo chuẩn công nghiệp.\r\n - Triển khai hệ thống trên Cloud.\r\n - Tạo ra các con bot Crawl Data từ các trang liên quan.','A.Sinh viên tham gia đề tài \r\n1) Nắm vững kiến thức, kỹ năng lập trình Nodejs, Html, Css, Scss, Vuejs \r\n2) Có kiến thức, kỹ năng triển khai dự án phần mềm đầy đủ qui trình từ Requirement => Design => Coding => Unit Testing \r\n3) Có năng lực đầy đủ về Lập kế hoạch, theo dõi tiến độ, phân tích các vấn đề phát sinh trong quá trình thực hiện dự án.\r\n 4) Có thể thu thập thông tin và phân tích các vấn đề phát sinh. B.Sản phẩm\r\n 1) Có tài liệu mô tả Yêu cầu dự án.\r\n 2) Có tài liệu mô tả Thiết kế kiến trúc của dự án.\r\n 3) Có tài liệu mô tả Thiết kế chi tiết cho chức năng chính của dự án. \r\n4) Có mã nguồn được lưu vết (tracking) định kỳ trên hệ thống quản lý phiên bản (version control) như Subversion hoặc Git; Mã nguồn trình bày rõ ràng, dễ hiểu theo tiêu chuẩn đã được thống nhất.\r\n 5) Có tài liệu mô tả tình huống test và kết quả test cho chức năng chính của dự án. \r\n6) Có tài liệu mô tả cách biên dịch, đóng gói và hướng dẫn nâng cấp mã nguồn cho dự án.','- Đam mê nghiên cứu công nghệ, thuật toán.\r\n - Có kiến thức cơ bản về Web Programming.\r\n - Kiến thức lập trình Javascript, Html, Css,\r\n - Có tinh thần học hỏi và mong muốn làm sản phẩm theo quy trình công nghiệp: tuân thủ tiêu chuẩn khi viết mã nguồn, có hoạt động đảm bảo chất lượng mã nguồn','PENDING','2024-06-16 21:48:31','2024-06-16 21:48:31','efd199dc-2678-476b-9bef-924081eafbc9'),('17','Ứng dụng hỗ trợ tìm thợ sửa khóa','- Tìm hiểu, nghiên cứu ngôn ngữ viết ứng dụng trên HĐH Android, hoặc IOS .\r\n - Tìm hiểu định vị tọa độ kết nối với thiết bị di động của thợ sửa khóa.\r\n - Tìm hiểu service tìm đường đi.\r\n - Nguyên cứu cách viết ứng dụng tích hợp lư trữ data trên server cho thợ sửa khóa dạng như go việt, grap đặt xe.',5,'-Phần mềm cho phép người dùng nắm bắt thông tin người đến sửa khóa căn nhà của gia chủ, tạo sự an tâm cho gia chủ.\r\n - Thông báo được các thợ sửa khóa gần nhà bạn.\r\n - Dự báo được bao nhiêu thời gian thợ sửa khóa đấn căn nhà của gia chủ cần sửa khóa.\r\n - Thu tiền các thợ sửa khóa có kết nối với gia chủ 20% ( kiểu như go việt hoặc grap bike, car)\r\n -Lưu trữ thông tin cá nhân của thợ sửa khóa\r\n - Các báo biểu cần thiết\r\n - Tìm các thợ sửa khóa gần nhất để gia chủ nhờ sửa khóa','- Hiểu được kiến trúc tổng thể hệ thống vận hành qua thiết bị di động.\r\n - Sử dụng được các công nghệ lập trình trên ngôn ngữ Android, IOS.\r\n - Biết cách viết ứng dụng dựa trên thiết bị đi động','A.Sinh viên tham gia đề tài\r\n 1) Nắm vững kiến thức, kỹ năng lập trình trên HĐH android hoặc IOS \r\n2) Có kiến thức, kỹ năng triển khai dự án phần mềm đầy đủ qui trình từ Requirement => Design => Coding => Unit Testing \r\n3) Có năng lực đầy đủ về Lập kế hoạch, theo dõi tiến độ, phân tích các vấn đề phát sinh trong quá trình thực hiện dự án.\r\n 4) Có thể thu thập thông tin và phân tích các vấn đề phát sinh. B.Sản phẩm \r\n1) Có tài liệu mô tả Yêu cầu dự án. \r\n2) Có tài liệu mô tả Thiết kế kiến trúc của dự án. \r\n3) Có tài liệu mô tả Thiết kế chi tiết cho chức năng chính của dự án. \r\n4) Có tài liệu mô tả tình huống test và kết quả test cho chức năng chính của dự án.\r\n 5) Có tài liệu mô tả cách biên dịch, đóng gói và hướng dẫn nâng cấp mã nguồn cho dự án.','- Đam mê nghiên cứu công nghệ, thuật toán.\r\n - Có kiến thức cơ bản về lập trình thiết bị di động như trên HDH Android, IOS,\r\n - Có tinh thần học hỏi và mong muốn làm sản phẩm theo thương mại cộng đồng','PENDING','2024-06-16 21:48:31','2024-06-16 21:48:31','efd199dc-2678-476b-9bef-924081eafbc9'),('18','Xây dựng Website bán vé tàu online','- Tìm hiểu rõ ràng và đưa ra các yêu cầu về nghiệp vụ bán vé tàu online. \r\n- Từ đó dẫn đến việc phân tích CSDL hiện thực đúng đắn\r\n- Áp dụng được các kiến thức đã học để thiết kế và xây dựng website. \r\n- SV có thể tìm hiểu thêm các kiến thức khác áp dụng cho việc tạo 1 Website',5,'Website sau khi hoàn thành phải có tính thực tế \r\nvà áp dụng trên đa nền tảng khác nhau','- Phân tích nghiệp vụ thực tế của việc bán vé tàu online\r\n- Sử dụng được các công nghệ lập trình Node JS, HTML5, CSS3, jQuery, Ajax \r\n- Thực thi được việc thanh toán trực tuyến qua các cổng thanh toán\r\n điện tử với các loại thẻ ATM','A.Sinh viên tham gia đề tài\r\n1) Nắm vững kiến thức, kỹ năng thiết kế Web và lập trình C#.\r\n2) Có kiến thức, kỹ năng triển khai dự ánwebsite đầy đủ qui trình từ Requirement => Design => Coding => Unit Testing=>Maintaining.\r\n3) Có năng lực đầy đủ về lập kế hoạch, theo dõi tiến độ, phân tích các vấn đề phát sinh trong quá trình thực hiện dự án.\r\nB.Sản phẩm\r\n1) Tài liệu Báo cáo khóa luận theo mẫu quy định của FIT IUH.\r\n2) Tài liệu mô tả yêu cầu.\r\n3) Tài liệu mô tả thiết kế.\r\n4) Tài liệu mô tả thiết kế chi tiết cho chức năng chính.\r\n5) Mã nguồn (được lưu vết định kỳ trên hệ thống quản lý phiên bản như SubVersion hoặc Git; mã nguồn trình bày rõ ràng, dễ hiểu theo tiêu chuẩn đã được thống nhất).\r\n7) Tài liệu mô tả tình huống test và kết quả test cho chức năng chính của dự án.\r\n8) Tài liệu mô tả cách triển khai Website\r\n9) Tài liệu hướng dẫn nâng cấp mới theo nhu cầu','- SV có đam mê về lập trình và phân tích hệ thống \r\n-SV có kiến thức về lập trình Web\r\n- SV phải chịu khó học hỏi và có tinh thần làm việc tự giác\r\n','APPROVED','2024-06-16 21:48:31','2024-06-17 17:56:06','84972efd-2f1c-4cdd-a1d2-dc7c00042144'),('19','Xây dựng Website là một diễn đàn chia sẻ các kinh nghiệm \r\nchăm sóc con của cha mẹ','- Tìm hiểu rõ ràng và đưa ra các yêu cầu về nhu câu cần trao đổi và chia sẻ của các cha mẹ \r\nvề con cái của họ như tính tình, cách dạy dỗ, giáo dục giới tính ....\r\n- Từ đó dẫn đến việc phân tích CSDL hiện thực đúng đắn\r\n- Áp dụng được các kiến thức đã học để thiết kế và xây dựng website. \r\n- SV có thể tìm hiểu thêm các kiến thức khác áp dụng cho việc tạo 1 Website\r\n',5,'Website sau khi hoàn thành phải có tính thực tế \r\nvà áp dụng trên đa nền tảng khác nhau','- Phân tích công việc và các thông tin cần trao đổi trên website\r\n- Sử dụng được các công nghệ lập trình Node JS, HTML5, CSS3, jQuery, Ajax \r\n- Thực thi được kết nối với các trang mạng xã hội khác trong diễn đàn như \r\nfacebook, twitter, instagram ...','A.Sinh viên tham gia đề tài\r\n1) Nắm vững kiến thức, kỹ năng thiết kế Web và lập trình C#.\r\n2) Có kiến thức, kỹ năng triển khai dự ánwebsite đầy đủ qui trình từ Requirement => Design => Coding => Unit Testing=>Maintaining.\r\n3) Có năng lực đầy đủ về lập kế hoạch, theo dõi tiến độ, phân tích các vấn đề phát sinh trong quá trình thực hiện dự án.\r\nB.Sản phẩm\r\n1) Tài liệu Báo cáo khóa luận theo mẫu quy định của FIT IUH.\r\n2) Tài liệu mô tả yêu cầu.\r\n3) Tài liệu mô tả thiết kế.\r\n4) Tài liệu mô tả thiết kế chi tiết cho chức năng chính.\r\n5) Mã nguồn (được lưu vết định kỳ trên hệ thống quản lý phiên bản như SubVersion hoặc Git; mã nguồn trình bày rõ ràng, dễ hiểu theo tiêu chuẩn đã được thống nhất).\r\n7) Tài liệu mô tả tình huống test và kết quả test cho chức năng chính của dự án.\r\n8) Tài liệu mô tả cách triển khai Website\r\n9) Tài liệu hướng dẫn nâng cấp mới theo nhu cầu','- SV có đam mê về lập trình và phân tích hệ thống \r\n-SV có kiến thức về lập trình Web\r\n- SV phải chịu khó học hỏi và có tinh thần làm việc tự giác\r\n','PENDING','2024-06-16 21:48:31','2024-06-16 21:48:31','84972efd-2f1c-4cdd-a1d2-dc7c00042144'),('2','Ứng dụng quản lý thời gian và công việc trên thiết bị di động','- Tìm hiểu cách thức lập trình trên thiết bị di động.\r\n - Tìm hiểu khả năng tạo hiệu ứng, âm thanh.\r\n - Đóng gói và phân phối ứng dụng trên thiết bị di động.\r\n - Mô tả yêu cầu rõ ràng cho ứng dụng, phân tích, thiết kế, cài đặt ứng dụng.\r\n - Ứng dụng phải cho phép người dùng quản lý thời gian biểu dễ dàng, tiện lợi, có nhắc nhở.',5,'Ứng dụng quản lý thời gian và công việc trên thiết bị di động','- Hiểu được cách thức lập trình trên thiết bị di động.\r\n - Vận dụng được năng lực lập trình trên thiết bị di động để xây dựng sản phẩm theo tiêu chuẩn công nghiệp.','A.Sinh viên tham gia đề tài\r\n1) Nắm vững kiến thức, kỹ năng lập trình C#.\r\n2) Có kiến thức, kỹ năng triển khai dự án phần mềm đầy đủ qui trình từ Requirement => Design => Coding => Unit Testing.\r\n3) Có năng lực đầy đủ về lập kế hoạch, theo dõi tiến độ, phân tích các vấn đề phát sinh trong quá trình thực hiện dự án.\r\nB.Sản phẩm\r\n1) Tài liệu mô tả yêu cầu.\r\n2) Tài liệu mô tả thiết kế.\r\n3) Tài liệu mô tả thiết kế chi tiết cho chức năng chính.\r\n4) Mã nguồn (được lưu vết định kỳ trên hệ thống quản lý phiên bản như SubVersion hoặc Git; mã nguồn trình bày rõ ràng, dễ hiểu theo tiêu chuẩn đã được thống nhất).\r\n5) Tài liệu mô tả tình huống test và kết quả test cho chức năng chính của dự án.\r\n6) Tài liệu mô tả cách biên dịch, đóng gói và hướng dẫn nâng cấp mã nguồn cho dự án.','- Đam mê nghiên cứu công nghệ, lập trình trên thiết bị di động.\r\n - Có kiến thức lập trình trên thiết bị di động.\r\n - Có tinh thần học hỏi và mong muốn làm sản phẩm theo quy trình công nghiệp: tuân thủ tiêu chuẩn khi viết mã nguồn, có hoạt động đảm bảo chất lượng mã nguồn.\r\n - Biết cách tìm hiểu nhu cầu thực tế của người dùng.\r\n - Có khả năng viết mô tả yêu cầu ứng dụng.','PENDING','2024-06-16 21:48:31','2024-06-16 21:48:31','b490a193-709d-4579-b6e0-fc5bfcdb9274'),('20','Xây dựng Website du lịch trực tuyến.','- Tìm hiểu chi tiết các nghiệp vụ đáp ứng đủ trong ngành du lịch .\r\n- Áp dụng các kiến thức đã học để thiết kế và xây dựng website. \r\n- SV có thể tìm hiểu thêm các kiến thức khác để áp dụng cho việc thiết kế 1 Website',5,'Website sau khi hoàn thành phải áp dụng được \r\ntrong thực tế.\r\n','-Phân tích nghiệp vụ trong thực tế.\r\n-Hệ thống bán tour trực tuyến là phân hệ danh cho khách hàng public có thể \r\nbook tour giữ chỗ và thanh toán trực tuyến thông qua hình thúc\r\n thanh toán : Visa, ATM, Ví điện tử,...\r\n-Nhờ đó tiết kiệm được rất nhiều thời gian, công sức cho khách \r\nhàng mỗi khi có nhu cầu đi du lịch.','A.Sinh viên tham gia đề tài\r\n1) Nắm vững kiến thức, kỹ năng lập trình các ngôn ngữ C#, Jquery, HTML, CSS, Javascript, Ajax. Sử dụng hệ quản trị cơ sở dữ liệu Microsoft SQL Server .\r\n2) Có kiến thức, kỹ năng triển khai dự án phần mềm đầy đủ qui trình từ Requirement => Design => Coding => Unit Testing\r\n3) Có năng lực đầy đủ về Lập kế hoạch, theo dõi tiến độ, phân tích các vấn đề phát sinh trong quá trình thực hiện dự án.\r\n4) Có kỹ năng lập trình sử dụng lại thư viện xử lý ảnh.\r\n\r\n\r\nB.Sản phẩm\r\n1) Có tài liệu mô tả Yêu cầu dự án.\r\n2) Có tài liệu mô tả Thiết kế kiến trúc của dự án.\r\n3) Có tài liệu mô tả Thiết kế chi tiết cho chức năng chính của dự án.\r\n4) Có mã nguồn được lưu vết (tracking) định kỳ trên hệ thống quản lý phiên bản (version control) như Subversion hoặc Git; Mã nguồn trình bày rõ ràng, dễ hiểu theo tiêu chuẩn đã được thống nhất.\r\n5) Có tài liệu mô tả tình huống test và kết quả test cho chức năng chính của dự án.\r\n6) Có tài liệu mô tả cách biên dịch, đóng gói và hướng dẫn nâng cấp mã nguồn cho dự án.','- SV có kiến thức về lập trình Web.\r\n- SV có tinh thần tự giác học hỏi.\r\n- SV có đam mê nghiên cứu về công nghệ','PENDING','2024-06-16 21:48:31','2024-06-16 21:48:31','efd199dc-2678-476b-9bef-924081eafbc9'),('21','Xây dựng website Quản lý nhà hàng.','- Áp dụng các quy trình nghiệp vụ nhà hàng vào website.\r\n- Áp dụng các kiến thức đã học để thiết kế và xây dựng website. \r\n- SV có thể tìm hiểu thêm các kiến thức khác để áp dụng cho việc thiết kế 1 Website',5,'Website sau khi hoàn thành phải áp dụng được trong thực tế.','-Phân tích nghiệp vụ trong thực tế.\r\n-Website quản lý nhà hàng là một website online đáp ứng phần lớn \r\ncác chức năng cơ bản của một nhà hàng, cung cấp các chức năng \r\ntiện ích, nhanh chóng, có thể thực hiện các giao dịch đáp ứng nhu cầu \r\ncủa khách hàng như đặt tiệc, quản lý thông tin cá nhân ngay trên trang\r\nwebsite mà không cần phải đến tận nhà hàng.\r\n ','A.Sinh viên tham gia đề tài\r\n1) Nắm vững kiến thức, kỹ năng lập trình các ngôn ngữ C#, Jquery, HTML, CSS, Javascript, Ajax. Sử dụng hệ quản trị cơ sở dữ liệu Microsoft SQL Server .\r\n2) Có kiến thức, kỹ năng triển khai dự án phần mềm đầy đủ qui trình từ Requirement => Design => Coding => Unit Testing\r\n3) Có năng lực đầy đủ về Lập kế hoạch, theo dõi tiến độ, phân tích các vấn đề phát sinh trong quá trình thực hiện dự án.\r\n4) Có kỹ năng lập trình sử dụng lại thư viện xử lý ảnh.\r\n\r\n\r\nB.Sản phẩm\r\n1) Có tài liệu mô tả Yêu cầu dự án.\r\n2) Có tài liệu mô tả Thiết kế kiến trúc của dự án.\r\n3) Có tài liệu mô tả Thiết kế chi tiết cho chức năng chính của dự án.\r\n4) Có mã nguồn được lưu vết (tracking) định kỳ trên hệ thống quản lý phiên bản (version control) như Subversion hoặc Git; Mã nguồn trình bày rõ ràng, dễ hiểu theo tiêu chuẩn đã được thống nhất.\r\n5) Có tài liệu mô tả tình huống test và kết quả test cho chức năng chính của dự án.\r\n6) Có tài liệu mô tả cách biên dịch, đóng gói và hướng dẫn nâng cấp mã nguồn cho dự án.','- SV có kiến thức về lập trình Web.\r\n- SV có tinh thần tự giác học hỏi.\r\n- SV có đam mê nghiên cứu về công nghệ','PENDING','2024-06-16 21:48:31','2024-06-16 21:48:31','efd199dc-2678-476b-9bef-924081eafbc9'),('3','Xây dựng ứng dụng quản lý tài chính cá nhân của sinh viên trên thiết bị di động','-Đơn giản hóa công việc quản lý tài chính : Thay vì Sv phải viết ra giấy chi tiêu của mình  thì Sv có thể nhập chi tiêu hằng ngày vào phần mềm này,phần mềm sẽ tự động tính tổng chi tiêu cuối ngày và cuối tháng cho Sv.\r\n- Nhắc nhớ chi tiêu hằng ngày\r\n- Lập kế hoạch tiết kiệm cho sự kiện sắp tới.',5,' Hiện thực và triễn khai được thành các App trên nền tảng android.','- Lập trình được trên HDH Androi, ứng dụng được các công cụ (thư viện, các gói mã nguồn mở...) vào thực hiện trong đề tài \r\n- Phân tích, thiết kế ứng dụng . \r\n- Hiện thực được ứng dụng, triễn khai được thành các App trên nền tảng android\r\n','A.Sinh viên tham gia đề tài \r\n1) Nắm vững kiến thức, kỹ năng lập trình Java, lập trình TBDĐ trên Android \r\n2) Đọc tài liệu tiếng Anh, tìm kiếm tài liệu, Kỹ năng viết báo cáo, tài liệu thuyết trình\r\n3) Có năng lực đầy đủ về Lập kế hoạch, theo dõi tiến độ, phân tích các vấn đề phát sinh trong quá trình thực hiện đề tài. \r\n4) Có kỹ năng sử dụng tích hợp công nghệ mới và đề tài. \r\nB.Sản phẩm \r\n1) Có tài liệu mô tả Yêu cầu dự án. \r\n2) Có tài liệu mô tả Thiết kế kiến trúc của dự án. \r\n3) Có tài liệu mô tả Thiết kế chi tiết cho chức năng chính của dự án.\r\n 4) Có mã nguồn được lưu vết (tracking) định kỳ trên hệ thống quản lý phiên bản (version control) như Subversion hoặc Git; Mã nguồn trình bày rõ ràng, dễ hiểu theo tiêu chuẩn đã được thống nhất. \r\n5) Có tài liệu mô tả tình huống test và kết quả test cho chức năng chính của dự án. \r\n6) Có tài liệu mô tả cách biên dịch, đóng gói và hướng dẫn nâng cấp mã nguồn cho dự án.\r\n',' - Có kiến thức lập trình trên thiết bị di động.\r\n - Có tinh thần học hỏi và mong muốn làm sản phẩm theo quy trình công nghiệp: tuân thủ tiêu chuẩn khi viết mã nguồn, Có hoạt động đảm bảo chất lượng mã nguồn.\r\n - Biết cách tìm hiểu nhu cầu thực tế của người dùng.\r\n - Có khả năng viết mô tả yêu cầu ứng dụng.','PENDING','2024-06-16 21:48:31','2024-06-16 21:48:31','be623510-6d68-4f3f-a5e0-0854ea7579e8'),('4','Xây dựng ứng dụng giúp đặt món ăn trên thiết bị di động ','-	Hỗ trợ việc quản lí, kiểm tra doanh thu, tình hình nguyên vật liệu\r\n-        Tạo ra một hệ thống thông tin liền mạch từ nhân viên phục vụ, bộ phận pha chế, nhà bếp đến bộ phận thu ngân và quản lí\r\n-        Giúp khách hàng có thể đặt món từ xa, dùng dữ liệu có sẵn để có thể tạo sự tiện lợi tối đa cho khách hàng',5,'Hiện thực và triễn khai được thành các App trên nền tảng android.','- Lập trình được trên HDH Androi, ứng dụng được các công cụ (thư viện, các gói mã nguồn mở...) vào thực hiện trong đề tài \r\n- Phân tích, thiết kế ứng dụng . \r\n- Hiện thực được ứng dụng, triễn khai được thành các App trên nền tảng android\r\n','A.Sinh viên tham gia đề tài \r\n1) Nắm vững kiến thức, kỹ năng lập trình Java, lập trình TBDĐ trên Android \r\n2) Đọc tài liệu tiếng Anh, tìm kiếm tài liệu, Kỹ năng viết báo cáo, tài liệu thuyết trình\r\n3) Có năng lực đầy đủ về Lập kế hoạch, theo dõi tiến độ, phân tích các vấn đề phát sinh trong quá trình thực hiện đề tài. \r\n4) Có kỹ năng sử dụng tích hợp công nghệ mới và đề tài. \r\nB.Sản phẩm \r\n1) Có tài liệu mô tả Yêu cầu dự án. \r\n2) Có tài liệu mô tả Thiết kế kiến trúc của dự án. \r\n3) Có tài liệu mô tả Thiết kế chi tiết cho chức năng chính của dự án.\r\n 4) Có mã nguồn được lưu vết (tracking) định kỳ trên hệ thống quản lý phiên bản (version control) như Subversion hoặc Git; Mã nguồn trình bày rõ ràng, dễ hiểu theo tiêu chuẩn đã được thống nhất. \r\n5) Có tài liệu mô tả tình huống test và kết quả test cho chức năng chính của dự án. \r\n6) Có tài liệu mô tả cách biên dịch, đóng gói và hướng dẫn nâng cấp mã nguồn cho dự án.\r\n','- Có kiến thức lập trình trên thiết bị di động.\r\n - Có tinh thần học hỏi và mong muốn làm sản phẩm theo quy trình công nghiệp: tuân thủ tiêu chuẩn khi viết mã nguồn, có hoạt động đảm bảo chất lượng mã nguồn.\r\n - Biết cách tìm hiểu nhu cầu thực tế của người dùng.\r\n - Có khả năng viết mô tả yêu cầu ứng dụng.','PENDING','2024-06-16 21:48:31','2024-06-16 21:48:31','be623510-6d68-4f3f-a5e0-0854ea7579e8'),('5','Xây dựng App bán hàng trên Điện thoại di động Hệ điều hành Android','- Tìm hiểu Thương mại điện tử.\r\n- Nghiên cứu công nghệ lập trình Java Mobile kết hợp ASP.NET MVC hoặc PHP phía backend.\r\n- Phát triển các module: - Show sản phẩm theo loại\r\n                                       - Đặt hàng.\r\n                                       - Nhận đơn hàng.\r\n                                       - Xử lý đơn hàng\r\n                                       - Thống kê doanh thu\r\n',5,'-Triển khai App bán hàng trên Mobile.','- Lập trình được trên HDH Android.\r\n- Giúp cho Sinh viên cập nhật những kiến thực về Thương mại Online.\r\n- Triển khai được một App bán hàng.\r\n- Giúp cho một Đơn vị nhỏ có thể phân phối Sản phẩm của mình qua Mobile\r\n','A.Sinh viên tham gia đề tài\r\n1) Nắm vững kiến thức, kỹ năng lập trình  Java\r\n2) Có kiến thức, kỹ năng triển khai dự án phần mềm đầy đủ qui trình từ Requirement => Design => Coding => Unit Testing\r\n3) Có kỹ năng lập trình sử dụng thư viện ngoài.\r\nB.Sản phẩm\r\n1) Có tài liệu mô tả Yêu cầu dự án.\r\n2) Có tài liệu mô tả Thiết kế chi tiết cho chức năng chính của dự án.\r\n3) Có mã nguồn được lưu vết (tracking) định kỳ trên hệ thống quản lý phiên bản (version control) như Subversion hoặc Git; Mã nguồn trình bày rõ ràng.\r\n4) Có tài liệu mô tả tình huống test và kết quả test cho chức năng chính của dự án.\r\n5) Có tài liệu mô tả cách biên dịch, đóng gói và hướng dẫn nâng cấp mã nguồn cho dự án.','- Đam mê nghiên cứu công nghệ.\r\n- Có kiến thức cơ bản về làm API ASP.NET MVC hoặc PHP.\r\n- Kiến thức lập trình Java Mobile.\r\n- Có kiến thức cơ bản về Git để quản lý mã nguồn theo phiên bản.\r\n- Có tinh thần học hỏi và mong muốn làm sản phẩm.','APPROVED','2024-06-16 21:48:31','2024-06-17 21:06:06','9a3b98a9-5c32-4ad1-a83f-ccd187473e43'),('6','Xây dựng Module-Quản lý Kho với ASP.NET MVC (API)','- Tìm hiểu Nghiệp vụ Kho.\r\n- Nghiên cứu công nghệ lập trình ASP.NET MVC API backend.\r\n- Nghiên cứu HTML5, CSS Jquery hoặc AngularJS\r\n- Phát triển các module: - Nhập Kho (Xóa, Sửa)\r\n                                       - In phiếu nhập Kho.\r\n                                       - Xuất Kho-In phiếu xuất Kho\r\n                                       - Thống kê hàng Tổn Kho.\r\n                                       - In các Report báo cáo Tổng hợp (Nhập, Xuất, Tồn)\r\n',5,'- Triển khai được Web App quản lý Kho online.','- Lập trình được trên HDH Android.\r\n- Giúp cho Sinh viên cập nhật những kiến thực về Thương mại Online.\r\n- Triển khai được một App bán hàng.\r\n- Giúp cho một Đơn vị nhỏ có thể phân phối Sản phẩm của mình qua Mobile','A.Sinh viên tham gia đề tài\r\n1) Nắm vững kiến thức, kỹ năng lập trình  C# ASP.NET MVC\r\n2) Có kiến thức, kỹ năng triển khai dự án phần mềm đầy đủ qui trình từ Requirement => Design => Coding => Unit Testing\r\n3) Có kỹ năng lập trình sử dụng thư viện ngoài.\r\nB.Sản phẩm\r\n1) Có tài liệu mô tả Yêu cầu dự án.\r\n2) Có tài liệu mô tả Thiết kế chi tiết cho chức năng chính của dự án.\r\n3) Có mã nguồn được lưu vết (tracking) định kỳ trên hệ thống quản lý phiên bản (version control) như Subversion hoặc Git; Mã nguồn trình bày rõ ràng.\r\n4) Có tài liệu mô tả tình huống test và kết quả test cho chức năng chính của dự án.\r\n5) Có tài liệu mô tả cách biên dịch, đóng gói và hướng dẫn nâng cấp mã nguồn cho dự án.','- Đam mê nghiên cứu công nghệ.\r\n- Có kiến thức cơ bản về làm API ASP.NET MVC.\r\n- Có kiến thức cơ bản về Git để quản lý mã nguồn theo phiên bản.\r\n- Có kiến thức về Web Programming (HTML, CSS và Jquery hoặc AngularJS)\r\n- Có tinh thần học hỏi và mong muốn làm sản phẩm.','PENDING','2024-06-16 21:48:31','2024-06-16 21:48:31','9a3b98a9-5c32-4ad1-a83f-ccd187473e43'),('7','Xây dựng App đặt đồ uống qua Mobile (Android) cho quán cà phê CHB. Backend C# ASP.NET MVC hoặc PHP','- Tìm hiểu nghiệp vụ hoạt động của Coffe Shop.\r\n- Nghiên cứu công nghệ lập trình Java Mobile kết hợp ASP.NET MVC hoặc PHP phía backend.\r\n- Phát triển các module: - Đặt món\r\n                                       - Thu nhận yêu cầu của Tiếp tân\r\n                                       - Bộ phận Bếp xử lý đơn và trả kết quả.\r\n                                       - Thống kê doanh thu\r\n(Và một số module phụ để phục vụ các chức năng chính trên như: loại đồ uống v.v.)',5,'- Triển khai được App ứng dụng cho một quán Cà phê cụ thể.','- Lập trình được trên HDH Android.\r\n- Giúp cho Sinh viên cập nhật những kiến thực về Thương mại Online.\r\n- Triển khai được một App bán hàng.\r\n- Giúp cho một Đơn vị nhỏ có thể phân phối Sản phẩm của mình qua Mobile','A.Sinh viên tham gia đề tài\r\n1) Nắm vững kiến thức, kỹ năng lập trình  Java\r\n2) Có kiến thức, kỹ năng triển khai dự án phần mềm đầy đủ qui trình từ Requirement => Design => Coding => Unit Testing\r\n3) Có kỹ năng lập trình sử dụng thư viện ngoài.\r\nB.Sản phẩm\r\n1) Có tài liệu mô tả Yêu cầu dự án.\r\n2) Có tài liệu mô tả Thiết kế chi tiết cho chức năng chính của dự án.\r\n3) Có mã nguồn được lưu vết (tracking) định kỳ trên hệ thống quản lý phiên bản (version control) như Subversion hoặc Git; Mã nguồn trình bày rõ ràng.\r\n4) Có tài liệu mô tả tình huống test và kết quả test cho chức năng chính của dự án.\r\n5) Có tài liệu mô tả cách biên dịch, đóng gói và hướng dẫn nâng cấp mã nguồn cho dự án.','- Đam mê nghiên cứu công nghệ.\r\n- Kiến thức lập trình Java Mobile.\r\n- Có kiến thức cơ bản về Git để quản lý mã nguồn theo phiên bản.\r\n- Có tinh thần học hỏi và mong muốn làm sản phẩm.','PENDING','2024-06-16 21:48:31','2024-06-16 21:48:31','9a3b98a9-5c32-4ad1-a83f-ccd187473e43'),('8','Xây dựng Website học tập online','- Giúp người học ở tại nhà nhưng vẫn tham gia các lớp học.\r\n- Tiết kiệm được không gian và thời gian không phải tập trung\r\nđến trường.',5,'Hiện thực và triển khai được các lớp học online','- Xây dựng website học trực tuyến:\r\n-Giúp người dùng tham gia các lớp học phù hợp;\r\n-có thể chọn: \r\n+Phòng học, giờ học, tài liệu được cung cấp Website\r\n','Chức năng Website: Khi người học hoàn thành các kiến thức đã học trên các lớp học online\r\n sẽ được đánh giá và cấp bằng dựa trên dữ liệu của các lớp học website\r\nKỹ năng đạt được khi Sinh viên thực hiện đề tài:\r\n- Phân tích thiết kế hệ thống.\r\n- Nắm vững kiến thức Html, Css,....\r\n- Có kiến thức, kỹ năng triển khai dự án theo qui trình chặt chẽ \r\n- Biết lập kế hoạt và triển khai dự án, theo dõi tiến độ, phân tích các vấn đề phát sinh trong quá trình thực hiện dự án.\r\n - Hoàn thành dự án trên cơ sở phân tích yêu cầu của người dùng và kiểm thử chặt chẽ. \r\nKết quả Sản phẩm:\r\n - Xây dựng được Website theo yêu cầu, tài liệu  thiết kế kiến trúc của dự án.\r\n - Triển khai cài đặt ứng dụng trên internet ','Nguời quản trị khởi tạo tài khoản cho người dùng, Tài khoản giáo viên được tham gia giảng dạy trên lớp học. Người học đăng ký vào các khóa học, lớp học','REJECTED','2024-06-16 21:48:31','2024-06-25 23:30:43','092a481f-1b0a-4766-ab05-627337cf3317'),('9','Xây dựng Website buôn bán online','-\"- Giúp người dùng ở tại nhà nhưng vẫn mua bán được các sản phẩm trên gian hàng.\r\n- Tiết kiệm được không gian và thời gian không phải tập trung\r\nđến chợ và siêu thị\"',5,'Hiện thực và triển khai được các gian hàng online',' - Xây dựng website bán hàng trực tuyến:\r\n-Giúp người dùng tham bán và mua hàng online ;\r\n-có thể chọn: \r\n+Gian hàng, thương hiệu sản phẩm, được cung cấp Website\r\n','Chức năng Website: người dùng có thể mua hoặc đăng ký bán các mặt hàng trên gian hàng trên web.\r\n Hệ thống phân tích tự động khuyến khích khách hàng chọn mua những sản phẩm cần thiết phù hợp: mặt hàng giảm giá nhiều nhất, mua nhiều nhất, giao dịch thường xuyên, giao dịch thành viên....\r\nSinh viên thực hiện đề tài:\r\n- Phân tích thiết kế hệ thống.\r\n- Nắm vững kiến thức Html, Css,...\r\n- Có kiến thức, kỹ năng triển khai dự án theo qui trình chặt chẽ \r\n- Biết lập kế hoạt và triển khai dự án, theo dõi tiến độ, phân tích các vấn đề phát sinh trong quá trình thực hiện dự án.\r\n - Hoàn thành dự án trên cơ sở phân tích yêu cầu của người dùng và kiểm thử chặt chẽ. \r\nKết quả Sản phẩm:\r\n - Xây dựng được Website theo yêu cầu, tài liệu  thiết kế kiến trúc của dự án.\r\n - Triển khai cài đặt ứng dụng trên internet \r\n ','Người quản trị khởi tạo và cung cấp tài khoản cho\r\nCác hộ kinh doanh theo các gian hàng online. \r\nĐược phân quyền theo các chức năng cập nhật thêm xóa sửa các mặt hàng trên gian hàng\r\nKhác mua hàng có thể đăng ký thành viên qua hệ thống, người mua hàng được chọn các mặt hàng và thanh toán tiền khi đồng ý.','APPROVED','2024-06-16 21:48:31','2024-06-16 22:59:26','092a481f-1b0a-4766-ab05-627337cf3317'),('d96c02c9-4a02-496b-b307-6009ba179a75','HK1_2023-2024','<p>d</p>',1,NULL,'<p>d</p>','<p>d</p>','<p>d</p>','REJECTED','2024-06-23 15:02:58','2024-06-23 15:03:07','ffabb475-52a7-489f-a955-94a39d4cad4e');

INSERT INTO `transcripts` VALUES ('b29693d7-a2a7-4e42-a93e-466458e62fc9',30,'2024-06-23 03:06:37','2024-06-23 03:08:05','915a8409-b4fa-4181-be9a-6761b264f683','0770c7c2-9192-4e38-ba7d-f99182490913','1491714e-b0ab-4ce0-96f8-e03a906b49f3'),('fc85775a-4301-4a14-8548-0d5c1e90853a',8,'2024-06-23 03:06:18','2024-06-23 03:06:18','915a8409-b4fa-4181-be9a-6761b264f683','0770c7c2-9192-4e38-ba7d-f99182490913','1491714e-b0ab-4ce0-96f8-e03a906b49f3');

