-- --------------------------------------------------------
-- Host:                         127.0.0.1
-- Server version:               10.4.32-MariaDB - mariadb.org binary distribution
-- Server OS:                    Win64
-- HeidiSQL Version:             12.6.0.6765
-- --------------------------------------------------------

/*!40101 SET @OLD_CHARACTER_SET_CLIENT=@@CHARACTER_SET_CLIENT */;
/*!40101 SET NAMES utf8 */;
/*!50503 SET NAMES utf8mb4 */;
/*!40103 SET @OLD_TIME_ZONE=@@TIME_ZONE */;
/*!40103 SET TIME_ZONE='+00:00' */;
/*!40014 SET @OLD_FOREIGN_KEY_CHECKS=@@FOREIGN_KEY_CHECKS, FOREIGN_KEY_CHECKS=0 */;
/*!40101 SET @OLD_SQL_MODE=@@SQL_MODE, SQL_MODE='NO_AUTO_VALUE_ON_ZERO' */;
/*!40111 SET @OLD_SQL_NOTES=@@SQL_NOTES, SQL_NOTES=0 */;


-- Dumping database structure for manage_graduation_se_iuh
CREATE DATABASE IF NOT EXISTS `manage_graduation_se_iuh` /*!40100 DEFAULT CHARACTER SET utf8mb4 COLLATE utf8mb4_general_ci */;
USE `manage_graduation_se_iuh`;

-- Dumping structure for table manage_graduation_se_iuh.achievements
CREATE TABLE IF NOT EXISTS `achievements` (
  `id` char(36) CHARACTER SET utf8mb4 COLLATE utf8mb4_bin NOT NULL,
  `name` varchar(255) NOT NULL,
  `bonus_score` int(11) NOT NULL,
  `created_at` datetime NOT NULL,
  `updated_at` datetime NOT NULL,
  `student_term_id` char(36) CHARACTER SET utf8mb4 COLLATE utf8mb4_bin DEFAULT NULL,
  PRIMARY KEY (`id`),
  KEY `student_term_id` (`student_term_id`),
  CONSTRAINT `achievements_ibfk_1` FOREIGN KEY (`student_term_id`) REFERENCES `student_terms` (`id`) ON DELETE SET NULL ON UPDATE CASCADE
) ENGINE=InnoDB DEFAULT CHARSET=utf8mb4 COLLATE=utf8mb4_general_ci;

-- Dumping data for table manage_graduation_se_iuh.achievements: ~0 rows (approximately)

-- Dumping structure for table manage_graduation_se_iuh.assigns
CREATE TABLE IF NOT EXISTS `assigns` (
  `id` char(36) CHARACTER SET utf8mb4 COLLATE utf8mb4_bin NOT NULL,
  `type_evaluation` enum('ADVISOR','REVIEWER','SESSION_HOST') NOT NULL,
  `created_at` datetime NOT NULL,
  `updated_at` datetime NOT NULL,
  `group_lecturer_id` char(36) CHARACTER SET utf8mb4 COLLATE utf8mb4_bin DEFAULT NULL,
  `group_student_id` char(36) CHARACTER SET utf8mb4 COLLATE utf8mb4_bin DEFAULT NULL,
  PRIMARY KEY (`id`),
  KEY `group_lecturer_id` (`group_lecturer_id`),
  KEY `group_student_id` (`group_student_id`),
  CONSTRAINT `assigns_ibfk_1` FOREIGN KEY (`group_lecturer_id`) REFERENCES `group_lecturers` (`id`) ON DELETE SET NULL ON UPDATE CASCADE,
  CONSTRAINT `assigns_ibfk_2` FOREIGN KEY (`group_student_id`) REFERENCES `group_students` (`id`) ON DELETE SET NULL ON UPDATE CASCADE
) ENGINE=InnoDB DEFAULT CHARSET=utf8mb4 COLLATE=utf8mb4_general_ci;

-- Dumping data for table manage_graduation_se_iuh.assigns: ~0 rows (approximately)

-- Dumping structure for table manage_graduation_se_iuh.evaluations
CREATE TABLE IF NOT EXISTS `evaluations` (
  `id` char(36) CHARACTER SET utf8mb4 COLLATE utf8mb4_bin NOT NULL,
  `name` varchar(255) NOT NULL,
  `score_max` int(11) NOT NULL,
  `description` text DEFAULT NULL,
  `type` enum('ADVISOR','REVIEWER','SESSION_HOST') DEFAULT 'REVIEWER',
  `created_at` datetime NOT NULL,
  `updated_at` datetime NOT NULL,
  `term_id` char(36) CHARACTER SET utf8mb4 COLLATE utf8mb4_bin DEFAULT NULL,
  PRIMARY KEY (`id`),
  KEY `term_id` (`term_id`),
  CONSTRAINT `evaluations_ibfk_1` FOREIGN KEY (`term_id`) REFERENCES `terms` (`id`) ON DELETE SET NULL ON UPDATE CASCADE
) ENGINE=InnoDB DEFAULT CHARSET=utf8mb4 COLLATE=utf8mb4_general_ci;

-- Dumping data for table manage_graduation_se_iuh.evaluations: ~55 rows (approximately)
INSERT INTO `evaluations` (`id`, `name`, `score_max`, `description`, `type`, `created_at`, `updated_at`, `term_id`) VALUES
	('08673e69-1b16-4a39-8ef6-e4950b1f90d3', 'Implement the project according to the designed solution.', 20, '[0 - 4) - Implement less than 10% of the information system as designed. ; [4 - 10) - Implement up to 30% of the information system as designed. ; [10 - 16) - Implement up to 70% of the information system as designed. ; [16 - 20] - Implement over 70% of the information system as designed.', 'SESSION_HOST', '2024-06-13 16:20:28', '2024-06-13 16:20:28', '5769a425-b10b-4892-a839-b9336dc8aabb'),
	('090f12d7-9b4e-4d7d-a669-e6005bef0702', 'Determine the techniques and technologies to address the identified requirements.', 10, '[0 - 2) Failure to provide techniques and technologies to address identified requirements. ; [2 - 5) Provide less than 40% of the techniques and technologies to address the identified requirements. ; [5 - 8) - Provide adequate techniques and technologies ', 'ADVISOR', '2024-06-13 13:15:39', '2024-06-13 13:15:39', 'f40bd6b8-d2a2-4477-9a06-f63801df53aa'),
	('0d3a7dfa-d131-444a-b300-802d632d1adf', 'Analyze and model the requirements of the project.', 20, '[0 - 4) - Unable to identify and analyze basic functional requirements of the system to be built in the project.\r\n- Do not model the current status and operations included in the requirements of the topic to be implemented. ; [4 - 10) - Identify and analyze up to 30% of the basic functional requirements of the system to be built in the project. ; [10 - 16) - Identify and analyze up to 60% of the basic functional requirements of the system to be built in the project.\r\n- Identify and analyze up to 60% of the main business processes of the system that need to be built in the project.\r\n- Model the basic functional requirements and main operations identified in the system to be built in the project. ; [16 - 20] - Identify and analyze over 60% of the basic functional requirements of the system to be built in the project.\r\n- Identify and analyze over 60% of the main business processes of the system that need to be built in the project.\r\n- Model the basic functional requirements and main operations identified in the system to be built in the project.', 'ADVISOR', '2024-06-14 22:25:58', '2024-06-14 22:25:58', '36add2b6-6e88-4283-8c22-d79fef5af002'),
	('189563c6-cab0-408a-bbcf-c13cb14377fd', 'Analyze and model the requirements of the project.', 20, '[0 - 4) - Unable to identify and analyze basic functional requirements of the system to be built in the project.\r\n- Do not model the current status and operations included in the requirements of the topic to be implemented. ; [4 - 10) - Identify and analyze up to 30% of the basic functional requirements of the system to be built in the project. ; [10 - 16) - Identify and analyze up to 60% of the basic functional requirements of the system to be built in the project.\r\n- Identify and analyze up to 60% of the main business processes of the system that need to be built in the project.\r\n- Model the basic functional requirements and main operations identified in the system to be built in the project. ; [16 - 20] - Identify and analyze over 60% of the basic functional requirements of the system to be built in the project.\r\n- Identify and analyze over 60% of the main business processes of the system that need to be built in the project.\r\n- Model the basic functional requirements and main operations identified in the system to be built in the project.', 'SESSION_HOST', '2024-06-13 16:20:28', '2024-06-13 16:20:28', '5769a425-b10b-4892-a839-b9336dc8aabb'),
	('1b69f29b-246f-4245-9208-e1361465cde4', 'Analyze and model the requirements of the project.', 20, '[0 - 4) - Unable to identify and analyze basic functional requirements of the system to be built in the project.\r\n- Do not model the current status and operations included in the requirements of the topic to be implemented. ; [4 - 10) - Identify and analyze up to 30% of the basic functional requirements of the system to be built in the project. ; [10 - 16) - Identify and analyze up to 60% of the basic functional requirements of the system to be built in the project.\r\n- Identify and analyze up to 60% of the main business processes of the system that need to be built in the project.\r\n- Model the basic functional requirements and main operations identified in the system to be built in the project. ; [16 - 20] - Identify and analyze over 60% of the basic functional requirements of the system to be built in the project.\r\n- Identify and analyze over 60% of the main business processes of the system that need to be built in the project.\r\n- Model the basic functional requirements and main operations identified in the system to be built in the project.', 'SESSION_HOST', '2024-06-14 19:56:02', '2024-06-14 19:56:02', '7d98a855-d805-4122-8649-a6ebab007c86'),
	('2837304d-89f1-48ad-a3b5-aef3acbe2faf', 'Evaluate the implemented results.', 10, '[0 - 2) - Failure to design and execute tests. ; [2 - 5) - Create incorrect test cases tables or do not test. ; [5 - 8) - Create a table of test cases for at least 3 main functions of the program.\r\n- Execute test cases. ; [8 - 10] - Create test cases for a business process.', 'ADVISOR', '2024-06-14 22:25:58', '2024-06-14 22:25:58', '36add2b6-6e88-4283-8c22-d79fef5af002'),
	('285e93ad-2bca-4f35-bcd1-9436963a615f', 'Implement the project according to the designed solution.', 20, '[0 - 4) - Implement less than 10% of the information system as designed. ; [4 - 10) - Implement up to 30% of the information system as designed. ; [10 - 16) - Implement up to 70% of the information system as designed. ; [16 - 20] - Implement over 70% of t', 'ADVISOR', '2024-06-13 13:15:39', '2024-06-13 13:15:39', 'f40bd6b8-d2a2-4477-9a06-f63801df53aa'),
	('29c90d23-52c9-469f-b652-5c7587a74e91', 'Evaluate the implemented results.', 10, 'undefined ; [2 - 5) - Create incorrect test cases tables or do not test. ; [5 - 8) - Create a table of test cases for at least 3 main functions of the program.\r\n- Execute test cases. ; [8 - 10] - Create test cases for a business process.', 'REVIEWER', '2024-06-13 16:02:41', '2024-06-13 16:02:41', 'f40bd6b8-d2a2-4477-9a06-f63801df53aa'),
	('33b1610a-f8bf-4e26-a059-80b767b0f1fc', 'Identify the requirements of the project.', 10, '[0 - 2) - Identify less than 30% of requirements.\r\n- Failure to state the urgency, goals, and scope of the topic.\r\n- Unable to provide a plan to implement the project. ; [2 - 5) - Identify less than 50% of requirements.\r\n- State the urgency, goals, and scope of the topic but are not clear.\r\n- Unable to provide a plan to implement the project. ; [5 - 8) - Recognized less than 80% of requests.\r\n- State the urgency, goals, and scope of the topic.\r\n- Provide a plan to implement the project. ; [8 - 10] - Identify more than 80% of requests and collect information that needs to be stored.\r\n- State the urgency, goals, and scope of the topic.\r\n- Provide a plan to implement the project.', 'REVIEWER', '2024-06-14 21:31:47', '2024-06-14 21:31:47', '36add2b6-6e88-4283-8c22-d79fef5af002'),
	('3414bb0f-0246-40a6-88b8-77b54ff55a43', 'Evaluate the implemented results.', 10, '[0 - 2) - Failure to design and execute tests. ; [2 - 5) - Create incorrect test cases tables or do not test. ; [5 - 8) - Create a table of test cases for at least 3 main functions of the program.\r\n- Execute test cases. ; [8 - 10] - Create test cases for a business process.', 'ADVISOR', '2024-06-13 16:08:55', '2024-06-13 16:08:55', '5769a425-b10b-4892-a839-b9336dc8aabb'),
	('35678479-9537-4eed-b1e2-70a05bef5736', 'Design an engineering-based solution to meet the requirements of the project.', 10, 'undefined ; [2 - 5) - Design a solution that meets less than 30% of the identified requirements of the system in the topic. ; [5 - 8) - Design a solution that meets up to 70% of the identified requirements of the system in the project. ; [8 - 10] - Design a solution that meets over 70% of the identified requirements of the system in the project.', 'REVIEWER', '2024-06-13 16:09:02', '2024-06-13 16:09:02', '5769a425-b10b-4892-a839-b9336dc8aabb'),
	('4510e9a3-571f-414d-b05d-07b15f23b640', 'Write the project documentation according to predefined regulations.', 10, 'undefined ; [2 - 5) - Incomplete writing of the required chapters of a graduation thesis report.\r\n- References are cited but not in the correct format.\r\n- There are more than 3 spelling errors on any page.\r\n- Confusing, confusing sentences, translated verbatim from English on any page. ; [5 - 8) - Can write all the necessary chapters of a graduation thesis report.\r\n- Write citations in the correct format and in the correct location.\r\n- There are no more than 3 spelling errors on any page. ; [8 - 10] - There should not be more than 1 spelling error on any page.\r\n- The layout of the chapters is clear; There are transition sentences between chapters and paragraphs.\r\n- Font, line, and paragraph formatting must be consistent.', 'REVIEWER', '2024-06-13 16:09:02', '2024-06-13 16:09:02', '5769a425-b10b-4892-a839-b9336dc8aabb'),
	('4e2c5959-b98f-4f80-bb35-34280e9b89b1', 'Evaluate the implemented results.', 10, '[0 - 2) - Failure to design and execute tests. ; [2 - 5) - Create incorrect test cases tables or do not test. ; [5 - 8) - Create a table of test cases for at least 3 main functions of the program.\r\n- Execute test cases. ; [8 - 10] - Create test cases for ', 'ADVISOR', '2024-06-13 13:15:39', '2024-06-13 13:15:39', 'f40bd6b8-d2a2-4477-9a06-f63801df53aa'),
	('5874af79-dafe-447b-8223-eeb3e8b369d0', 'Determine the techniques and technologies to address the identified requirements.', 10, '[0 - 2) Failure to provide techniques and technologies to address identified requirements. ; [2 - 5) Provide less than 40% of the techniques and technologies to address the identified requirements. ; [5 - 8) - Provide adequate techniques and technologies to address identified requirements.\r\n- Reasonably explain the reasons for choosing that technique and technology to solve the requirements. ; [8 - 10] - Provide adequate techniques and technologies to address identified requirements.\r\n- Reasonably explain the reasons for choosing that technique and technology to solve the requirements.\r\n- The techniques and technologies used to solve the identified requirements are new and follow future trends.', 'REVIEWER', '2024-06-14 21:31:47', '2024-06-14 21:31:47', '36add2b6-6e88-4283-8c22-d79fef5af002'),
	('5f950b91-38b0-43c6-9335-ee984898d43a', 'Implement the project according to the designed solution.', 20, '[0 - 4) - Implement less than 10% of the information system as designed. ; [4 - 10) - Implement up to 30% of the information system as designed. ; [10 - 16) - Implement up to 70% of the information system as designed. ; [16 - 20] - Implement over 70% of the information system as designed.', 'SESSION_HOST', '2024-06-14 19:56:02', '2024-06-14 19:56:02', '7d98a855-d805-4122-8649-a6ebab007c86'),
	('5feaf36d-b8ef-459d-a1fb-54c04c1c38e8', 'Evaluate the implemented results.', 10, '[0 - 2) - Failure to design and execute tests. ; [2 - 5) - Create incorrect test cases tables or do not test. ; [5 - 8) - Create a table of test cases for at least 3 main functions of the program.\r\n- Execute test cases. ; [8 - 10] - Create test cases for a business process.', 'SESSION_HOST', '2024-06-13 16:20:28', '2024-06-13 16:20:28', '5769a425-b10b-4892-a839-b9336dc8aabb'),
	('62205a36-ed94-42c4-ae0b-fc8c83eceb07', 'Determine the techniques and technologies to address the identified requirements.', 10, '[0 - 2) Failure to provide techniques and technologies to address identified requirements. ; [2 - 5) Provide less than 40% of the techniques and technologies to address the identified requirements. ; [5 - 8) - Provide adequate techniques and technologies to address identified requirements.\r\n- Reasonably explain the reasons for choosing that technique and technology to solve the requirements. ; [8 - 10] - Provide adequate techniques and technologies to address identified requirements.\r\n- Reasonably explain the reasons for choosing that technique and technology to solve the requirements.\r\n- The techniques and technologies used to solve the identified requirements are new and follow future trends.', 'ADVISOR', '2024-06-13 16:08:55', '2024-06-13 16:08:55', '5769a425-b10b-4892-a839-b9336dc8aabb'),
	('6235da15-6d62-45a3-95eb-b1ac848b3f6e', 'Design an engineering-based solution to meet the requirements of the project.', 20, '[0 - 4) - Can\'t design anything. ; [4 - 10) - Design a solution that meets less than 30% of the identified requirements of the system in the topic. ; [10 - 16) - Design a solution that meets up to 70% of the identified requirements of the system in the project. ; [16 - 20] - Design a solution that meets over 70% of the identified requirements of the system in the project.', 'ADVISOR', '2024-06-13 16:08:55', '2024-06-13 16:08:55', '5769a425-b10b-4892-a839-b9336dc8aabb'),
	('63cd8b13-98a1-43f3-b4f3-c746d266cf90', 'Implement the project according to the designed solution.', 20, '[0 - 4) - Implement less than 10% of the information system as designed. ; [4 - 10) - Implement up to 30% of the information system as designed. ; [10 - 16) - Implement up to 70% of the information system as designed. ; [16 - 20] - Implement over 70% of the information system as designed.', 'ADVISOR', '2024-06-13 16:08:55', '2024-06-13 16:08:55', '5769a425-b10b-4892-a839-b9336dc8aabb'),
	('654a3ac1-ada9-45e3-8dc0-abd6f183ccaa', 'Write the project documentation according to predefined regulations.', 10, '[0 - 2) - Incomplete writing of the required chapters of a graduation thesis report.\r\n- There are no references cited.\r\n- Copy other thesis topics without citing them. ; [2 - 5) - Incomplete writing of the required chapters of a graduation thesis report.\r\n- References are cited but not in the correct format.\r\n- There are more than 3 spelling errors on any page.\r\n- Confusing, confusing sentences, translated verbatim from English on any page. ; [5 - 8) - Can write all the necessary chapters of a graduation thesis report.\r\n- Write citations in the correct format and in the correct location.\r\n- There are no more than 3 spelling errors on any page. ; [8 - 10] - There should not be more than 1 spelling error on any page.\r\n- The layout of the chapters is clear; There are transition sentences between chapters and paragraphs.\r\n- Font, line, and paragraph formatting must be consistent.', 'ADVISOR', '2024-06-13 16:08:55', '2024-06-13 16:08:55', '5769a425-b10b-4892-a839-b9336dc8aabb'),
	('66ce55d0-0646-4c20-b485-6bc576f4c5a9', 'Design an engineering-based solution to meet the requirements of the project.', 20, '[0 - 4) - Can\'t design anything. ; [4 - 10) - Design a solution that meets less than 30% of the identified requirements of the system in the topic. ; [10 - 16) - Design a solution that meets up to 70% of the identified requirements of the system in the project. ; [16 - 20] - Design a solution that meets over 70% of the identified requirements of the system in the project.', 'SESSION_HOST', '2024-06-14 19:56:02', '2024-06-14 19:56:02', '7d98a855-d805-4122-8649-a6ebab007c86'),
	('6b7027fa-0ac0-4723-9ec5-a14d827f4007', 'Write the project documentation according to predefined regulations.', 10, '[0 - 2) - Incomplete writing of the required chapters of a graduation thesis report.\r\n- There are no references cited.\r\n- Copy other thesis topics without citing them. ; [2 - 5) - Incomplete writing of the required chapters of a graduation thesis report.\r\n- References are cited but not in the correct format.\r\n- There are more than 3 spelling errors on any page.\r\n- Confusing, confusing sentences, translated verbatim from English on any page. ; [5 - 8) - Can write all the necessary chapters of a graduation thesis report.\r\n- Write citations in the correct format and in the correct location.\r\n- There are no more than 3 spelling errors on any page. ; [8 - 10] - There should not be more than 1 spelling error on any page.\r\n- The layout of the chapters is clear; There are transition sentences between chapters and paragraphs.\r\n- Font, line, and paragraph formatting must be consistent.', 'SESSION_HOST', '2024-06-13 16:20:28', '2024-06-13 16:20:28', '5769a425-b10b-4892-a839-b9336dc8aabb'),
	('6f7524e4-b67d-4a50-99f7-f0e2304ce038', 'Identify the requirements of the project.', 10, '[0 - 2) - Identify less than 30% of requirements.\r\n- Failure to state the urgency, goals, and scope of the topic.\r\n- Unable to provide a plan to implement the project. ; [2 - 5) - Identify less than 50% of requirements.\r\n- State the urgency, goals, and scope of the topic but are not clear.\r\n- Unable to provide a plan to implement the project. ; [5 - 8) - Recognized less than 80% of requests.\r\n- State the urgency, goals, and scope of the topic.\r\n- Provide a plan to implement the project. ; [8 - 10] - Identify more than 80% of requests and collect information that needs to be stored.\r\n- State the urgency, goals, and scope of the topic.\r\n- Provide a plan to implement the project.', 'SESSION_HOST', '2024-06-13 16:20:28', '2024-06-13 16:20:28', '5769a425-b10b-4892-a839-b9336dc8aabb'),
	('79c08aee-810d-485f-88ae-14258942c36e', 'Identify the requirements of the project.', 10, '[0 - 2) - Identify less than 30% of requirements.\r\n- Failure to state the urgency, goals, and scope of the topic.\r\n- Unable to provide a plan to implement the project. ; [2 - 5) - Identify less than 50% of requirements.\r\n- State the urgency, goals, and scope of the topic but are not clear.\r\n- Unable to provide a plan to implement the project. ; [5 - 8) - Recognized less than 80% of requests.\r\n- State the urgency, goals, and scope of the topic.\r\n- Provide a plan to implement the project. ; [8 - 10] - Identify more than 80% of requests and collect information that needs to be stored.\r\n- State the urgency, goals, and scope of the topic.\r\n- Provide a plan to implement the project.', 'SESSION_HOST', '2024-06-14 19:56:02', '2024-06-14 19:56:02', '7d98a855-d805-4122-8649-a6ebab007c86'),
	('7e37e668-2353-4b96-a722-43dfb3eafcbb', 'Implement the project according to the designed solution.', 20, '[0 - 4) - Implement less than 10% of the information system as designed. ; [4 - 10) - Implement up to 30% of the information system as designed. ; [10 - 16) - Implement up to 70% of the information system as designed. ; [16 - 20] - Implement over 70% of the information system as designed.', 'REVIEWER', '2024-06-14 21:31:47', '2024-06-14 21:31:47', '36add2b6-6e88-4283-8c22-d79fef5af002'),
	('7f15a5d9-444a-495f-af9b-34ce6eb8588d', 'Determine the techniques and technologies to address the identified requirements.', 10, 'undefined ; [2 - 5) - Provide less than 40% of the techniques and technologies to address the identified requirements. ; [5 - 8) - Provide adequate techniques and technologies to address identified requirements.\r\n- Reasonably explain the reasons for choosing that technique and technology to solve the requirements. ; [8 - 10] - Provide adequate techniques and technologies to address identified requirements.\r\n- Reasonably explain the reasons for choosing that technique and technology to solve the requirements.\r\n- The techniques and technologies used to solve the identified requirements are new and follow future trends.', 'SESSION_HOST', '2024-06-13 16:03:43', '2024-06-13 16:03:43', 'f40bd6b8-d2a2-4477-9a06-f63801df53aa'),
	('8e184594-6acb-4f5b-8e9d-4c78dfeef336', 'Identify the requirements of the project.', 10, 'undefined ; [2 - 5) - Identify less than 50% of requirements.\r\n- State the urgency, goals, and scope of the topic but are not clear.\r\n- Unable to provide a plan to implement the project. ; [5 - 8) - Recognized less than 80% of requests.\r\n- State the urgency, goals, and scope of the topic.\r\n- Provide a plan to implement the project. ; [8 - 10]- Identify more than 80% of requests and collect information that needs to be stored.\r\n- State the urgency, goals, and scope of the topic.\r\n- Provide a plan to implement the project.', 'REVIEWER', '2024-06-13 16:02:41', '2024-06-13 16:02:41', 'f40bd6b8-d2a2-4477-9a06-f63801df53aa'),
	('9174047d-183d-46be-a1a8-14ead364409b', 'Defend the results of the project before critics.', 20, '<p>undefined ; [4 - 10) - Just read the slide without any further explanation or presentation that is not complete or clear - Presentation exceeds the allotted time. - Correctly answer over 1/3 to 2/3 of the total questions asked by the critics. ; [10 - 16) - Present fully, loudly, clearly, logically and confidently - At regulation time. - Correctly answer more than 2/3 of the total questions with reasonable and accurate explanations from the critics. ; [16 - 20] <strong>- Present loudly, clearly, logically, confidently and attractively. - At regulation time. - Answer the questions of the critics with reasonable and accurate explanations and practical connections.</strong></p>', 'SESSION_HOST', '2024-06-13 16:03:43', '2024-06-14 21:10:13', 'f40bd6b8-d2a2-4477-9a06-f63801df53aa'),
	('93612ed4-a6fd-4555-8ad5-c1fc81de56b3', 'Implement the project according to the designed solution.', 20, '[0 - 4) - Implement less than 10% of the information system as designed. ; [4 - 10) - Implement up to 30% of the information system as designed. ; [10 - 16) - Implement up to 70% of the information system as designed. ; [16 - 20] - Implement over 70% of the information system as designed.', 'ADVISOR', '2024-06-14 22:25:58', '2024-06-14 22:25:58', '36add2b6-6e88-4283-8c22-d79fef5af002'),
	('9a37c6c7-4ce1-497d-a3c9-a0571b111ba4', 'Design an engineering-based solution to meet the requirements of the project.', 20, '[0 - 4) - Can\'t design anything. ; [4 - 10) - Design a solution that meets less than 30% of the identified requirements of the system in the topic. ; [10 - 16) - Design a solution that meets up to 70% of the identified requirements of the system in the project. ; [16 - 20] - Design a solution that meets over 70% of the identified requirements of the system in the project.', 'ADVISOR', '2024-06-14 22:25:58', '2024-06-14 22:25:58', '36add2b6-6e88-4283-8c22-d79fef5af002'),
	('9b59e90a-3831-4d32-9a7c-172e0549c4d7', 'Defend the results of the project before critics.', 20, 'undefined ; [4 - 10) - Just read the slide without any further explanation or presentation that is not complete or clear\r\n- Presentation exceeds the allotted time.\r\n- Correctly answer over 1/3 to 2/3 of the total questions asked by the critics. ; [10 - 16) - Present fully, loudly, clearly, logically and confidently\r\n- At regulation time.\r\n- Correctly answer more than 2/3 of the total questions with reasonable and accurate explanations from the critics. ; [16 - 20] - Present loudly, clearly, logically, confidently and attractively.\r\n- At regulation time.\r\n- Answer the questions of the critics with reasonable and accurate explanations and practical connections.', 'REVIEWER', '2024-06-13 16:02:41', '2024-06-13 16:02:41', 'f40bd6b8-d2a2-4477-9a06-f63801df53aa'),
	('a0180b08-221e-42f8-983f-e6401fd1bb4c', 'Defend the results of the project before critics.', 20, 'undefined ; [4 - 10) - Just read the slide without any further explanation or presentation that is not complete or clear\r\n- Presentation exceeds the allotted time.\r\n- Correctly answer over 1/3 to 2/3 of the total questions asked by the critics. ; [10 - 16) - Present fully, loudly, clearly, logically and confidently\r\n- At regulation time.\r\n- Correctly answer more than 2/3 of the total questions with reasonable and accurate explanations from the critics. ; [16 - 20] - Present loudly, clearly, logically, confidently and attractively.\r\n- At regulation time.\r\n- Answer the questions of the critics with reasonable and accurate explanations and practical connections.', 'REVIEWER', '2024-06-13 16:09:02', '2024-06-13 16:09:02', '5769a425-b10b-4892-a839-b9336dc8aabb'),
	('a10ec00c-81f3-475b-a56e-82bc41891e9b', 'Evaluate the implemented results.', 10, 'undefined ; [2 - 5) - Create incorrect test cases tables or do not test. ; [5 - 8) - Create a table of test cases for at least 3 main functions of the program.\r\n- Execute test cases. ; [8 - 10] - Create test cases for a business process.', 'REVIEWER', '2024-06-13 16:09:02', '2024-06-13 16:09:02', '5769a425-b10b-4892-a839-b9336dc8aabb'),
	('a5d36aba-dbfe-457d-8bd0-f7f53df302e9', 'Analyze and model the requirements of the project.', 20, '[0 - 4) - Unable to identify and analyze basic functional requirements of the system to be built in the project.\r\n- Do not model the current status and operations included in the requirements of the topic to be implemented. ; [4 - 10) - Identify and analyze up to 30% of the basic functional requirements of the system to be built in the project. ; [10 - 16) - Identify and analyze up to 60% of the basic functional requirements of the system to be built in the project.\r\n- Identify and analyze up to 60% of the main business processes of the system that need to be built in the project.\r\n- Model the basic functional requirements and main operations identified in the system to be built in the project. ; [16 - 20] - Identify and analyze over 60% of the basic functional requirements of the system to be built in the project.\r\n- Identify and analyze over 60% of the main business processes of the system that need to be built in the project.\r\n- Model the basic functional requirements and main operations identified in the system to be built in the project.', 'REVIEWER', '2024-06-14 21:31:47', '2024-06-14 21:31:47', '36add2b6-6e88-4283-8c22-d79fef5af002'),
	('a73ad58c-087b-4ab3-89f0-3733cc464661', 'Write the project documentation according to predefined regulations.', 10, '[0 - 2) - Incomplete writing of the required chapters of a graduation thesis report.\r\n- There are no references cited.\r\n- Copy other thesis topics without citing them. ; [2 - 5) - Incomplete writing of the required chapters of a graduation thesis report.\r\n- References are cited but not in the correct format.\r\n- There are more than 3 spelling errors on any page.\r\n- Confusing, confusing sentences, translated verbatim from English on any page. ; [5 - 8) - Can write all the necessary chapters of a graduation thesis report.\r\n- Write citations in the correct format and in the correct location.\r\n- There are no more than 3 spelling errors on any page. ; [8 - 10] - There should not be more than 1 spelling error on any page.\r\n- The layout of the chapters is clear; There are transition sentences between chapters and paragraphs.\r\n- Font, line, and paragraph formatting must be consistent.', 'SESSION_HOST', '2024-06-14 19:56:02', '2024-06-14 19:56:02', '7d98a855-d805-4122-8649-a6ebab007c86'),
	('aa0aa5b4-a859-4477-a483-3d673ef9e70a', 'Determine the techniques and technologies to address the identified requirements.', 10, 'undefined ; [2 - 5) - Provide less than 40% of the techniques and technologies to address the identified requirements. ; [5 - 8) - Provide adequate techniques and technologies to address identified requirements.\r\n- Reasonably explain the reasons for choosing that technique and technology to solve the requirements. ; [8 - 10] - Provide adequate techniques and technologies to address identified requirements.\r\n- Reasonably explain the reasons for choosing that technique and technology to solve the requirements.\r\n- The techniques and technologies used to solve the identified requirements are new and follow future trends.', 'REVIEWER', '2024-06-13 16:09:02', '2024-06-13 16:09:02', '5769a425-b10b-4892-a839-b9336dc8aabb'),
	('ad5da109-1551-4a9d-b891-fd70eae1bace', 'Write the project documentation according to predefined regulations.', 10, 'undefined ; [2 - 5) - Incomplete writing of the required chapters of a graduation thesis report.\r\n- References are cited but not in the correct format.\r\n- There are more than 3 spelling errors on any page.\r\n- Confusing, confusing sentences, translated verbatim from English on any page. ; [5 - 8) - Can write all the necessary chapters of a graduation thesis report.\r\n- Write citations in the correct format and in the correct location.\r\n- There are no more than 3 spelling errors on any page. ; [8 - 10] - There should not be more than 1 spelling error on any page.\r\n- The layout of the chapters is clear; There are transition sentences between chapters and paragraphs.\r\n- Font, line, and paragraph formatting must be consistent.', 'REVIEWER', '2024-06-13 16:02:41', '2024-06-13 16:02:41', 'f40bd6b8-d2a2-4477-9a06-f63801df53aa'),
	('add1d2d1-8bb8-44e4-89dd-a6220c8654aa', 'Design an engineering-based solution to meet the requirements of the project.', 20, '[0 - 4) - Can\'t design anything. ; [4 - 10) - Design a solution that meets less than 30% of the identified requirements of the system in the topic. ; [10 - 16) - Design a solution that meets up to 70% of the identified requirements of the system in the project. ; [16 - 20] - Design a solution that meets over 70% of the identified requirements of the system in the project.', 'SESSION_HOST', '2024-06-13 16:20:28', '2024-06-13 16:20:28', '5769a425-b10b-4892-a839-b9336dc8aabb'),
	('b0d8e9e7-ee32-4c47-a320-43b31c6107c9', 'Evaluate the implemented results.', 10, '[0 - 2) - Failure to design and execute tests. ; [2 - 5) - Create incorrect test cases tables or do not test. ; [5 - 8) - Create a table of test cases for at least 3 main functions of the program.\r\n- Execute test cases. ; [8 - 10] - Create test cases for a business process.', 'REVIEWER', '2024-06-14 21:31:47', '2024-06-14 21:31:47', '36add2b6-6e88-4283-8c22-d79fef5af002'),
	('b1937384-6bfd-44ad-baf9-be1d559c60eb', 'Implement the project according to the designed solution.', 20, 'undefined ; [4 - 10) - Implement up to 30% of the information system as designed. ; [10 - 16) - Implement up to 70% of the information system as designed. ; [16 - 20] - Implement over 70% of the information system as designed.', 'REVIEWER', '2024-06-13 16:09:02', '2024-06-13 16:09:02', '5769a425-b10b-4892-a839-b9336dc8aabb'),
	('b3c838e4-957f-4a8e-8d6e-e1cea284fe69', 'Analyze and model the requirements of the project.', 10, '<p><em>undefined ; [2 - 5) - Identify and analyze up to 30% of the basic functional requirements of the system to be built in the project. ; [5 - 8) - Identify and analyze up to 60% of the basic functional requirements of the system to be built in the project. - Identify and analyze up to 60% of the main business processes of the system that need to be built in the project. - Model the basic functional requirements and main operations identified in the system to be built in the </em><strong><em>project. ; [8 - 10] - Identify and analyze over 60% of the basic functional requirements of the system to be built in the project. - Identify and analyze over 60% of the main business processes of the system that need to be built in the project. - Model the basic functional requirements and main operations identified in the system to be built in the project.</em></strong></p>', 'SESSION_HOST', '2024-06-13 16:03:43', '2024-06-17 21:56:03', 'f40bd6b8-d2a2-4477-9a06-f63801df53aa'),
	('b3d7288a-7f2c-4540-a076-e70eaa6462a8', 'Write the project documentation according to predefined regulations.', 10, '[0 - 2) - Incomplete writing of the required chapters of a graduation thesis report.\r\n- There are no references cited.\r\n- Copy other thesis topics without citing them. ; [2 - 5) - Incomplete writing of the required chapters of a graduation thesis report.\r\n- References are cited but not in the correct format.\r\n- There are more than 3 spelling errors on any page.\r\n- Confusing, confusing sentences, translated verbatim from English on any page. ; [5 - 8) - Can write all the necessary chapters of a graduation thesis report.\r\n- Write citations in the correct format and in the correct location.\r\n- There are no more than 3 spelling errors on any page. ; [8 - 10] - There should not be more than 1 spelling error on any page.\r\n- The layout of the chapters is clear; There are transition sentences between chapters and paragraphs.\r\n- Font, line, and paragraph formatting must be consistent.', 'ADVISOR', '2024-06-14 22:25:58', '2024-06-14 22:25:58', '36add2b6-6e88-4283-8c22-d79fef5af002'),
	('b7c8b5fc-197f-4f3b-86be-4a211abdf8c1', 'Identify the requirements of the project.', 10, '[0 - 2) - Identify less than 30% of requirements.\r\n- Failure to state the urgency, goals, and scope of the topic.\r\n- Unable to provide a plan to implement the project. ; [2 - 5) - Identify less than 50% of requirements.\r\n- State the urgency, goals, and scope of the topic but are not clear.\r\n- Unable to provide a plan to implement the project. ; [5 - 8) - Recognized less than 80% of requests.\r\n- State the urgency, goals, and scope of the topic.\r\n- Provide a plan to implement the project. ; [8 - 10] - Identify more than 80% of requests and collect information that needs to be stored.\r\n- State the urgency, goals, and scope of the topic.\r\n- Provide a plan to implement the project.', 'ADVISOR', '2024-06-13 16:08:55', '2024-06-13 16:08:55', '5769a425-b10b-4892-a839-b9336dc8aabb'),
	('b7d6314b-0349-470e-bdde-7a9d919b931e', 'Determine the techniques and technologies to address the identified requirements.', 10, '[0 - 2) Failure to provide techniques and technologies to address identified requirements. ; [2 - 5) Provide less than 40% of the techniques and technologies to address the identified requirements. ; [5 - 8) - Provide adequate techniques and technologies to address identified requirements.\r\n- Reasonably explain the reasons for choosing that technique and technology to solve the requirements. ; [8 - 10] - Provide adequate techniques and technologies to address identified requirements.\r\n- Reasonably explain the reasons for choosing that technique and technology to solve the requirements.\r\n- The techniques and technologies used to solve the identified requirements are new and follow future trends.', 'ADVISOR', '2024-06-14 22:25:58', '2024-06-14 22:25:58', '36add2b6-6e88-4283-8c22-d79fef5af002'),
	('c8d59eca-360e-4376-a3a6-e746bb991eb7', 'Identify the requirements of the project.', 10, 'undefined ; [2 - 5) - Identify less than 50% of requirements.\r\n- State the urgency, goals, and scope of the topic but are not clear.\r\n- Unable to provide a plan to implement the project. ; [5 - 8) - Recognized less than 80% of requests.\r\n- State the urgency, goals, and scope of the topic.\r\n- Provide a plan to implement the project. ; [8 - 10]- Identify more than 80% of requests and collect information that needs to be stored.\r\n- State the urgency, goals, and scope of the topic.\r\n- Provide a plan to implement the project.', 'REVIEWER', '2024-06-13 16:09:02', '2024-06-13 16:09:02', '5769a425-b10b-4892-a839-b9336dc8aabb'),
	('cd421dec-7f52-4d35-8eec-14da64dd1bd6', 'Identify the requirements of the project.', 10, '[0 - 2) - Identify less than 30% of requirements.\r\n- Failure to state the urgency, goals, and scope of the topic.\r\n- Unable to provide a plan to implement the project. ; [2 - 5) - Identify less than 50% of requirements.\r\n- State the urgency, goals, and scope of the topic but are not clear.\r\n- Unable to provide a plan to implement the project. ; [5 - 8) - Recognized less than 80% of requests.\r\n- State the urgency, goals, and scope of the topic.\r\n- Provide a plan to implement the project. ; [8 - 10] - Identify more than 80% of requests and collect information that needs to be stored.\r\n- State the urgency, goals, and scope of the topic.\r\n- Provide a plan to implement the project.', 'ADVISOR', '2024-06-14 22:25:58', '2024-06-14 22:25:58', '36add2b6-6e88-4283-8c22-d79fef5af002'),
	('d3cca2da-81df-4bbc-86c1-374aeb08473b', 'Implement the project according to the designed solution.', 20, 'undefined ; [4 - 10) - Implement up to 30% of the information system as designed. ; [10 - 16) - Implement up to 70% of the information system as designed. ; [16 - 20] - Implement over 70% of the information system as designed.', 'REVIEWER', '2024-06-13 16:02:41', '2024-06-13 16:02:41', 'f40bd6b8-d2a2-4477-9a06-f63801df53aa'),
	('e2636e8e-5f0e-41f5-bc2d-2d8a8a211102', 'Analyze and model the requirements of the project.', 10, 'undefined ; [2 - 5) - Identify and analyze up to 30% of the basic functional requirements of the system to be built in the project. ; [5 - 8) - Identify and analyze up to 60% of the basic functional requirements of the system to be built in the project.\r\n- Identify and analyze up to 60% of the main business processes of the system that need to be built in the project.\r\n- Model the basic functional requirements and main operations identified in the system to be built in the project. ; [8 - 10] - Identify and analyze over 60% of the basic functional requirements of the system to be built in the project.\r\n- Identify and analyze over 60% of the main business processes of the system that need to be built in the project.\r\n- Model the basic functional requirements and main operations identified in the system to be built in the project.', 'REVIEWER', '2024-06-13 16:02:41', '2024-06-13 16:02:41', 'f40bd6b8-d2a2-4477-9a06-f63801df53aa'),
	('e2c54cf1-c890-462e-89c0-a3cd1c776438', 'Write the project documentation according to predefined regulations.', 10, '[0 - 2) - Incomplete writing of the required chapters of a graduation thesis report.\r\n- There are no references cited.\r\n- Copy other thesis topics without citing them. ; [2 - 5) - Incomplete writing of the required chapters of a graduation thesis report.\r\n- References are cited but not in the correct format.\r\n- There are more than 3 spelling errors on any page.\r\n- Confusing, confusing sentences, translated verbatim from English on any page. ; [5 - 8) - Can write all the necessary chapters of a graduation thesis report.\r\n- Write citations in the correct format and in the correct location.\r\n- There are no more than 3 spelling errors on any page. ; [8 - 10] - There should not be more than 1 spelling error on any page.\r\n- The layout of the chapters is clear; There are transition sentences between chapters and paragraphs.\r\n- Font, line, and paragraph formatting must be consistent.', 'REVIEWER', '2024-06-14 21:31:47', '2024-06-14 21:31:47', '36add2b6-6e88-4283-8c22-d79fef5af002'),
	('e2d92b04-f06b-4b74-95c9-43b9bc1fae17', 'Determine the techniques and technologies to address the identified requirements.', 10, '[0 - 2) Failure to provide techniques and technologies to address identified requirements. ; [2 - 5) Provide less than 40% of the techniques and technologies to address the identified requirements. ; [5 - 8) - Provide adequate techniques and technologies to address identified requirements.\r\n- Reasonably explain the reasons for choosing that technique and technology to solve the requirements. ; [8 - 10] - Provide adequate techniques and technologies to address identified requirements.\r\n- Reasonably explain the reasons for choosing that technique and technology to solve the requirements.\r\n- The techniques and technologies used to solve the identified requirements are new and follow future trends.', 'SESSION_HOST', '2024-06-14 19:56:02', '2024-06-14 19:56:02', '7d98a855-d805-4122-8649-a6ebab007c86'),
	('e4434a9c-d092-46d5-8991-7f6d1fc38c69', 'Determine the techniques and technologies to address the identified requirements.', 10, '[0 - 2) Failure to provide techniques and technologies to address identified requirements. ; [2 - 5) Provide less than 40% of the techniques and technologies to address the identified requirements. ; [5 - 8) - Provide adequate techniques and technologies to address identified requirements.\r\n- Reasonably explain the reasons for choosing that technique and technology to solve the requirements. ; [8 - 10] - Provide adequate techniques and technologies to address identified requirements.\r\n- Reasonably explain the reasons for choosing that technique and technology to solve the requirements.\r\n- The techniques and technologies used to solve the identified requirements are new and follow future trends.', 'SESSION_HOST', '2024-06-13 16:20:28', '2024-06-13 16:20:28', '5769a425-b10b-4892-a839-b9336dc8aabb'),
	('f262b828-fb2d-4f41-9f42-4f60f902dc30', 'Design an engineering-based solution to meet the requirements of the project.', 20, '[0 - 4) - Can\'t design anything. ; [4 - 10) - Design a solution that meets less than 30% of the identified requirements of the system in the topic. ; [10 - 16) - Design a solution that meets up to 70% of the identified requirements of the system in the project. ; [16 - 20] - Design a solution that meets over 70% of the identified requirements of the system in the project.', 'REVIEWER', '2024-06-14 21:31:47', '2024-06-14 21:31:47', '36add2b6-6e88-4283-8c22-d79fef5af002'),
	('f3f848ca-2222-42cc-a99b-360b8b990232', 'Analyze and model the requirements of the project.', 10, 'undefined ; [2 - 5) - Identify and analyze up to 30% of the basic functional requirements of the system to be built in the project. ; [5 - 8) - Identify and analyze up to 60% of the basic functional requirements of the system to be built in the project.\r\n- Identify and analyze up to 60% of the main business processes of the system that need to be built in the project.\r\n- Model the basic functional requirements and main operations identified in the system to be built in the project. ; [8 - 10] - Identify and analyze over 60% of the basic functional requirements of the system to be built in the project.\r\n- Identify and analyze over 60% of the main business processes of the system that need to be built in the project.\r\n- Model the basic functional requirements and main operations identified in the system to be built in the project.', 'REVIEWER', '2024-06-13 16:09:02', '2024-06-13 16:09:02', '5769a425-b10b-4892-a839-b9336dc8aabb'),
	('f6c2ed25-73b1-45c5-b479-684f6477cd83', 'Analyze and model the requirements of the project.', 20, '[0 - 4) - Unable to identify and analyze basic functional requirements of the system to be built in the project.\r\n- Do not model the current status and operations included in the requirements of the topic to be implemented. ; [4 - 10) - Identify and analyze up to 30% of the basic functional requirements of the system to be built in the project. ; [10 - 16) - Identify and analyze up to 60% of the basic functional requirements of the system to be built in the project.\r\n- Identify and analyze up to 60% of the main business processes of the system that need to be built in the project.\r\n- Model the basic functional requirements and main operations identified in the system to be built in the project. ; [16 - 20] - Identify and analyze over 60% of the basic functional requirements of the system to be built in the project.\r\n- Identify and analyze over 60% of the main business processes of the system that need to be built in the project.\r\n- Model the basic functional requirements and main operations identified in the system to be built in the project.', 'ADVISOR', '2024-06-13 16:08:55', '2024-06-13 16:08:55', '5769a425-b10b-4892-a839-b9336dc8aabb'),
	('f84f0699-45c2-460f-9506-6b3791175839', 'Evaluate the implemented results.', 10, '[0 - 2) - Failure to design and execute tests. ; [2 - 5) - Create incorrect test cases tables or do not test. ; [5 - 8) - Create a table of test cases for at least 3 main functions of the program.\r\n- Execute test cases. ; [8 - 10] - Create test cases for a business process.', 'SESSION_HOST', '2024-06-14 19:56:02', '2024-06-14 19:56:02', '7d98a855-d805-4122-8649-a6ebab007c86');

-- Dumping structure for table manage_graduation_se_iuh.group_lecturers
CREATE TABLE IF NOT EXISTS `group_lecturers` (
  `id` char(36) CHARACTER SET utf8mb4 COLLATE utf8mb4_bin NOT NULL,
  `name` varchar(255) NOT NULL,
  `type` enum('ADVISOR','REVIEWER','SESSION_HOST') DEFAULT 'REVIEWER',
  `created_at` datetime NOT NULL,
  `updated_at` datetime NOT NULL,
  `term_id` char(36) CHARACTER SET utf8mb4 COLLATE utf8mb4_bin DEFAULT NULL,
  PRIMARY KEY (`id`),
  KEY `term_id` (`term_id`),
  CONSTRAINT `group_lecturers_ibfk_1` FOREIGN KEY (`term_id`) REFERENCES `terms` (`id`) ON DELETE SET NULL ON UPDATE CASCADE
) ENGINE=InnoDB DEFAULT CHARSET=utf8mb4 COLLATE=utf8mb4_general_ci;

-- Dumping data for table manage_graduation_se_iuh.group_lecturers: ~0 rows (approximately)

-- Dumping structure for table manage_graduation_se_iuh.group_lecturer_members
CREATE TABLE IF NOT EXISTS `group_lecturer_members` (
  `id` char(36) CHARACTER SET utf8mb4 COLLATE utf8mb4_bin NOT NULL,
  `created_at` datetime NOT NULL,
  `updated_at` datetime NOT NULL,
  `lecturer_term_id` char(36) CHARACTER SET utf8mb4 COLLATE utf8mb4_bin DEFAULT NULL,
  `group_lecturer_id` char(36) CHARACTER SET utf8mb4 COLLATE utf8mb4_bin DEFAULT NULL,
  PRIMARY KEY (`id`),
  KEY `lecturer_term_id` (`lecturer_term_id`),
  KEY `group_lecturer_id` (`group_lecturer_id`),
  CONSTRAINT `group_lecturer_members_ibfk_1` FOREIGN KEY (`lecturer_term_id`) REFERENCES `lecturer_terms` (`id`) ON DELETE SET NULL ON UPDATE CASCADE,
  CONSTRAINT `group_lecturer_members_ibfk_2` FOREIGN KEY (`group_lecturer_id`) REFERENCES `group_lecturers` (`id`) ON DELETE SET NULL ON UPDATE CASCADE
) ENGINE=InnoDB DEFAULT CHARSET=utf8mb4 COLLATE=utf8mb4_general_ci;

-- Dumping data for table manage_graduation_se_iuh.group_lecturer_members: ~0 rows (approximately)

-- Dumping structure for table manage_graduation_se_iuh.group_students
CREATE TABLE IF NOT EXISTS `group_students` (
  `id` char(36) CHARACTER SET utf8mb4 COLLATE utf8mb4_bin NOT NULL,
  `name` varchar(255) NOT NULL,
  `type_report` enum('OPEN','POSTER','SESSION_HOST') NOT NULL DEFAULT 'OPEN',
  `created_at` datetime NOT NULL,
  `updated_at` datetime NOT NULL,
  `topic_id` char(36) CHARACTER SET utf8mb4 COLLATE utf8mb4_bin DEFAULT NULL,
  `term_id` char(36) CHARACTER SET utf8mb4 COLLATE utf8mb4_bin DEFAULT NULL,
  PRIMARY KEY (`id`),
  KEY `topic_id` (`topic_id`),
  KEY `term_id` (`term_id`),
  CONSTRAINT `group_students_ibfk_1` FOREIGN KEY (`topic_id`) REFERENCES `topics` (`id`) ON DELETE SET NULL ON UPDATE CASCADE,
  CONSTRAINT `group_students_ibfk_2` FOREIGN KEY (`term_id`) REFERENCES `terms` (`id`) ON DELETE SET NULL ON UPDATE CASCADE
) ENGINE=InnoDB DEFAULT CHARSET=utf8mb4 COLLATE=utf8mb4_general_ci;

-- Dumping data for table manage_graduation_se_iuh.group_students: ~99 rows (approximately)
INSERT INTO `group_students` (`id`, `name`, `type_report`, `created_at`, `updated_at`, `topic_id`, `term_id`) VALUES
	('046a6a93-b56c-4120-b41a-72679bfe6c70', 'Nhm s 22', 'OPEN', '2024-06-16 19:05:49', '2024-06-16 19:05:49', NULL, '5769a425-b10b-4892-a839-b9336dc8aabb'),
	('07c9e5e9-e711-49fd-b995-985d869fa74d', 'Nhm s 16', 'OPEN', '2024-06-17 22:33:25', '2024-06-17 22:33:25', NULL, '7d98a855-d805-4122-8649-a6ebab007c86'),
	('08858d6f-9d8e-4ab3-9134-3098ede396d9', 'Nhm s 20', 'OPEN', '2024-06-16 19:04:23', '2024-06-16 19:04:23', NULL, 'f40bd6b8-d2a2-4477-9a06-f63801df53aa'),
	('0bd79fe6-9c03-4fd0-8e8d-1867bb0bd51e', 'Nhm s 10', 'OPEN', '2024-06-16 19:04:23', '2024-06-16 19:04:23', NULL, 'f40bd6b8-d2a2-4477-9a06-f63801df53aa'),
	('0df231ad-e076-4e44-9a6b-8b247d350a1c', 'Nhm s 5', 'OPEN', '2024-06-16 21:49:36', '2024-06-16 21:49:36', NULL, 'dbd340ed-57db-47f1-abad-8e0ad4c9c1f9'),
	('0ea59dbf-7599-4c81-9f3e-21d9eb73dec8', 'Nhm s 23', 'OPEN', '2024-06-16 19:04:23', '2024-06-16 19:04:23', NULL, 'f40bd6b8-d2a2-4477-9a06-f63801df53aa'),
	('1802b79d-29ed-4346-b934-c34d7d16b34e', 'Nhm s 17', 'OPEN', '2024-06-16 21:49:36', '2024-06-16 21:49:36', NULL, 'dbd340ed-57db-47f1-abad-8e0ad4c9c1f9'),
	('19fcc759-3c08-4bfd-bc4d-f53c815afe23', 'Nhm s 18', 'OPEN', '2024-06-16 21:49:36', '2024-06-16 21:49:36', NULL, 'dbd340ed-57db-47f1-abad-8e0ad4c9c1f9'),
	('1b4649d3-31f7-4d4e-b9cf-42a28b96ac07', 'Nhm s 17', 'OPEN', '2024-06-16 19:04:23', '2024-06-16 19:04:23', NULL, 'f40bd6b8-d2a2-4477-9a06-f63801df53aa'),
	('1bdbc43c-5a92-4d62-8b4e-d4324c0197ab', 'Nhm s 24', 'OPEN', '2024-06-16 21:49:36', '2024-06-16 21:49:36', NULL, 'dbd340ed-57db-47f1-abad-8e0ad4c9c1f9'),
	('1d05667d-38a1-482f-8461-c454b59353bd', 'Nhm s 20', 'OPEN', '2024-06-16 19:05:49', '2024-06-16 19:05:49', NULL, '5769a425-b10b-4892-a839-b9336dc8aabb'),
	('1df81d16-4e71-43f8-a4d6-88962285bbe5', 'Nhm s 8', 'OPEN', '2024-06-17 22:33:25', '2024-06-17 22:33:25', NULL, '7d98a855-d805-4122-8649-a6ebab007c86'),
	('1f0412a8-3cdf-4e34-b06a-fc59e57ece02', 'Nhm s 22', 'OPEN', '2024-06-16 21:49:36', '2024-06-16 21:49:36', NULL, 'dbd340ed-57db-47f1-abad-8e0ad4c9c1f9'),
	('20cf2624-c166-4152-9db8-ffcae52ce5cc', 'Nhm s 24', 'OPEN', '2024-06-16 19:05:49', '2024-06-16 19:05:49', NULL, '5769a425-b10b-4892-a839-b9336dc8aabb'),
	('214ebf0e-91e3-45f6-8b42-24855b4d5752', 'Nhm s 12', 'OPEN', '2024-06-16 21:49:36', '2024-06-16 21:49:36', NULL, 'dbd340ed-57db-47f1-abad-8e0ad4c9c1f9'),
	('2785a147-560e-4be1-94a2-a4fcb2664d10', 'Nhm s 21', 'OPEN', '2024-06-17 22:33:25', '2024-06-17 22:33:25', NULL, '7d98a855-d805-4122-8649-a6ebab007c86'),
	('282a0417-87c0-4c63-b6a4-37564286f264', 'Nhm s 18', 'OPEN', '2024-06-16 19:04:23', '2024-06-16 19:04:23', NULL, 'f40bd6b8-d2a2-4477-9a06-f63801df53aa'),
	('28853797-35c6-46bc-b0c1-d672240f5904', 'Nhm s 3', 'OPEN', '2024-06-16 19:04:23', '2024-06-16 19:04:23', NULL, 'f40bd6b8-d2a2-4477-9a06-f63801df53aa'),
	('29419966-cd47-4eb3-8e9f-ae68a104783c', 'Nhm s 25', 'OPEN', '2024-06-16 19:05:49', '2024-06-16 19:05:49', NULL, '5769a425-b10b-4892-a839-b9336dc8aabb'),
	('2c5de72c-3ded-429b-a8df-7940c1460dcd', 'Nhm s 11', 'OPEN', '2024-06-16 19:04:23', '2024-06-16 19:04:23', NULL, 'f40bd6b8-d2a2-4477-9a06-f63801df53aa'),
	('2d79f2d0-6ece-4e95-ba66-300740bdd72b', 'Nhm s 15', 'OPEN', '2024-06-16 19:05:49', '2024-06-16 19:05:49', NULL, '5769a425-b10b-4892-a839-b9336dc8aabb'),
	('3894a97f-6208-45f5-b693-40e20df21c4e', 'Nhm s 10', 'OPEN', '2024-06-16 21:49:36', '2024-06-16 21:49:36', NULL, 'dbd340ed-57db-47f1-abad-8e0ad4c9c1f9'),
	('3c15c326-06c0-44c6-bc2c-91593caad3f6', 'Nhm s 7', 'OPEN', '2024-06-16 19:05:49', '2024-06-16 19:05:49', NULL, '5769a425-b10b-4892-a839-b9336dc8aabb'),
	('3c7dbf7b-5cea-42a0-8c86-95af3b553d14', 'Nhm s 3', 'OPEN', '2024-06-17 22:33:25', '2024-06-17 22:33:25', NULL, '7d98a855-d805-4122-8649-a6ebab007c86'),
	('41189f7b-1fbf-4d9c-8670-2a3b5c1dbb26', 'Nhm s 2', 'OPEN', '2024-06-17 22:33:25', '2024-06-17 22:33:25', NULL, '7d98a855-d805-4122-8649-a6ebab007c86'),
	('42e70404-78b4-4407-9ecd-b9eba16d5165', 'Nhm s 18', 'OPEN', '2024-06-17 22:33:25', '2024-06-17 22:33:25', NULL, '7d98a855-d805-4122-8649-a6ebab007c86'),
	('44fd0d2e-1882-4dff-896b-eb4cc8185e92', 'Nhm s 19', 'OPEN', '2024-06-16 19:05:49', '2024-06-16 19:05:49', NULL, '5769a425-b10b-4892-a839-b9336dc8aabb'),
	('47ddcc7e-f54d-43e5-8072-2b01969ae00d', 'Nhm s 9', 'OPEN', '2024-06-16 21:49:36', '2024-06-16 21:49:36', NULL, 'dbd340ed-57db-47f1-abad-8e0ad4c9c1f9'),
	('4b0059ca-f8c4-483e-8eed-875c5ad92361', 'Nhm s 2', 'OPEN', '2024-06-16 19:05:49', '2024-06-16 19:05:49', NULL, '5769a425-b10b-4892-a839-b9336dc8aabb'),
	('4b81c3df-ac60-49b1-aeb5-f6f5f8846ee1', 'Nhm s 23', 'OPEN', '2024-06-16 21:49:36', '2024-06-16 21:49:36', NULL, 'dbd340ed-57db-47f1-abad-8e0ad4c9c1f9'),
	('4e1b66d5-6444-45b6-81b9-e594309da920', 'Nhm s 16', 'OPEN', '2024-06-16 19:05:49', '2024-06-16 19:05:49', NULL, '5769a425-b10b-4892-a839-b9336dc8aabb'),
	('4ed89643-19d2-4549-a4b6-0113a45a45e4', 'Nhm s 21', 'OPEN', '2024-06-16 21:49:36', '2024-06-16 21:49:36', NULL, 'dbd340ed-57db-47f1-abad-8e0ad4c9c1f9'),
	('5315cbe3-32ce-4497-bed0-0f3116ebe208', 'Nhm s 5', 'OPEN', '2024-06-16 19:05:49', '2024-06-16 19:05:49', NULL, '5769a425-b10b-4892-a839-b9336dc8aabb'),
	('55455d1e-40b8-4e42-9588-68795760e3b4', 'Nhm s 1', 'OPEN', '2024-06-16 19:04:23', '2024-06-16 19:04:23', NULL, 'f40bd6b8-d2a2-4477-9a06-f63801df53aa'),
	('56541fcf-604e-45ce-9266-51f0b3e2f66a', 'Nhm s 11', 'OPEN', '2024-06-16 19:05:49', '2024-06-16 19:05:49', NULL, '5769a425-b10b-4892-a839-b9336dc8aabb'),
	('56d26232-77b8-46ae-9df6-c97f681319b8', 'Nhm s 24', 'OPEN', '2024-06-16 19:04:23', '2024-06-16 19:04:23', NULL, 'f40bd6b8-d2a2-4477-9a06-f63801df53aa'),
	('5c954315-ed5b-4cf7-b144-0029da93e958', 'Nhm s 17', 'OPEN', '2024-06-16 19:05:49', '2024-06-16 19:05:49', NULL, '5769a425-b10b-4892-a839-b9336dc8aabb'),
	('5e6b6188-791d-4814-b1a3-81fc6ee64a92', 'Nhm s 15', 'OPEN', '2024-06-16 21:49:36', '2024-06-16 21:49:36', NULL, 'dbd340ed-57db-47f1-abad-8e0ad4c9c1f9'),
	('5e7df16d-dd5a-4a64-b6c2-6c5911bb5db3', 'Nhm s 4', 'OPEN', '2024-06-17 22:33:25', '2024-06-17 22:33:25', NULL, '7d98a855-d805-4122-8649-a6ebab007c86'),
	('62d5eb8d-6647-4ed9-9c20-d3582689e26e', 'Nhm s 20', 'OPEN', '2024-06-17 22:33:25', '2024-06-17 22:33:25', NULL, '7d98a855-d805-4122-8649-a6ebab007c86'),
	('642d94a3-357e-4026-ae0a-04a01a973879', 'Nhm s 6', 'OPEN', '2024-06-16 21:49:36', '2024-06-16 21:49:36', NULL, 'dbd340ed-57db-47f1-abad-8e0ad4c9c1f9'),
	('676930c8-7087-480e-8dd8-8ed16902c394', 'Nhm s 2', 'OPEN', '2024-06-16 21:49:36', '2024-06-16 21:49:36', NULL, 'dbd340ed-57db-47f1-abad-8e0ad4c9c1f9'),
	('69850186-05d9-489f-97fb-1990a1f4ce8e', 'Nhm s 21', 'OPEN', '2024-06-16 19:05:49', '2024-06-16 19:05:49', NULL, '5769a425-b10b-4892-a839-b9336dc8aabb'),
	('6ec6c2a8-d3c7-4719-8e9f-6a2814038a32', 'Nhm s 13', 'OPEN', '2024-06-17 22:33:25', '2024-06-17 22:33:25', NULL, '7d98a855-d805-4122-8649-a6ebab007c86'),
	('6f22c92c-e0ce-426c-892b-a36ff167e68c', 'Nhm s 25', 'OPEN', '2024-06-16 21:49:36', '2024-06-16 21:49:36', NULL, 'dbd340ed-57db-47f1-abad-8e0ad4c9c1f9'),
	('76b2d87b-b4ce-4ed4-8ffe-64a3581c91b3', 'Nhm s 9', 'OPEN', '2024-06-17 22:33:25', '2024-06-17 22:33:25', NULL, '7d98a855-d805-4122-8649-a6ebab007c86'),
	('77bcb2b5-a284-484e-ab5e-d6c835d27192', 'Nhm s 18', 'OPEN', '2024-06-16 19:05:49', '2024-06-16 19:05:49', NULL, '5769a425-b10b-4892-a839-b9336dc8aabb'),
	('7d63dd29-5f66-41a3-9341-43c285e6dd01', 'Nhm s 13', 'OPEN', '2024-06-16 19:05:49', '2024-06-16 19:05:49', NULL, '5769a425-b10b-4892-a839-b9336dc8aabb'),
	('80b2fc1c-01ad-4b5f-9e0b-46792ac1d0f9', 'Nhm s 11', 'OPEN', '2024-06-16 21:49:36', '2024-06-16 21:49:36', NULL, 'dbd340ed-57db-47f1-abad-8e0ad4c9c1f9'),
	('839b5b34-f1dc-4781-9a70-9d31f727ecef', 'Nhm s 14', 'OPEN', '2024-06-17 22:33:25', '2024-06-17 22:33:25', NULL, '7d98a855-d805-4122-8649-a6ebab007c86'),
	('84353739-3e38-4fae-924f-9de2afe7dc2d', 'Nhm s 22', 'OPEN', '2024-06-17 22:33:25', '2024-06-17 22:33:25', NULL, '7d98a855-d805-4122-8649-a6ebab007c86'),
	('895f6336-73dc-4d31-82fe-d2a4a260363c', 'Nhm s 6', 'OPEN', '2024-06-16 19:04:23', '2024-06-16 19:04:23', NULL, 'f40bd6b8-d2a2-4477-9a06-f63801df53aa'),
	('8e5f7f9e-488f-47d0-b993-0c66edd4f2a9', 'Nhm s 10', 'OPEN', '2024-06-17 22:33:25', '2024-06-17 22:33:25', NULL, '7d98a855-d805-4122-8649-a6ebab007c86'),
	('9008beb3-131c-40a6-a9f0-0ebb84fce5c9', 'Nhm s 4', 'OPEN', '2024-06-16 19:04:23', '2024-06-16 19:04:23', NULL, 'f40bd6b8-d2a2-4477-9a06-f63801df53aa'),
	('91fce570-c39a-4eb6-9284-4f68eb13240b', 'Nhm s 1', 'OPEN', '2024-06-16 21:49:36', '2024-06-16 21:49:36', NULL, 'dbd340ed-57db-47f1-abad-8e0ad4c9c1f9'),
	('932ec973-c466-478e-a78b-b372a6478e3a', 'Nhm s 16', 'OPEN', '2024-06-16 21:49:36', '2024-06-16 21:49:36', NULL, 'dbd340ed-57db-47f1-abad-8e0ad4c9c1f9'),
	('95fbf34f-9977-41dd-9c67-f96f864a4396', 'Nhm s 12', 'OPEN', '2024-06-16 19:04:23', '2024-06-16 19:04:23', NULL, 'f40bd6b8-d2a2-4477-9a06-f63801df53aa'),
	('974f4885-75f3-4c3e-a9c2-ea81329a4633', 'Nhm s 11', 'OPEN', '2024-06-17 22:33:25', '2024-06-17 22:33:25', NULL, '7d98a855-d805-4122-8649-a6ebab007c86'),
	('9796781c-e4a1-4c70-a535-5bd3e0613087', 'Nhm s 1', 'OPEN', '2024-06-16 19:05:49', '2024-06-16 19:05:49', NULL, '5769a425-b10b-4892-a839-b9336dc8aabb'),
	('99456639-4bd1-4aa7-a913-dad4ac74688f', 'Nhm s 19', 'OPEN', '2024-06-16 21:49:36', '2024-06-16 21:49:36', NULL, 'dbd340ed-57db-47f1-abad-8e0ad4c9c1f9'),
	('99c5b2fa-c706-4b9c-8fd4-c2edb7ffa49c', 'Nhm s 3', 'OPEN', '2024-06-16 21:49:36', '2024-06-16 21:49:36', NULL, 'dbd340ed-57db-47f1-abad-8e0ad4c9c1f9'),
	('99c8aacd-dbe0-4171-bb0c-a2f35e03e64e', 'Nhm s 25', 'OPEN', '2024-06-17 22:33:25', '2024-06-17 22:33:25', NULL, '7d98a855-d805-4122-8649-a6ebab007c86'),
	('9c40a06b-fd75-46d3-98e5-0fb384cad951', 'Nhm s 19', 'OPEN', '2024-06-17 22:33:25', '2024-06-17 22:33:25', NULL, '7d98a855-d805-4122-8649-a6ebab007c86'),
	('9e6bcee5-0683-4c03-b731-32a27dde98bc', 'Nhm s 13', 'OPEN', '2024-06-16 19:04:23', '2024-06-16 19:04:23', NULL, 'f40bd6b8-d2a2-4477-9a06-f63801df53aa'),
	('9f713aad-e15f-49fa-9c7e-b42f58bc47ba', 'Nhm s 14', 'OPEN', '2024-06-16 19:04:23', '2024-06-16 19:04:23', NULL, 'f40bd6b8-d2a2-4477-9a06-f63801df53aa'),
	('a0deb5da-2b8d-4820-8b80-295b4b82196d', 'Nhm s 4', 'OPEN', '2024-06-16 21:49:36', '2024-06-16 21:49:36', NULL, 'dbd340ed-57db-47f1-abad-8e0ad4c9c1f9'),
	('ae587ae0-c54e-48ab-adf2-c1486d67f75f', 'Nhm s 20', 'OPEN', '2024-06-16 21:49:36', '2024-06-16 21:49:36', NULL, 'dbd340ed-57db-47f1-abad-8e0ad4c9c1f9'),
	('b6c5b1c0-6601-46f8-8444-cf213ec8b4e1', 'Nhm s 4', 'OPEN', '2024-06-16 19:05:49', '2024-06-16 19:05:49', NULL, '5769a425-b10b-4892-a839-b9336dc8aabb'),
	('bbe6c6e7-7ab2-40e5-96a2-6d2bd0b2cf33', 'Nhm s 6', 'OPEN', '2024-06-16 19:05:49', '2024-06-16 19:05:49', NULL, '5769a425-b10b-4892-a839-b9336dc8aabb'),
	('beabe959-81d2-4483-b1d9-2db041e619d6', 'Nhm s 23', 'OPEN', '2024-06-17 22:33:25', '2024-06-17 22:33:25', NULL, '7d98a855-d805-4122-8649-a6ebab007c86'),
	('bfa1aea4-3a0f-4493-a678-5aedd6a71886', 'Nhm s 14', 'OPEN', '2024-06-16 21:49:36', '2024-06-16 21:49:36', NULL, 'dbd340ed-57db-47f1-abad-8e0ad4c9c1f9'),
	('c024f659-290c-49e3-975c-6a06a7e715ea', 'Nhm s 1', 'OPEN', '2024-06-17 22:33:25', '2024-06-17 22:33:25', NULL, '7d98a855-d805-4122-8649-a6ebab007c86'),
	('c195ab91-1e60-41d6-83e0-2ba26ba0784b', 'Nhm s 10', 'OPEN', '2024-06-16 19:05:49', '2024-06-16 19:05:49', NULL, '5769a425-b10b-4892-a839-b9336dc8aabb'),
	('c59743e2-59da-4f99-b805-4cae0b52c79e', 'Nhm s 14', 'OPEN', '2024-06-16 19:05:49', '2024-06-16 19:05:49', NULL, '5769a425-b10b-4892-a839-b9336dc8aabb'),
	('c6bf3f99-db9d-4566-be46-607b1736d954', 'Nhm s 17', 'OPEN', '2024-06-17 22:33:25', '2024-06-17 22:33:25', NULL, '7d98a855-d805-4122-8649-a6ebab007c86'),
	('cbbbac97-6529-4563-939c-b85f4ece5cc0', 'Nhm s 8', 'OPEN', '2024-06-16 19:04:23', '2024-06-16 19:04:23', NULL, 'f40bd6b8-d2a2-4477-9a06-f63801df53aa'),
	('d01c41ef-47ad-43ff-a20d-42f7b12e201b', 'Nhm s 21', 'OPEN', '2024-06-16 19:04:23', '2024-06-16 19:04:23', NULL, 'f40bd6b8-d2a2-4477-9a06-f63801df53aa'),
	('d042e41f-7c9f-4bd4-809c-561af937dd9a', 'Nhm s 5', 'OPEN', '2024-06-16 19:04:23', '2024-06-16 19:04:23', NULL, 'f40bd6b8-d2a2-4477-9a06-f63801df53aa'),
	('d1916958-bb60-47d7-9925-b5443266c305', 'Nhm s 2', 'OPEN', '2024-06-16 19:04:23', '2024-06-16 19:04:23', NULL, 'f40bd6b8-d2a2-4477-9a06-f63801df53aa'),
	('d205657d-4260-4e99-8ba5-2a0fbcb99fec', 'Nhm s 3', 'OPEN', '2024-06-16 19:05:49', '2024-06-16 19:05:49', NULL, '5769a425-b10b-4892-a839-b9336dc8aabb'),
	('d3ee95bd-a2b3-42de-b3be-34b92d142230', 'Nhm s 15', 'OPEN', '2024-06-16 19:04:23', '2024-06-16 19:04:23', NULL, 'f40bd6b8-d2a2-4477-9a06-f63801df53aa'),
	('d9096492-540a-4ce6-824c-3901d9ac899c', 'Nhm s 9', 'OPEN', '2024-06-16 19:04:23', '2024-06-16 19:04:23', NULL, 'f40bd6b8-d2a2-4477-9a06-f63801df53aa'),
	('da0b115b-84ea-4eb5-a6db-f15318af2ba5', 'Nhm s 22', 'OPEN', '2024-06-16 19:04:23', '2024-06-16 19:04:23', NULL, 'f40bd6b8-d2a2-4477-9a06-f63801df53aa'),
	('da748e7e-8a32-43ec-bfa6-37d5b1ac0d6e', 'Nhm s 15', 'OPEN', '2024-06-17 22:33:25', '2024-06-17 22:33:25', NULL, '7d98a855-d805-4122-8649-a6ebab007c86'),
	('dcb0e454-1067-4ecd-b574-ebf17cd6c915', 'Nhm s 7', 'OPEN', '2024-06-16 21:49:36', '2024-06-16 21:49:36', NULL, 'dbd340ed-57db-47f1-abad-8e0ad4c9c1f9'),
	('e0f7cfad-f03b-486a-ba52-a14dc32ae02d', 'Nhm s 24', 'OPEN', '2024-06-17 22:33:25', '2024-06-17 22:33:25', NULL, '7d98a855-d805-4122-8649-a6ebab007c86'),
	('e175b9c4-3e38-4e3c-bca7-e788d0809550', 'Nhm s 13', 'OPEN', '2024-06-16 21:49:36', '2024-06-16 21:49:36', NULL, 'dbd340ed-57db-47f1-abad-8e0ad4c9c1f9'),
	('ea0a7ef3-33d2-4a91-8985-c3b98be0a286', 'Nhm s 16', 'OPEN', '2024-06-16 19:04:23', '2024-06-16 19:04:23', NULL, 'f40bd6b8-d2a2-4477-9a06-f63801df53aa'),
	('eb7a8466-a512-49d6-be4e-9a1fae8bf985', 'Nhm s 5', 'OPEN', '2024-06-17 22:33:25', '2024-06-17 22:33:25', NULL, '7d98a855-d805-4122-8649-a6ebab007c86'),
	('ec86e167-a46f-4b41-bb88-3b49f9dd8cc2', 'Nhm s 12', 'OPEN', '2024-06-17 22:33:25', '2024-06-17 22:33:25', NULL, '7d98a855-d805-4122-8649-a6ebab007c86'),
	('ee423014-b810-4865-9a02-5e546aa63dcb', 'Nhm s 8', 'OPEN', '2024-06-16 19:05:49', '2024-06-16 19:05:49', NULL, '5769a425-b10b-4892-a839-b9336dc8aabb'),
	('efd1b7b5-d705-4b8b-83bf-6dd7d5923e31', 'Nhm s 12', 'OPEN', '2024-06-16 19:05:49', '2024-06-16 19:05:49', NULL, '5769a425-b10b-4892-a839-b9336dc8aabb'),
	('f187543f-ca32-47c1-8ad4-a3a9c83a0ee2', 'Nhm s 9', 'OPEN', '2024-06-16 19:05:49', '2024-06-16 19:05:49', NULL, '5769a425-b10b-4892-a839-b9336dc8aabb'),
	('f2625a40-1d60-44ab-9222-93bf02282cd9', 'Nhm s 7', 'OPEN', '2024-06-17 22:33:25', '2024-06-17 22:33:25', NULL, '7d98a855-d805-4122-8649-a6ebab007c86'),
	('f418af64-7dbf-4d59-bc13-27340cf02d36', 'Nhm s 23', 'OPEN', '2024-06-16 19:05:49', '2024-06-16 19:05:49', NULL, '5769a425-b10b-4892-a839-b9336dc8aabb'),
	('f4e8d346-4ed0-4073-9ace-c25f716a1a52', 'Nhm s 6', 'OPEN', '2024-06-17 22:33:25', '2024-06-17 22:33:25', NULL, '7d98a855-d805-4122-8649-a6ebab007c86'),
	('f5725e48-47e6-46e7-b957-9c55e759d820', 'Nhm s 7', 'OPEN', '2024-06-16 19:04:23', '2024-06-16 19:04:23', NULL, 'f40bd6b8-d2a2-4477-9a06-f63801df53aa'),
	('f9c5248d-8f84-4e31-b60a-3b0cdbe81273', 'Nhm s 19', 'OPEN', '2024-06-16 19:04:23', '2024-06-16 19:04:23', NULL, 'f40bd6b8-d2a2-4477-9a06-f63801df53aa'),
	('f9c834fb-de7b-4b02-b29d-8c2ece874269', 'Nhm s 8', 'OPEN', '2024-06-16 21:49:36', '2024-06-16 21:49:36', NULL, 'dbd340ed-57db-47f1-abad-8e0ad4c9c1f9');

-- Dumping structure for table manage_graduation_se_iuh.lecturers
CREATE TABLE IF NOT EXISTS `lecturers` (
  `id` char(36) CHARACTER SET utf8mb4 COLLATE utf8mb4_bin NOT NULL,
  `username` varchar(255) NOT NULL,
  `password` varchar(255) NOT NULL,
  `full_name` varchar(255) NOT NULL,
  `avatar` varchar(255) DEFAULT NULL,
  `phone` varchar(255) NOT NULL,
  `email` varchar(255) NOT NULL,
  `gender` enum('MALE','FEMALE') DEFAULT NULL,
  `degree` enum('BACHELOR','MASTER','DOCTOR') DEFAULT 'MASTER',
  `role` enum('HEAD_LECTURER','LECTURER','SUB_HEAD_LECTURER') DEFAULT 'LECTURER',
  `is_admin` tinyint(1) NOT NULL DEFAULT 0,
  `is_active` tinyint(1) NOT NULL DEFAULT 1,
  `created_at` datetime NOT NULL,
  `updated_at` datetime NOT NULL,
  `major_id` char(36) CHARACTER SET utf8mb4 COLLATE utf8mb4_bin DEFAULT NULL,
  PRIMARY KEY (`id`),
  UNIQUE KEY `username` (`username`),
  KEY `major_id` (`major_id`),
  CONSTRAINT `lecturers_ibfk_1` FOREIGN KEY (`major_id`) REFERENCES `majors` (`id`) ON DELETE SET NULL ON UPDATE CASCADE
) ENGINE=InnoDB DEFAULT CHARSET=utf8mb4 COLLATE=utf8mb4_general_ci;

-- Dumping data for table manage_graduation_se_iuh.lecturers: ~20 rows (approximately)
INSERT INTO `lecturers` (`id`, `username`, `password`, `full_name`, `avatar`, `phone`, `email`, `gender`, `degree`, `role`, `is_admin`, `is_active`, `created_at`, `updated_at`, `major_id`) VALUES
	('1200c265-b5c4-4b18-9faa-0dd968bdcd8b', '20011239', '$2b$10$e44iIUDIkp1g3zBvK1CXQ.obn6F5IeRKVPKVSFYX81GNCX84RwyR2', 'Chu Th Bo H', NULL, '0918153584', 'chauthibaoha@gmail.com', 'FEMALE', 'MASTER', 'LECTURER', 0, 1, '2024-06-13 16:01:56', '2024-06-13 16:01:56', 'e4fe02cb-f2b0-4afa-885d-d1b93130d350'),
	('1717ab3f-d985-4055-8ebc-c0722659e1a2', '20011236', '$2b$10$e44iIUDIkp1g3zBvK1CXQ.obn6F5IeRKVPKVSFYX81GNCX84RwyR2', 'Trn Th Trung', NULL, '0947 388789', 'tranthetrung@iuh.edu.vn', 'MALE', 'MASTER', 'LECTURER', 0, 1, '2024-06-13 16:01:56', '2024-06-13 16:01:56', 'e4fe02cb-f2b0-4afa-885d-d1b93130d350'),
	('23f2ba67-b4d1-4cac-a302-dcc8ae250b35', '20011238', '$2b$10$e44iIUDIkp1g3zBvK1CXQ.obn6F5IeRKVPKVSFYX81GNCX84RwyR2', 'Tn Long Phc', NULL, '0933227272', 'tonlongphuoc@iuh.edu.vn', 'MALE', 'MASTER', 'LECTURER', 0, 1, '2024-06-13 16:01:56', '2024-06-13 16:01:56', 'e4fe02cb-f2b0-4afa-885d-d1b93130d350'),
	('37055edb-e031-4d52-b2d3-12ab9bf3f0fb', '20011235', '$2b$10$e44iIUDIkp1g3zBvK1CXQ.obn6F5IeRKVPKVSFYX81GNCX84RwyR2', 'Nguyn Vn Thng', NULL, '0988648733', 'thangvnguyen2001@gmail.com', 'FEMALE', 'MASTER', 'LECTURER', 0, 1, '2024-06-13 16:01:56', '2024-06-13 16:01:56', 'e4fe02cb-f2b0-4afa-885d-d1b93130d350'),
	('395b7a93-d338-4520-80bc-43fddbc296b1', '20418432', '$2b$10$blXaUxfROsIDmS08FG8uMuyzPydYQMtUyFz1z9j7fyPOty84Pcg6O', 'ng Th Thu H', NULL, '0364835692', 'quan2222g@gmail.com', 'FEMALE', 'MASTER', 'LECTURER', 0, 1, '2024-06-15 23:56:17', '2024-06-16 21:47:08', 'e4fe02cb-f2b0-4afa-885d-d1b93130d350'),
	('51bdb86b-0f7b-464a-91c7-7dca49695971', '20011242', '$2b$10$e44iIUDIkp1g3zBvK1CXQ.obn6F5IeRKVPKVSFYX81GNCX84RwyR2', 'Phm Thanh Hng', NULL, '0918805565', 'ssss@yahoo.com', 'FEMALE', 'MASTER', 'LECTURER', 0, 1, '2024-06-13 16:01:56', '2024-06-16 21:16:26', 'e4fe02cb-f2b0-4afa-885d-d1b93130d350'),
	('55c7a698-af33-4d17-8278-12d389d3aecc', '20011237', '$2b$10$e44iIUDIkp1g3zBvK1CXQ.obn6F5IeRKVPKVSFYX81GNCX84RwyR2', 'ng Th Thu H', NULL, '0903016048', 'dtthhuha79@gmail.com', 'MALE', 'MASTER', 'LECTURER', 0, 1, '2024-06-13 16:01:56', '2024-06-16 22:58:42', 'e4fe02cb-f2b0-4afa-885d-d1b93130d350'),
	('58bb9506-7c9a-4d93-a453-df1f58a7939d', '20011254', '$2b$10$e44iIUDIkp1g3zBvK1CXQ.obn6F5IeRKVPKVSFYX81GNCX84RwyR2', 'ng Vn Thun', NULL, '0979788849', 'dangvanthuan26@gmail.com', 'MALE', 'MASTER', 'LECTURER', 0, 1, '2024-06-13 16:01:56', '2024-06-13 16:01:56', 'e4fe02cb-f2b0-4afa-885d-d1b93130d350'),
	('649b9d6b-09e0-4b55-80bc-535f23cb8f21', '20011256', '$2b$10$e44iIUDIkp1g3zBvK1CXQ.obn6F5IeRKVPKVSFYX81GNCX84RwyR2', 'Nguyn Th Nhung', NULL, '0773070597', 'ngthihanh@gmail.com', 'FEMALE', 'MASTER', 'LECTURER', 0, 1, '2024-06-13 16:01:56', '2024-06-13 16:01:56', 'e4fe02cb-f2b0-4afa-885d-d1b93130d350'),
	('96ef20ab-0805-4791-a70c-d845260e2478', '20001241', '$2b$10$9gZz40236BLdC34h027hV.FB//lK9mEPnNglWkTebeVDDj7B3jq2q', 'Nguyn Trng Tien', NULL, '0991223334', 'tiengnuyen@gmail.com', 'MALE', 'MASTER', 'LECTURER', 0, 1, '2024-06-15 23:46:19', '2024-06-16 22:59:03', 'e4fe02cb-f2b0-4afa-885d-d1b93130d350'),
	('9fb63d23-3a69-4356-bf3d-b19461d4970a', '20001243', '$2b$10$9gZz40236BLdC34h027hV.FB//lK9mEPnNglWkTebeVDDj7B3jq2q', 'Trn Th Anh Th', NULL, '0882910189', 'hi@gmail.com', 'FEMALE', 'MASTER', 'LECTURER', 0, 1, '2024-06-15 23:46:19', '2024-06-16 22:59:11', 'e4fe02cb-f2b0-4afa-885d-d1b93130d350'),
	('a39cc5f4-4053-4d25-9c64-8483465013fa', '20011234', '$2b$10$e44iIUDIkp1g3zBvK1CXQ.obn6F5IeRKVPKVSFYX81GNCX84RwyR2', 'Nguyn Th Hng Lng', NULL, '0903128350', 'nguyenluong1603@gmail.com', 'MALE', 'MASTER', 'LECTURER', 0, 1, '2024-06-13 16:01:56', '2024-06-13 16:01:56', 'e4fe02cb-f2b0-4afa-885d-d1b93130d350'),
	('ad1bb773-2d0f-4932-985b-de325ad6ed2f', '20011255', '$2b$10$e44iIUDIkp1g3zBvK1CXQ.obn6F5IeRKVPKVSFYX81GNCX84RwyR2', 'Nguyn Th Hnh', NULL, '0773070596', 'ngthihanh@gmail.com', 'FEMALE', 'MASTER', 'LECTURER', 0, 1, '2024-06-13 16:01:56', '2024-06-13 16:01:56', 'e4fe02cb-f2b0-4afa-885d-d1b93130d350'),
	('b5e09818-7337-4187-bb07-24ce63d039d2', '21084321', '$2b$10$rkxH/epOlccxqriztmZO8u8hNB77a/z3IqJghHbX.dWjOzpZfN/gS', 'Nguyn Th Hnh', NULL, '0304125678', 'hanhnguyen@gmail.com', 'MALE', 'MASTER', 'HEAD_LECTURER', 1, 1, '2024-06-12 16:48:02', '2024-06-16 21:41:19', 'e4fe02cb-f2b0-4afa-885d-d1b93130d350'),
	('bad8b3b3-3eb5-494d-b97f-ad1d9b2b8e92', '20011241', '$2b$10$e44iIUDIkp1g3zBvK1CXQ.obn6F5IeRKVPKVSFYX81GNCX84RwyR2', 'Nguyn Trng Tin', NULL, '0935020003', 'nguyentrongtiencntt@gmail.com', 'MALE', 'MASTER', 'LECTURER', 0, 1, '2024-06-13 16:01:56', '2024-06-13 16:01:56', 'e4fe02cb-f2b0-4afa-885d-d1b93130d350'),
	('cfbe5acb-5a9a-4f48-a1e2-54854b0d6c57', '20001242', '$2b$10$9gZz40236BLdC34h027hV.FB//lK9mEPnNglWkTebeVDDj7B3jq2q', 'Phm Thanh Hng', NULL, '0972727482', 'thanhhung@gmail.com', 'MALE', 'MASTER', 'LECTURER', 0, 1, '2024-06-15 23:46:19', '2024-06-15 23:46:19', 'e4fe02cb-f2b0-4afa-885d-d1b93130d350'),
	('d210e370-85fd-45be-bfef-215842e41b1e', '20011240', '$2b$10$e44iIUDIkp1g3zBvK1CXQ.obn6F5IeRKVPKVSFYX81GNCX84RwyR2', 'Nguyn Th Hong Khnh', NULL, '0903444795', 'ngthihoangkhanh@gmail.com', 'MALE', 'MASTER', 'LECTURER', 0, 1, '2024-06-13 16:01:56', '2024-06-16 20:04:19', 'e4fe02cb-f2b0-4afa-885d-d1b93130d350'),
	('ed62bddf-9420-49f5-a564-1a1583aa732f', '20001239', '$2b$10$9gZz40236BLdC34h027hV.FB//lK9mEPnNglWkTebeVDDj7B3jq2q', 'Chu Th Bo H', NULL, '0913128350', 'chauha@gmail.com', 'FEMALE', 'MASTER', 'LECTURER', 0, 1, '2024-06-15 23:46:19', '2024-06-16 21:41:44', 'e4fe02cb-f2b0-4afa-885d-d1b93130d350'),
	('f54cba16-ffca-48a7-898b-586ee5f883a1', '20001254', '$2b$10$9gZz40236BLdC34h027hV.FB//lK9mEPnNglWkTebeVDDj7B3jq2q', 'ng Vn Thu', NULL, '0928182301', 'thuanDang@gmail.com', 'FEMALE', 'MASTER', 'LECTURER', 0, 1, '2024-06-15 23:46:19', '2024-06-16 20:59:21', 'e4fe02cb-f2b0-4afa-885d-d1b93130d350'),
	('fe50c05f-4089-4802-a241-c4d9b1a8de8a', '20011243', '$2b$10$e44iIUDIkp1g3zBvK1CXQ.obn6F5IeRKVPKVSFYX81GNCX84RwyR2', 'Trn Th Anh Thi', NULL, '0985787825', 'tranthianhthi@iuh.edu.vn', 'FEMALE', 'MASTER', 'LECTURER', 0, 1, '2024-06-13 16:01:56', '2024-06-13 16:01:56', 'e4fe02cb-f2b0-4afa-885d-d1b93130d350');

-- Dumping structure for table manage_graduation_se_iuh.lecturer_terms
CREATE TABLE IF NOT EXISTS `lecturer_terms` (
  `id` char(36) CHARACTER SET utf8mb4 COLLATE utf8mb4_bin NOT NULL,
  `created_at` datetime NOT NULL,
  `updated_at` datetime NOT NULL,
  `lecturer_id` char(36) CHARACTER SET utf8mb4 COLLATE utf8mb4_bin DEFAULT NULL,
  `term_id` char(36) CHARACTER SET utf8mb4 COLLATE utf8mb4_bin DEFAULT NULL,
  PRIMARY KEY (`id`),
  KEY `lecturer_id` (`lecturer_id`),
  KEY `term_id` (`term_id`),
  CONSTRAINT `lecturer_terms_ibfk_1` FOREIGN KEY (`lecturer_id`) REFERENCES `lecturers` (`id`) ON DELETE SET NULL ON UPDATE CASCADE,
  CONSTRAINT `lecturer_terms_ibfk_2` FOREIGN KEY (`term_id`) REFERENCES `terms` (`id`) ON DELETE SET NULL ON UPDATE CASCADE
) ENGINE=InnoDB DEFAULT CHARSET=utf8mb4 COLLATE=utf8mb4_general_ci;

-- Dumping data for table manage_graduation_se_iuh.lecturer_terms: ~0 rows (approximately)
INSERT INTO `lecturer_terms` (`id`, `created_at`, `updated_at`, `lecturer_id`, `term_id`) VALUES
	('05476cda-b1ba-441f-9cb2-1b784de08da0', '2024-06-17 20:58:13', '2024-06-17 20:58:13', '1717ab3f-d985-4055-8ebc-c0722659e1a2', '5769a425-b10b-4892-a839-b9336dc8aabb'),
	('05a2f8a0-cadc-4861-9f89-a7466eb8378d', '2024-06-16 21:39:58', '2024-06-16 21:39:58', '649b9d6b-09e0-4b55-80bc-535f23cb8f21', 'f40bd6b8-d2a2-4477-9a06-f63801df53aa'),
	('092a481f-1b0a-4766-ab05-627337cf3317', '2024-06-16 21:39:58', '2024-06-16 21:39:58', 'f54cba16-ffca-48a7-898b-586ee5f883a1', 'f40bd6b8-d2a2-4477-9a06-f63801df53aa'),
	('0f0f36aa-542e-4310-862e-6bb28c9bd15e', '2024-06-16 21:49:12', '2024-06-16 21:49:12', 'b5e09818-7337-4187-bb07-24ce63d039d2', 'dbd340ed-57db-47f1-abad-8e0ad4c9c1f9'),
	('12773533-d4c3-42c6-81ed-9bfe100ebbc2', '2024-06-17 20:58:13', '2024-06-17 20:58:13', 'a39cc5f4-4053-4d25-9c64-8483465013fa', '5769a425-b10b-4892-a839-b9336dc8aabb'),
	('1412a6e3-98da-4df2-8fba-a14521540e9b', '2024-06-17 20:58:13', '2024-06-17 20:58:13', 'cfbe5acb-5a9a-4f48-a1e2-54854b0d6c57', '5769a425-b10b-4892-a839-b9336dc8aabb'),
	('1491714e-b0ab-4ce0-96f8-e03a906b49f3', '2024-06-17 20:58:13', '2024-06-17 20:58:13', 'b5e09818-7337-4187-bb07-24ce63d039d2', '5769a425-b10b-4892-a839-b9336dc8aabb'),
	('185a6ecd-49f6-4c8c-908f-ffea311abb94', '2024-06-16 21:49:12', '2024-06-16 21:49:12', 'f54cba16-ffca-48a7-898b-586ee5f883a1', 'dbd340ed-57db-47f1-abad-8e0ad4c9c1f9'),
	('2579e671-7c45-4b2a-88a8-9f4d7977cb61', '2024-06-16 21:39:58', '2024-06-16 21:39:58', '395b7a93-d338-4520-80bc-43fddbc296b1', 'f40bd6b8-d2a2-4477-9a06-f63801df53aa'),
	('2939840a-0116-4059-94ce-4358c851323f', '2024-06-16 21:49:12', '2024-06-16 21:49:12', '395b7a93-d338-4520-80bc-43fddbc296b1', 'dbd340ed-57db-47f1-abad-8e0ad4c9c1f9'),
	('2e9700f4-dd4d-4e60-9ab8-e216c1cc3c10', '2024-06-16 21:49:12', '2024-06-16 21:49:12', '9fb63d23-3a69-4356-bf3d-b19461d4970a', 'dbd340ed-57db-47f1-abad-8e0ad4c9c1f9'),
	('3ac671be-3395-49b9-b84d-afdbff9011a6', '2024-06-17 20:58:13', '2024-06-17 20:58:13', 'fe50c05f-4089-4802-a241-c4d9b1a8de8a', '5769a425-b10b-4892-a839-b9336dc8aabb'),
	('447821c9-93f2-4c49-9c86-bfea08c48a1c', '2024-06-16 21:49:12', '2024-06-16 21:49:12', '649b9d6b-09e0-4b55-80bc-535f23cb8f21', 'dbd340ed-57db-47f1-abad-8e0ad4c9c1f9'),
	('4961c193-c334-4ef5-af1d-78eb3a7e3ae5', '2024-06-16 21:49:12', '2024-06-16 21:49:12', '96ef20ab-0805-4791-a70c-d845260e2478', 'dbd340ed-57db-47f1-abad-8e0ad4c9c1f9'),
	('4bcac1e6-5887-4cac-8a59-f57971645fb7', '2024-06-17 20:58:13', '2024-06-17 20:58:13', 'f54cba16-ffca-48a7-898b-586ee5f883a1', '5769a425-b10b-4892-a839-b9336dc8aabb'),
	('4eff8b69-24ad-4585-a034-1b5fc0d64f67', '2024-06-16 21:49:12', '2024-06-16 21:49:12', 'cfbe5acb-5a9a-4f48-a1e2-54854b0d6c57', 'dbd340ed-57db-47f1-abad-8e0ad4c9c1f9'),
	('519c322d-2d35-4b25-aca9-9f72b1142f38', '2024-06-17 20:58:13', '2024-06-17 20:58:13', '649b9d6b-09e0-4b55-80bc-535f23cb8f21', '5769a425-b10b-4892-a839-b9336dc8aabb'),
	('57794958-9cf6-4d62-996e-a78da4f84483', '2024-06-16 21:49:12', '2024-06-16 21:49:12', '1717ab3f-d985-4055-8ebc-c0722659e1a2', 'dbd340ed-57db-47f1-abad-8e0ad4c9c1f9'),
	('5ff721d4-12b5-4dcf-a400-22cfc907bc68', '2024-06-16 21:39:58', '2024-06-16 21:39:58', 'ed62bddf-9420-49f5-a564-1a1583aa732f', 'f40bd6b8-d2a2-4477-9a06-f63801df53aa'),
	('666df2c6-e4cf-4fac-b2e4-c1c49983bf60', '2024-06-16 21:49:12', '2024-06-16 21:49:12', 'bad8b3b3-3eb5-494d-b97f-ad1d9b2b8e92', 'dbd340ed-57db-47f1-abad-8e0ad4c9c1f9'),
	('68538d06-6d21-4423-84ae-d96c98843511', '2024-06-17 20:58:13', '2024-06-17 20:58:13', '55c7a698-af33-4d17-8278-12d389d3aecc', '5769a425-b10b-4892-a839-b9336dc8aabb'),
	('6a100595-b4a4-4314-9fba-b6820d07b272', '2024-06-16 21:39:58', '2024-06-16 21:39:58', '23f2ba67-b4d1-4cac-a302-dcc8ae250b35', 'f40bd6b8-d2a2-4477-9a06-f63801df53aa'),
	('6dbda89d-b4cc-42a9-991f-a1f013fe67bc', '2024-06-16 21:39:58', '2024-06-16 21:39:58', 'cfbe5acb-5a9a-4f48-a1e2-54854b0d6c57', 'f40bd6b8-d2a2-4477-9a06-f63801df53aa'),
	('6fcb1775-1bbe-46fb-86d3-bbcfa9a09515', '2024-06-16 21:39:58', '2024-06-16 21:39:58', '1717ab3f-d985-4055-8ebc-c0722659e1a2', 'f40bd6b8-d2a2-4477-9a06-f63801df53aa'),
	('703d0b97-0d7c-47eb-8994-33434b9cc166', '2024-06-17 20:58:13', '2024-06-17 20:58:13', 'bad8b3b3-3eb5-494d-b97f-ad1d9b2b8e92', '5769a425-b10b-4892-a839-b9336dc8aabb'),
	('7bb06c39-1bea-417c-bc85-22cd31970903', '2024-06-16 21:39:58', '2024-06-16 21:39:58', 'fe50c05f-4089-4802-a241-c4d9b1a8de8a', 'f40bd6b8-d2a2-4477-9a06-f63801df53aa'),
	('7cdbdfea-1bc4-46a3-aeb4-dda9b529cc05', '2024-06-16 21:49:12', '2024-06-16 21:49:12', '1200c265-b5c4-4b18-9faa-0dd968bdcd8b', 'dbd340ed-57db-47f1-abad-8e0ad4c9c1f9'),
	('7f57ae97-9e4e-4dcf-8da5-256fe29c84e3', '2024-06-17 20:58:13', '2024-06-17 20:58:13', '1200c265-b5c4-4b18-9faa-0dd968bdcd8b', '5769a425-b10b-4892-a839-b9336dc8aabb'),
	('7f995fe4-9ad5-4978-b4fb-05f56be38bc7', '2024-06-17 20:58:13', '2024-06-17 20:58:13', '58bb9506-7c9a-4d93-a453-df1f58a7939d', '5769a425-b10b-4892-a839-b9336dc8aabb'),
	('84972efd-2f1c-4cdd-a1d2-dc7c00042144', '2024-06-16 21:39:58', '2024-06-16 21:39:58', '55c7a698-af33-4d17-8278-12d389d3aecc', 'f40bd6b8-d2a2-4477-9a06-f63801df53aa'),
	('8aaa8a1e-93f5-4180-a08b-8e13d8e060ba', '2024-06-17 20:58:13', '2024-06-17 20:58:13', '9fb63d23-3a69-4356-bf3d-b19461d4970a', '5769a425-b10b-4892-a839-b9336dc8aabb'),
	('8b78b7e9-2005-4da8-97ff-c381425e57d2', '2024-06-16 21:49:12', '2024-06-16 21:49:12', '23f2ba67-b4d1-4cac-a302-dcc8ae250b35', 'dbd340ed-57db-47f1-abad-8e0ad4c9c1f9'),
	('900d283a-2893-4431-9378-1a04a583b2a7', '2024-06-16 21:39:58', '2024-06-16 21:39:58', '51bdb86b-0f7b-464a-91c7-7dca49695971', 'f40bd6b8-d2a2-4477-9a06-f63801df53aa'),
	('9a3b98a9-5c32-4ad1-a83f-ccd187473e43', '2024-06-16 21:39:58', '2024-06-16 21:39:58', '96ef20ab-0805-4791-a70c-d845260e2478', 'f40bd6b8-d2a2-4477-9a06-f63801df53aa'),
	('9a6588fe-553c-48ca-88c8-36d603a7e8c3', '2024-06-17 20:58:13', '2024-06-17 20:58:13', '96ef20ab-0805-4791-a70c-d845260e2478', '5769a425-b10b-4892-a839-b9336dc8aabb'),
	('a468637d-0fa7-48cf-abb9-c60b243a8bea', '2024-06-16 21:39:58', '2024-06-16 21:39:58', '58bb9506-7c9a-4d93-a453-df1f58a7939d', 'f40bd6b8-d2a2-4477-9a06-f63801df53aa'),
	('a4ea08f3-4df8-4761-9e9f-42ff6abc8d1e', '2024-06-16 21:49:12', '2024-06-16 21:49:12', '55c7a698-af33-4d17-8278-12d389d3aecc', 'dbd340ed-57db-47f1-abad-8e0ad4c9c1f9'),
	('a76bf814-d121-4343-b1c6-16faf3502b93', '2024-06-16 21:49:12', '2024-06-16 21:49:12', 'a39cc5f4-4053-4d25-9c64-8483465013fa', 'dbd340ed-57db-47f1-abad-8e0ad4c9c1f9'),
	('b490a193-709d-4579-b6e0-fc5bfcdb9274', '2024-06-16 21:39:58', '2024-06-16 21:39:58', '1200c265-b5c4-4b18-9faa-0dd968bdcd8b', 'f40bd6b8-d2a2-4477-9a06-f63801df53aa'),
	('b690e247-bc0b-4a45-af44-e6025b811461', '2024-06-16 21:49:12', '2024-06-16 21:49:12', '37055edb-e031-4d52-b2d3-12ab9bf3f0fb', 'dbd340ed-57db-47f1-abad-8e0ad4c9c1f9'),
	('b9911a25-73a8-4893-84d1-10a29bfe5e4b', '2024-06-17 20:58:13', '2024-06-17 20:58:13', '23f2ba67-b4d1-4cac-a302-dcc8ae250b35', '5769a425-b10b-4892-a839-b9336dc8aabb'),
	('be623510-6d68-4f3f-a5e0-0854ea7579e8', '2024-06-16 21:39:58', '2024-06-16 21:39:58', '9fb63d23-3a69-4356-bf3d-b19461d4970a', 'f40bd6b8-d2a2-4477-9a06-f63801df53aa'),
	('c0ada0bd-0d47-4c8d-aa36-4a4f27bd223b', '2024-06-16 21:49:12', '2024-06-16 21:49:12', 'fe50c05f-4089-4802-a241-c4d9b1a8de8a', 'dbd340ed-57db-47f1-abad-8e0ad4c9c1f9'),
	('c3099941-dc25-454c-86db-02e403569c84', '2024-06-17 20:58:13', '2024-06-17 20:58:13', '395b7a93-d338-4520-80bc-43fddbc296b1', '5769a425-b10b-4892-a839-b9336dc8aabb'),
	('c9780bdd-f2c5-41d7-b5c8-14a286887cf7', '2024-06-16 21:49:12', '2024-06-16 21:49:12', 'ed62bddf-9420-49f5-a564-1a1583aa732f', 'dbd340ed-57db-47f1-abad-8e0ad4c9c1f9'),
	('cb11b256-2625-4dba-9adb-f01a0d947566', '2024-06-16 21:49:12', '2024-06-16 21:49:12', 'd210e370-85fd-45be-bfef-215842e41b1e', 'dbd340ed-57db-47f1-abad-8e0ad4c9c1f9'),
	('cc859f5b-8649-40a4-ad80-5511b4f04127', '2024-06-17 20:58:13', '2024-06-17 20:58:13', 'ed62bddf-9420-49f5-a564-1a1583aa732f', '5769a425-b10b-4892-a839-b9336dc8aabb'),
	('ce719a20-15b2-471f-be98-0439490f52e8', '2024-06-16 21:39:58', '2024-06-16 21:39:58', 'd210e370-85fd-45be-bfef-215842e41b1e', 'f40bd6b8-d2a2-4477-9a06-f63801df53aa'),
	('cee08b38-4ec8-42e3-ba4a-d1d113d895df', '2024-06-17 20:58:13', '2024-06-17 20:58:13', '37055edb-e031-4d52-b2d3-12ab9bf3f0fb', '5769a425-b10b-4892-a839-b9336dc8aabb'),
	('da5a5bdd-c793-4efc-b5e1-a4d5b22710a0', '2024-06-17 20:58:13', '2024-06-17 20:58:13', '51bdb86b-0f7b-464a-91c7-7dca49695971', '5769a425-b10b-4892-a839-b9336dc8aabb'),
	('db2ea726-a66b-4a15-8808-b8fd8547ad58', '2024-06-17 20:58:13', '2024-06-17 20:58:13', 'ad1bb773-2d0f-4932-985b-de325ad6ed2f', '5769a425-b10b-4892-a839-b9336dc8aabb'),
	('e15ef8ed-5c41-4e4c-ab4c-a1085429273d', '2024-06-16 21:39:58', '2024-06-16 21:39:58', 'bad8b3b3-3eb5-494d-b97f-ad1d9b2b8e92', 'f40bd6b8-d2a2-4477-9a06-f63801df53aa'),
	('e63d6bc3-3336-40b6-a5fb-e2d90373fdff', '2024-06-17 20:58:13', '2024-06-17 20:58:13', 'd210e370-85fd-45be-bfef-215842e41b1e', '5769a425-b10b-4892-a839-b9336dc8aabb'),
	('eddbf637-ad04-4311-9186-a2e15ca5099d', '2024-06-16 21:49:12', '2024-06-16 21:49:12', '51bdb86b-0f7b-464a-91c7-7dca49695971', 'dbd340ed-57db-47f1-abad-8e0ad4c9c1f9'),
	('efd199dc-2678-476b-9bef-924081eafbc9', '2024-06-16 21:39:58', '2024-06-16 21:39:58', '37055edb-e031-4d52-b2d3-12ab9bf3f0fb', 'f40bd6b8-d2a2-4477-9a06-f63801df53aa'),
	('f0064242-d206-4bf2-8986-a2db424673fc', '2024-06-16 21:39:58', '2024-06-16 21:39:58', 'ad1bb773-2d0f-4932-985b-de325ad6ed2f', 'f40bd6b8-d2a2-4477-9a06-f63801df53aa'),
	('f4b1c686-54fc-43c2-8efa-ea7f4e411b48', '2024-06-16 21:49:12', '2024-06-16 21:49:12', '58bb9506-7c9a-4d93-a453-df1f58a7939d', 'dbd340ed-57db-47f1-abad-8e0ad4c9c1f9'),
	('f9ce6b89-1540-4573-820d-17fc287edda9', '2024-06-16 21:49:12', '2024-06-16 21:49:12', 'ad1bb773-2d0f-4932-985b-de325ad6ed2f', 'dbd340ed-57db-47f1-abad-8e0ad4c9c1f9'),
	('fb9736e3-e862-4955-8084-81313895d9c7', '2024-06-16 21:39:58', '2024-06-16 21:39:58', 'a39cc5f4-4053-4d25-9c64-8483465013fa', 'f40bd6b8-d2a2-4477-9a06-f63801df53aa'),
	('ffabb475-52a7-489f-a955-94a39d4cad4e', '2024-06-16 21:39:58', '2024-06-16 21:39:58', 'b5e09818-7337-4187-bb07-24ce63d039d2', 'f40bd6b8-d2a2-4477-9a06-f63801df53aa');

-- Dumping structure for table manage_graduation_se_iuh.majors
CREATE TABLE IF NOT EXISTS `majors` (
  `id` char(36) CHARACTER SET utf8mb4 COLLATE utf8mb4_bin NOT NULL,
  `name` varchar(255) NOT NULL,
  `created_at` datetime NOT NULL,
  `updated_at` datetime NOT NULL,
  PRIMARY KEY (`id`)
) ENGINE=InnoDB DEFAULT CHARSET=utf8mb4 COLLATE=utf8mb4_general_ci;

-- Dumping data for table manage_graduation_se_iuh.majors: ~0 rows (approximately)
INSERT INTO `majors` (`id`, `name`, `created_at`, `updated_at`) VALUES
	('2d1961b7-3ee4-48af-8de9-6eb83d3a235c', 'H thng thng tin', '2024-06-12 16:26:31', '2024-06-12 16:26:31'),
	('67530b71-04c2-4178-b85a-bbe54d436bec', 'Cng ngh thng tin', '2024-06-12 16:26:44', '2024-06-12 16:26:44'),
	('7c4dac41-bb68-4bd0-90db-358a5dc67df2', 'Khoa hc my tnh', '2024-06-12 16:27:04', '2024-06-12 16:27:04'),
	('e4fe02cb-f2b0-4afa-885d-d1b93130d350', 'K thut phn mm', '2024-06-12 16:26:50', '2024-06-12 16:26:50'),
	('fd81793a-2a0a-494d-8d08-d8faf95db82c', 'Khoa hc d liu', '2024-06-12 16:27:19', '2024-06-12 16:27:19');

-- Dumping structure for table manage_graduation_se_iuh.notification_lecturers
CREATE TABLE IF NOT EXISTS `notification_lecturers` (
  `id` char(36) CHARACTER SET utf8mb4 COLLATE utf8mb4_bin NOT NULL,
  `message` varchar(255) NOT NULL,
  `is_read` tinyint(1) NOT NULL DEFAULT 0,
  `created_at` datetime NOT NULL,
  `updated_at` datetime NOT NULL,
  `lecturer_id` char(36) CHARACTER SET utf8mb4 COLLATE utf8mb4_bin DEFAULT NULL,
  PRIMARY KEY (`id`),
  KEY `lecturer_id` (`lecturer_id`),
  CONSTRAINT `notification_lecturers_ibfk_1` FOREIGN KEY (`lecturer_id`) REFERENCES `lecturers` (`id`) ON DELETE SET NULL ON UPDATE CASCADE
) ENGINE=InnoDB DEFAULT CHARSET=utf8mb4 COLLATE=utf8mb4_general_ci;

-- Dumping data for table manage_graduation_se_iuh.notification_lecturers: ~0 rows (approximately)

-- Dumping structure for table manage_graduation_se_iuh.notification_students
CREATE TABLE IF NOT EXISTS `notification_students` (
  `id` char(36) CHARACTER SET utf8mb4 COLLATE utf8mb4_bin NOT NULL,
  `message` varchar(255) NOT NULL,
  `is_read` tinyint(1) NOT NULL DEFAULT 0,
  `created_at` datetime NOT NULL,
  `updated_at` datetime NOT NULL,
  `student_id` char(36) CHARACTER SET utf8mb4 COLLATE utf8mb4_bin DEFAULT NULL,
  PRIMARY KEY (`id`),
  KEY `student_id` (`student_id`),
  CONSTRAINT `notification_students_ibfk_1` FOREIGN KEY (`student_id`) REFERENCES `students` (`id`) ON DELETE SET NULL ON UPDATE CASCADE
) ENGINE=InnoDB DEFAULT CHARSET=utf8mb4 COLLATE=utf8mb4_general_ci;

-- Dumping data for table manage_graduation_se_iuh.notification_students: ~0 rows (approximately)

-- Dumping structure for table manage_graduation_se_iuh.students
CREATE TABLE IF NOT EXISTS `students` (
  `id` char(36) CHARACTER SET utf8mb4 COLLATE utf8mb4_bin NOT NULL,
  `username` varchar(255) NOT NULL,
  `password` varchar(255) NOT NULL,
  `full_name` varchar(255) NOT NULL,
  `avatar` varchar(255) DEFAULT NULL,
  `phone` varchar(255) DEFAULT NULL,
  `email` varchar(255) DEFAULT NULL,
  `gender` enum('MALE','FEMALE') DEFAULT NULL,
  `date_of_birth` datetime DEFAULT NULL,
  `clazz_name` varchar(255) DEFAULT NULL,
  `type_training` enum('COLLEGE','UNIVERSITY') NOT NULL DEFAULT 'UNIVERSITY',
  `is_active` tinyint(1) NOT NULL DEFAULT 1,
  `created_at` datetime NOT NULL,
  `updated_at` datetime NOT NULL,
  `major_id` char(36) CHARACTER SET utf8mb4 COLLATE utf8mb4_bin DEFAULT NULL,
  PRIMARY KEY (`id`),
  UNIQUE KEY `username` (`username`),
  KEY `major_id` (`major_id`),
  CONSTRAINT `students_ibfk_1` FOREIGN KEY (`major_id`) REFERENCES `majors` (`id`) ON DELETE SET NULL ON UPDATE CASCADE
) ENGINE=InnoDB DEFAULT CHARSET=utf8mb4 COLLATE=utf8mb4_general_ci;

-- Dumping data for table manage_graduation_se_iuh.students: ~50 rows (approximately)
INSERT INTO `students` (`id`, `username`, `password`, `full_name`, `avatar`, `phone`, `email`, `gender`, `date_of_birth`, `clazz_name`, `type_training`, `is_active`, `created_at`, `updated_at`, `major_id`) VALUES
	('004cd1df-88a2-47da-9198-56bb130bb42b', '19508981', '$2b$10$KW0VMOkdWMOtzzhkEyZb3.VGwM0vZB9qUnRol6mNI41XArtN8bLOm', 'Nguyn Vn Hong', NULL, '0973704198', NULL, 'MALE', '2001-11-25 07:00:00', 'DHKTPM15B', 'UNIVERSITY', 0, '2024-06-13 16:11:02', '2024-06-17 20:59:02', 'e4fe02cb-f2b0-4afa-885d-d1b93130d350'),
	('04ff99c4-92ec-4644-a966-d74a826eb2e7', '19495741', '$2b$10$KW0VMOkdWMOtzzhkEyZb3.VGwM0vZB9qUnRol6mNI41XArtN8bLOm', 'L Minh Quang', NULL, '0364835692', 'quang82thcspb@gmail.com', 'MALE', '2001-09-02 07:00:00', 'DHKTPM15B', 'UNIVERSITY', 1, '2024-06-13 16:11:02', '2024-06-14 22:24:52', 'e4fe02cb-f2b0-4afa-885d-d1b93130d350'),
	('0903b06f-8ab3-4d9e-81ff-e6e3d136789a', '19501261', '$2b$10$KW0VMOkdWMOtzzhkEyZb3.VGwM0vZB9qUnRol6mNI41XArtN8bLOm', 'M V', NULL, '0931866264', 'vu@gmail.com', 'FEMALE', '2000-05-24 07:00:00', 'DHKTPM15B', 'UNIVERSITY', 1, '2024-06-13 16:11:02', '2024-06-17 21:53:10', 'e4fe02cb-f2b0-4afa-885d-d1b93130d350'),
	('09ef9791-eadc-4042-abdc-664085806875', '19497751', '$2b$10$KW0VMOkdWMOtzzhkEyZb3.VGwM0vZB9qUnRol6mNI41XArtN8bLOm', 'Trn Vinh Quang', NULL, '0387383927', NULL, 'MALE', '2001-07-13 07:00:00', 'DHKTPM15B', 'UNIVERSITY', 1, '2024-06-13 16:11:02', '2024-06-13 16:11:02', 'e4fe02cb-f2b0-4afa-885d-d1b93130d350'),
	('17c1885c-d039-431b-9289-3df16312947a', '19432841', '$2b$10$KW0VMOkdWMOtzzhkEyZb3.VGwM0vZB9qUnRol6mNI41XArtN8bLOm', 'Phan Thanh Phong', NULL, '0375559875', NULL, 'MALE', '2001-11-15 07:00:00', 'DHKTPM15A', 'UNIVERSITY', 1, '2024-06-13 16:11:02', '2024-06-13 16:11:02', 'e4fe02cb-f2b0-4afa-885d-d1b93130d350'),
	('1be9e6d3-854b-4b76-92c1-9197018a3a4f', '19508311', '$2b$10$KW0VMOkdWMOtzzhkEyZb3.VGwM0vZB9qUnRol6mNI41XArtN8bLOm', 'Trn Vn S', NULL, '0822159420', NULL, 'MALE', '2001-05-22 07:00:00', 'DHKTPM15B', 'UNIVERSITY', 1, '2024-06-13 16:11:02', '2024-06-13 16:11:02', 'e4fe02cb-f2b0-4afa-885d-d1b93130d350'),
	('1d4dc4de-2447-48ad-b2de-94d350c17e60', '19486011', '$2b$10$KW0VMOkdWMOtzzhkEyZb3.VGwM0vZB9qUnRol6mNI41XArtN8bLOm', 'Phan V Trng', NULL, '0394 932 438', NULL, 'MALE', '2001-03-05 07:00:00', 'DHKTPM15A', 'UNIVERSITY', 1, '2024-06-13 16:11:02', '2024-06-13 16:11:02', 'e4fe02cb-f2b0-4afa-885d-d1b93130d350'),
	('1f613fe4-1b7e-4993-a7af-1538c28073b4', '19432121', '$2b$10$KW0VMOkdWMOtzzhkEyZb3.VGwM0vZB9qUnRol6mNI41XArtN8bLOm', 'Phm L Khnh Duy', NULL, '0793464997', NULL, 'MALE', '2001-08-24 07:00:00', 'DHKTPM15A', 'UNIVERSITY', 1, '2024-06-13 16:11:02', '2024-06-13 16:11:02', 'e4fe02cb-f2b0-4afa-885d-d1b93130d350'),
	('2272d3b2-9d06-4271-93da-94b96919772d', '19524231', '$2b$10$KW0VMOkdWMOtzzhkEyZb3.VGwM0vZB9qUnRol6mNI41XArtN8bLOm', 'Nguyn Huy Nam', NULL, '0932669483', NULL, 'MALE', '2001-01-26 07:00:00', 'DHKTPM15A', 'UNIVERSITY', 1, '2024-06-13 16:11:02', '2024-06-17 17:58:22', 'e4fe02cb-f2b0-4afa-885d-d1b93130d350'),
	('2a345faf-510c-449d-b6f6-68f0eee15ca7', '19502521', '$2b$10$KW0VMOkdWMOtzzhkEyZb3.VGwM0vZB9qUnRol6mNI41XArtN8bLOm', 'T c Hiu', NULL, '0372460109', NULL, 'MALE', '2001-10-20 07:00:00', 'DHKTPM15B', 'UNIVERSITY', 1, '2024-06-13 16:11:02', '2024-06-13 16:11:02', 'e4fe02cb-f2b0-4afa-885d-d1b93130d350'),
	('2ac39c74-cc2a-4d76-a289-8f253a6ade4a', '19476651', '$2b$10$KW0VMOkdWMOtzzhkEyZb3.VGwM0vZB9qUnRol6mNI41XArtN8bLOm', 'Nguyn Trng Ph', NULL, '0386267998', NULL, 'MALE', '2001-07-26 07:00:00', 'DHKTPM15A', 'UNIVERSITY', 1, '2024-06-13 16:11:02', '2024-06-13 16:11:02', 'e4fe02cb-f2b0-4afa-885d-d1b93130d350'),
	('312fccc2-ebc4-4fe6-ac3f-9ae8e80afbd2', '19470491', '$2b$10$KW0VMOkdWMOtzzhkEyZb3.VGwM0vZB9qUnRol6mNI41XArtN8bLOm', 'Tng Gia Huy', NULL, '0902642161', NULL, 'MALE', '2001-12-02 07:00:00', 'DHKTPM15B', 'UNIVERSITY', 1, '2024-06-13 16:11:02', '2024-06-13 16:11:02', 'e4fe02cb-f2b0-4afa-885d-d1b93130d350'),
	('315ecde9-fb12-4b7f-8ade-a24f6db0476d', '19469221', '$2b$10$KW0VMOkdWMOtzzhkEyZb3.VGwM0vZB9qUnRol6mNI41XArtN8bLOm', 'Phm Phc Duyn', NULL, '0973087171', NULL, 'FEMALE', '2001-02-10 07:00:00', 'DHKTPM15A', 'UNIVERSITY', 1, '2024-06-13 16:11:02', '2024-06-13 16:11:02', 'e4fe02cb-f2b0-4afa-885d-d1b93130d350'),
	('3d90c9a4-76c3-4840-822f-da67572719f9', '19518901', '$2b$10$KW0VMOkdWMOtzzhkEyZb3.VGwM0vZB9qUnRol6mNI41XArtN8bLOm', 'H Cng Vit', NULL, '0983586953', NULL, 'MALE', '2001-05-02 07:00:00', 'DHKTPM15B', 'UNIVERSITY', 0, '2024-06-13 16:11:02', '2024-06-17 20:58:44', 'e4fe02cb-f2b0-4afa-885d-d1b93130d350'),
	('411fb889-af68-494b-8b53-725156f72a33', '19525742', '$2b$10$KW0VMOkdWMOtzzhkEyZb3.VGwM0vZB9qUnRol6mNI41XArtN8bLOm', 'Trn Nguyn Kha Hong', NULL, '0972211750', NULL, 'MALE', '2002-04-30 07:00:00', 'DHKTPM15C', 'UNIVERSITY', 1, '2024-06-13 16:11:02', '2024-06-13 16:11:02', 'e4fe02cb-f2b0-4afa-885d-d1b93130d350'),
	('4679f35a-3143-45af-84ea-d53bb266efdb', '19516911', '$2b$10$KW0VMOkdWMOtzzhkEyZb3.VGwM0vZB9qUnRol6mNI41XArtN8bLOm', 'Nguyn Hong Qun', NULL, '0372253664', NULL, 'MALE', '2001-08-02 07:00:00', 'DHKTPM15B', 'UNIVERSITY', 1, '2024-06-13 16:11:02', '2024-06-13 16:11:02', 'e4fe02cb-f2b0-4afa-885d-d1b93130d350'),
	('4ddacbff-5420-43d0-a2e8-3704ebfd5036', '19485331', '$2b$10$KW0VMOkdWMOtzzhkEyZb3.VGwM0vZB9qUnRol6mNI41XArtN8bLOm', 'Nguyn Trng Qu', NULL, '0345634374', NULL, 'MALE', '2001-09-11 07:00:00', 'DHKTPM15A', 'UNIVERSITY', 1, '2024-06-13 16:11:02', '2024-06-17 17:53:43', 'e4fe02cb-f2b0-4afa-885d-d1b93130d350'),
	('4df7c441-7a1a-4dd7-a0ee-4b1b8de8ffd2', '21089149', '$2b$10$vfbIjXlM7apuVSZqk9msruvALVVcWf5PYCQ3YgerJyk645IlkmSNi', 'Le Minh Quang', NULL, '338618229', NULL, 'MALE', '2001-05-17 07:00:00', 'DHKTPM20B', 'UNIVERSITY', 1, '2024-06-13 16:14:45', '2024-06-13 16:14:45', 'e4fe02cb-f2b0-4afa-885d-d1b93130d350'),
	('5655adef-1dd6-41cf-b4d0-bbf1641c271e', '19487901', '$2b$10$KW0VMOkdWMOtzzhkEyZb3.VGwM0vZB9qUnRol6mNI41XArtN8bLOm', 'Phm Hu Quc Ton', NULL, '0867981145', NULL, 'MALE', '2001-10-14 07:00:00', 'DHKTPM15A', 'UNIVERSITY', 1, '2024-06-13 16:11:02', '2024-06-13 16:11:02', 'e4fe02cb-f2b0-4afa-885d-d1b93130d350'),
	('5f42e20e-31fc-4256-a30e-ddf80661bc12', '19495701', '$2b$10$KW0VMOkdWMOtzzhkEyZb3.VGwM0vZB9qUnRol6mNI41XArtN8bLOm', 'Nguyn Anh Khoa', NULL, '0339194695', NULL, 'MALE', '2001-01-16 07:00:00', 'DHKTPM15B', 'UNIVERSITY', 1, '2024-06-13 16:11:02', '2024-06-17 17:53:46', 'e4fe02cb-f2b0-4afa-885d-d1b93130d350'),
	('60810b65-cad6-4bab-bde0-20c3eb3d348d', '19524301', '$2b$10$KW0VMOkdWMOtzzhkEyZb3.VGwM0vZB9qUnRol6mNI41XArtN8bLOm', 'T Th Minh Hng', NULL, '0387267892', NULL, 'FEMALE', '2001-12-16 07:00:00', 'DHKTPM15B', 'UNIVERSITY', 1, '2024-06-13 16:11:02', '2024-06-13 16:11:02', 'e4fe02cb-f2b0-4afa-885d-d1b93130d350'),
	('684fa933-d59a-465f-838e-7fb1c64432fb', '19498091', '$2b$10$KW0VMOkdWMOtzzhkEyZb3.VGwM0vZB9qUnRol6mNI41XArtN8bLOm', 'Phm Hu Ti', NULL, '0917482790', NULL, 'MALE', '2001-03-24 07:00:00', 'DHKTPM15B', 'UNIVERSITY', 1, '2024-06-13 16:11:02', '2024-06-13 16:11:02', 'e4fe02cb-f2b0-4afa-885d-d1b93130d350'),
	('68ade193-a6fa-4643-8f22-84dbcd453a85', '19525741', '$2b$10$KW0VMOkdWMOtzzhkEyZb3.VGwM0vZB9qUnRol6mNI41XArtN8bLOm', 'Trn Nguyn Kha V', NULL, '0972211749', NULL, 'MALE', '2001-04-30 07:00:00', 'DHKTPM15A', 'UNIVERSITY', 0, '2024-06-13 16:11:02', '2024-06-17 20:58:53', 'e4fe02cb-f2b0-4afa-885d-d1b93130d350'),
	('71c7947c-61e4-44c6-9116-06edc64c796d', '19434851', '$2b$10$KW0VMOkdWMOtzzhkEyZb3.VGwM0vZB9qUnRol6mNI41XArtN8bLOm', 'Trn Minh Hiu', NULL, '0869648453', NULL, 'MALE', '2001-09-24 07:00:00', 'DHKTPM15A', 'UNIVERSITY', 1, '2024-06-13 16:11:02', '2024-06-13 16:11:02', 'e4fe02cb-f2b0-4afa-885d-d1b93130d350'),
	('7b5f09af-63b9-4170-995b-0b8106ec9535', '19431331', '$2b$10$KW0VMOkdWMOtzzhkEyZb3.VGwM0vZB9qUnRol6mNI41XArtN8bLOm', 'Huynh Duy Kha', NULL, '0833352650', NULL, 'MALE', '2001-10-28 07:00:00', 'DHKTPM15A', 'UNIVERSITY', 1, '2024-06-13 16:11:02', '2024-06-17 17:58:19', 'e4fe02cb-f2b0-4afa-885d-d1b93130d350'),
	('82ee573a-22b1-4d3d-a1da-2d23548d3234', '19446101', '$2b$10$KW0VMOkdWMOtzzhkEyZb3.VGwM0vZB9qUnRol6mNI41XArtN8bLOm', 'Phm Thnh t', NULL, '0339686430', NULL, 'MALE', '2001-01-02 07:00:00', 'DHKTPM15B', 'UNIVERSITY', 1, '2024-06-13 16:11:02', '2024-06-17 17:58:24', 'e4fe02cb-f2b0-4afa-885d-d1b93130d350'),
	('8460be43-7a74-44c3-b294-21ba94c9bff5', '19475251', '$2b$10$KW0VMOkdWMOtzzhkEyZb3.VGwM0vZB9qUnRol6mNI41XArtN8bLOm', 'Tng Thanh c', NULL, '0983518610', NULL, 'MALE', '2001-07-22 07:00:00', 'DHKTPM15A', 'UNIVERSITY', 1, '2024-06-13 16:11:02', '2024-06-13 16:11:02', 'e4fe02cb-f2b0-4afa-885d-d1b93130d350'),
	('8784afff-7308-4420-b8e3-c5e6dcf5c8d9', '19429061', '$2b$10$KW0VMOkdWMOtzzhkEyZb3.VGwM0vZB9qUnRol6mNI41XArtN8bLOm', 'Phm Hong Huy', NULL, '0964505517', NULL, 'MALE', '2001-01-18 07:00:00', 'DHKTPM15A', 'UNIVERSITY', 1, '2024-06-13 16:11:02', '2024-06-13 16:11:02', 'e4fe02cb-f2b0-4afa-885d-d1b93130d350'),
	('89e98872-a38d-4cb5-96a2-a04370295b32', '19481331', '$2b$10$KW0VMOkdWMOtzzhkEyZb3.VGwM0vZB9qUnRol6mNI41XArtN8bLOm', 'Nguyn Thnh Nh', NULL, '0364835692', 'quang82thcspb@gmail.com', 'MALE', '2001-05-01 07:00:00', 'DHKTPM15A', 'UNIVERSITY', 1, '2024-06-13 16:11:02', '2024-06-16 21:53:08', 'e4fe02cb-f2b0-4afa-885d-d1b93130d350'),
	('8e06e316-ced9-40be-814c-5f21407aac6b', '19478651', '$2b$10$KW0VMOkdWMOtzzhkEyZb3.VGwM0vZB9qUnRol6mNI41XArtN8bLOm', 'Nguyn Hong V', NULL, '0919602469', NULL, 'MALE', '2001-01-05 07:00:00', 'DHKTPM15A', 'UNIVERSITY', 1, '2024-06-13 16:11:02', '2024-06-13 16:11:02', 'e4fe02cb-f2b0-4afa-885d-d1b93130d350'),
	('904b83a0-8b24-43d7-babb-8cd3eaab2a3f', '19508751', '$2b$10$KW0VMOkdWMOtzzhkEyZb3.VGwM0vZB9qUnRol6mNI41XArtN8bLOm', 'L Ch Sn', NULL, '0378390223', NULL, 'MALE', '2001-04-26 07:00:00', 'DHKTPM15B', 'UNIVERSITY', 1, '2024-06-13 16:11:02', '2024-06-13 16:11:02', 'e4fe02cb-f2b0-4afa-885d-d1b93130d350'),
	('a00b740d-d486-4b84-a45a-b4e98441248b', '19522981', '$2b$10$KW0VMOkdWMOtzzhkEyZb3.VGwM0vZB9qUnRol6mNI41XArtN8bLOm', 'Nguyn Duy Hiu', NULL, '0368783161', NULL, 'MALE', '2001-05-17 07:00:00', 'DHKTPM15B', 'UNIVERSITY', 1, '2024-06-13 16:11:02', '2024-06-13 16:11:02', 'e4fe02cb-f2b0-4afa-885d-d1b93130d350'),
	('a58e8928-9916-4df1-801f-45a2516844a5', '19470041', '$2b$10$KW0VMOkdWMOtzzhkEyZb3.VGwM0vZB9qUnRol6mNI41XArtN8bLOm', 'Nguyn Hunh Ch Bo', NULL, '0338618229', NULL, 'MALE', '2001-01-04 07:00:00', 'DHKTPM15B', 'UNIVERSITY', 1, '2024-06-13 16:11:02', '2024-06-13 16:11:02', 'e4fe02cb-f2b0-4afa-885d-d1b93130d350'),
	('ab675d06-5aa2-46f7-aa9a-cd7425bd5920', '19525251', '$2b$10$KW0VMOkdWMOtzzhkEyZb3.VGwM0vZB9qUnRol6mNI41XArtN8bLOm', 'Nguyn nh Trng', NULL, '0378785836', NULL, 'MALE', '2000-06-11 07:00:00', 'DHKTPM15B', 'UNIVERSITY', 1, '2024-06-13 16:11:02', '2024-06-13 16:11:02', 'e4fe02cb-f2b0-4afa-885d-d1b93130d350'),
	('b8df8187-f8aa-4189-9d67-64040597c0c0', '19520901', '$2b$10$KW0VMOkdWMOtzzhkEyZb3.VGwM0vZB9qUnRol6mNI41XArtN8bLOm', 'Nguyn Ngc Hun', NULL, '0974822904', NULL, 'MALE', '2001-10-02 07:00:00', 'DHKTPM15A', 'UNIVERSITY', 0, '2024-06-13 16:11:02', '2024-06-17 20:58:58', 'e4fe02cb-f2b0-4afa-885d-d1b93130d350'),
	('bc17b597-3bee-410d-8697-9a31ee837925', '19482171', '$2b$10$KW0VMOkdWMOtzzhkEyZb3.VGwM0vZB9qUnRol6mNI41XArtN8bLOm', 'V Phc Lu', NULL, '0333751890', NULL, 'MALE', '2001-02-07 07:00:00', 'DHKTPM15A', 'UNIVERSITY', 1, '2024-06-13 16:11:02', '2024-06-17 21:07:08', 'e4fe02cb-f2b0-4afa-885d-d1b93130d350'),
	('bdc49808-d4b0-4dc5-b3c6-e10cc58dcc4b', '19495921', '$2b$10$KW0VMOkdWMOtzzhkEyZb3.VGwM0vZB9qUnRol6mNI41XArtN8bLOm', 'Ng Hu Ngh', NULL, '0378929240', NULL, 'MALE', '2001-05-20 07:00:00', 'DHKTPM15B', 'UNIVERSITY', 1, '2024-06-13 16:11:02', '2024-06-13 16:11:02', 'e4fe02cb-f2b0-4afa-885d-d1b93130d350'),
	('d4dd648b-268f-4fbf-8ec4-8ce0fe7cd2e6', '19439251', '$2b$10$KW0VMOkdWMOtzzhkEyZb3.VGwM0vZB9qUnRol6mNI41XArtN8bLOm', 'L Quang t', NULL, '0867490052', NULL, 'MALE', '2001-05-17 07:00:00', 'DHKTPM15A', 'UNIVERSITY', 0, '2024-06-13 16:11:02', '2024-06-17 20:58:35', 'e4fe02cb-f2b0-4afa-885d-d1b93130d350'),
	('d93700f0-97db-48ac-a283-82145a9e4e8b', '19480271', '$2b$10$KW0VMOkdWMOtzzhkEyZb3.VGwM0vZB9qUnRol6mNI41XArtN8bLOm', 'V Huy Hong', NULL, '0917789964', NULL, 'MALE', '2001-02-26 07:00:00', 'DHKTPM15A', 'UNIVERSITY', 0, '2024-06-13 16:11:02', '2024-06-17 20:58:56', 'e4fe02cb-f2b0-4afa-885d-d1b93130d350'),
	('d99462b3-13c4-41d4-9d2e-a7ead5aac437', '18062811', '$2b$10$KW0VMOkdWMOtzzhkEyZb3.VGwM0vZB9qUnRol6mNI41XArtN8bLOm', 'Nguyn Th Thanh Thy', NULL, '0334838641', NULL, 'FEMALE', '2000-05-05 07:00:00', 'DHKTPM14', 'UNIVERSITY', 1, '2024-06-13 16:11:02', '2024-06-17 17:53:48', 'e4fe02cb-f2b0-4afa-885d-d1b93130d350'),
	('d9ca3ebc-9dc2-4b40-a5a3-a2ec38a320ef', '19509301', '$2b$10$KW0VMOkdWMOtzzhkEyZb3.VGwM0vZB9qUnRol6mNI41XArtN8bLOm', 'Trn Bo D', NULL, '0345136453', NULL, 'MALE', '2001-02-16 07:00:00', 'DHKTPM15B', 'UNIVERSITY', 1, '2024-06-13 16:11:02', '2024-06-13 16:11:02', 'e4fe02cb-f2b0-4afa-885d-d1b93130d350'),
	('dba534da-3315-4c0c-b8c5-939f8a5396c7', '19483821', '$2b$10$KW0VMOkdWMOtzzhkEyZb3.VGwM0vZB9qUnRol6mNI41XArtN8bLOm', 'Nguyn Vn Pht', NULL, '0798522149', NULL, 'MALE', '2001-01-10 07:00:00', 'DHKTPM15A', 'UNIVERSITY', 1, '2024-06-13 16:11:02', '2024-06-13 16:11:02', 'e4fe02cb-f2b0-4afa-885d-d1b93130d350'),
	('dd60fd7b-b486-460b-b5cf-358c57836f5b', '19476751', '$2b$10$KW0VMOkdWMOtzzhkEyZb3.VGwM0vZB9qUnRol6mNI41XArtN8bLOm', 'Ng Trng Giang', NULL, '0838607012', NULL, 'MALE', '2001-09-14 07:00:00', 'DHKTPM15A', 'UNIVERSITY', 1, '2024-06-13 16:11:02', '2024-06-17 21:52:10', 'e4fe02cb-f2b0-4afa-885d-d1b93130d350'),
	('e20b1a4c-0165-4f38-b0a2-e96669add2cd', '19481471', '$2b$10$KW0VMOkdWMOtzzhkEyZb3.VGwM0vZB9qUnRol6mNI41XArtN8bLOm', 'Nguyn Dng Minh Huy', NULL, '0342409507', NULL, 'MALE', '2001-06-10 07:00:00', 'DHKTPM15A', 'UNIVERSITY', 1, '2024-06-13 16:11:02', '2024-06-17 17:58:20', 'e4fe02cb-f2b0-4afa-885d-d1b93130d350'),
	('e5224242-4685-4b1a-ae94-b31ff50e23a4', '19473311', '$2b$10$KW0VMOkdWMOtzzhkEyZb3.VGwM0vZB9qUnRol6mNI41XArtN8bLOm', 'V Quang Huy', NULL, '0984218514', NULL, 'MALE', '2001-02-18 07:00:00', 'DHKTPM15A', 'UNIVERSITY', 1, '2024-06-13 16:11:02', '2024-06-13 16:11:02', 'e4fe02cb-f2b0-4afa-885d-d1b93130d350'),
	('e8cbe748-36ab-457f-96f2-0ac31b79e660', '19518101', '$2b$10$KW0VMOkdWMOtzzhkEyZb3.VGwM0vZB9qUnRol6mNI41XArtN8bLOm', 'Nguyn Minh Thun', NULL, '0817808173', NULL, 'MALE', '2001-12-07 07:00:00', 'DHKTPM15B', 'UNIVERSITY', 1, '2024-06-13 16:11:02', '2024-06-13 16:11:02', 'e4fe02cb-f2b0-4afa-885d-d1b93130d350'),
	('f32d80db-dbb7-4c83-ba1d-58d25b46778c', '19507801', '$2b$10$KW0VMOkdWMOtzzhkEyZb3.VGwM0vZB9qUnRol6mNI41XArtN8bLOm', 'ng Vn Sng', NULL, '0346204298', NULL, 'MALE', '2001-03-05 07:00:00', 'DHKTPM15B', 'UNIVERSITY', 1, '2024-06-13 16:11:02', '2024-06-13 16:11:02', 'e4fe02cb-f2b0-4afa-885d-d1b93130d350'),
	('fa85383e-4409-4b9b-bbdb-29994a16c8af', '19503881', '$2b$10$KW0VMOkdWMOtzzhkEyZb3.VGwM0vZB9qUnRol6mNI41XArtN8bLOm', 'L Khoa Vn', NULL, '0963325802', NULL, 'MALE', '2001-10-29 07:00:00', 'DHKTPM15B', 'UNIVERSITY', 1, '2024-06-13 16:11:02', '2024-06-13 16:11:02', 'e4fe02cb-f2b0-4afa-885d-d1b93130d350'),
	('fd61987f-7091-44e2-bb15-3a07c26ceab6', '19435491', '$2b$10$KW0VMOkdWMOtzzhkEyZb3.VGwM0vZB9qUnRol6mNI41XArtN8bLOm', 'Hong Tin Mnh c', NULL, '0334548131', NULL, 'MALE', '2001-05-12 07:00:00', 'DHKTPM15A', 'UNIVERSITY', 1, '2024-06-13 16:11:02', '2024-06-13 16:11:02', 'e4fe02cb-f2b0-4afa-885d-d1b93130d350'),
	('fdd16288-e542-4e91-9049-61e183b264ac', '19520101', '$2b$10$KW0VMOkdWMOtzzhkEyZb3.VGwM0vZB9qUnRol6mNI41XArtN8bLOm', 'L Xun Ha', NULL, '0356415806', NULL, 'MALE', '2001-01-16 07:00:00', 'DHKTPM15B', 'UNIVERSITY', 1, '2024-06-13 16:11:02', '2024-06-13 16:11:02', 'e4fe02cb-f2b0-4afa-885d-d1b93130d350');

-- Dumping structure for table manage_graduation_se_iuh.student_terms
CREATE TABLE IF NOT EXISTS `student_terms` (
  `id` char(36) CHARACTER SET utf8mb4 COLLATE utf8mb4_bin NOT NULL,
  `status` enum('OPEN','FAIL_ADVISOR','FAIL_REVIEWER','FAIL_SESSION_HOST','PASS_ADVISOR','PASS_REVIEWER','PASS_SESSION_HOST') NOT NULL DEFAULT 'OPEN',
  `is_admin` tinyint(1) DEFAULT 0,
  `created_at` datetime NOT NULL,
  `updated_at` datetime NOT NULL,
  `term_id` char(36) CHARACTER SET utf8mb4 COLLATE utf8mb4_bin DEFAULT NULL,
  `group_student_id` char(36) CHARACTER SET utf8mb4 COLLATE utf8mb4_bin DEFAULT NULL,
  `student_id` char(36) CHARACTER SET utf8mb4 COLLATE utf8mb4_bin DEFAULT NULL,
  PRIMARY KEY (`id`),
  KEY `term_id` (`term_id`),
  KEY `group_student_id` (`group_student_id`),
  KEY `student_id` (`student_id`),
  CONSTRAINT `student_terms_ibfk_1` FOREIGN KEY (`term_id`) REFERENCES `terms` (`id`) ON DELETE SET NULL ON UPDATE CASCADE,
  CONSTRAINT `student_terms_ibfk_2` FOREIGN KEY (`group_student_id`) REFERENCES `group_students` (`id`) ON DELETE SET NULL ON UPDATE CASCADE,
  CONSTRAINT `student_terms_ibfk_3` FOREIGN KEY (`student_id`) REFERENCES `students` (`id`) ON DELETE SET NULL ON UPDATE CASCADE
) ENGINE=InnoDB DEFAULT CHARSET=utf8mb4 COLLATE=utf8mb4_general_ci;

-- Dumping data for table manage_graduation_se_iuh.student_terms: ~0 rows (approximately)
INSERT INTO `student_terms` (`id`, `status`, `is_admin`, `created_at`, `updated_at`, `term_id`, `group_student_id`, `student_id`) VALUES
	('00c31dc6-7893-4667-b496-145d820c7bef', 'OPEN', 0, '2024-06-14 22:23:15', '2024-06-14 22:23:15', 'dbd340ed-57db-47f1-abad-8e0ad4c9c1f9', NULL, '7b5f09af-63b9-4170-995b-0b8106ec9535'),
	('036f4369-65c5-4722-acbe-377a6982ff56', 'OPEN', 0, '2024-06-14 22:20:50', '2024-06-14 22:20:50', '7d98a855-d805-4122-8649-a6ebab007c86', '046a6a93-b56c-4120-b41a-72679bfe6c70', 'e8cbe748-36ab-457f-96f2-0ac31b79e660'),
	('0451026e-11d7-4946-bb2b-792096c0559a', 'OPEN', 0, '2024-06-14 22:22:51', '2024-06-14 22:22:51', '4e385168-5e79-42a1-8de5-a07f58e7c2a2', '046a6a93-b56c-4120-b41a-72679bfe6c70', '2ac39c74-cc2a-4d76-a289-8f253a6ade4a'),
	('04ff42c7-ffad-4279-bba0-234793da3b12', 'OPEN', 0, '2024-06-14 22:22:51', '2024-06-14 22:22:51', '4e385168-5e79-42a1-8de5-a07f58e7c2a2', NULL, '1f613fe4-1b7e-4993-a7af-1538c28073b4'),
	('05eb9e08-97ea-4e0a-a08e-de42a388f0ad', 'OPEN', 0, '2024-06-16 19:04:10', '2024-06-16 19:04:10', 'f40bd6b8-d2a2-4477-9a06-f63801df53aa', NULL, '82ee573a-22b1-4d3d-a1da-2d23548d3234'),
	('0632ee75-7a73-49c2-9a74-0a3de2b3a640', 'OPEN', 0, '2024-06-14 22:23:15', '2024-06-14 22:23:15', 'dbd340ed-57db-47f1-abad-8e0ad4c9c1f9', NULL, '004cd1df-88a2-47da-9198-56bb130bb42b'),
	('0739953f-395c-4999-9dac-21d81cbdd13a', 'OPEN', 0, '2024-06-13 16:11:02', '2024-06-13 16:11:02', '5769a425-b10b-4892-a839-b9336dc8aabb', NULL, 'bc17b597-3bee-410d-8697-9a31ee837925'),
	('075dd9e8-372a-4fab-bae4-0ff7b2e52bd6', 'OPEN', 0, '2024-06-13 16:11:02', '2024-06-13 16:11:02', '5769a425-b10b-4892-a839-b9336dc8aabb', NULL, 'a00b740d-d486-4b84-a45a-b4e98441248b'),
	('078d27d4-5bbb-430f-8ec2-ce8f3d7c2162', 'OPEN', 0, '2024-06-14 22:20:50', '2024-06-14 22:20:50', '7d98a855-d805-4122-8649-a6ebab007c86', NULL, 'd4dd648b-268f-4fbf-8ec4-8ce0fe7cd2e6'),
	('08043d25-fc07-4f31-87b1-203afa86f1ff', 'OPEN', 0, '2024-06-14 22:22:51', '2024-06-14 22:22:51', '4e385168-5e79-42a1-8de5-a07f58e7c2a2', NULL, '904b83a0-8b24-43d7-babb-8cd3eaab2a3f'),
	('09de3242-bf9e-4fd4-89d3-3706ef1eb123', 'OPEN', 0, '2024-06-14 22:20:50', '2024-06-14 22:20:50', '7d98a855-d805-4122-8649-a6ebab007c86', NULL, '4679f35a-3143-45af-84ea-d53bb266efdb'),
	('0b0c19ee-26c6-4d6a-abd5-37d6817d0b5a', 'OPEN', 0, '2024-06-16 19:04:10', '2024-06-16 19:04:10', 'f40bd6b8-d2a2-4477-9a06-f63801df53aa', NULL, '2272d3b2-9d06-4271-93da-94b96919772d'),
	('0f272782-02a0-4a02-bbb4-6ebca06ceedf', 'OPEN', 0, '2024-06-14 22:22:51', '2024-06-14 22:22:51', '4e385168-5e79-42a1-8de5-a07f58e7c2a2', NULL, '0903b06f-8ab3-4d9e-81ff-e6e3d136789a'),
	('11379daa-3b7c-4f9d-88df-6adaadb9de6b', 'OPEN', 0, '2024-06-14 22:22:51', '2024-06-14 22:22:51', '4e385168-5e79-42a1-8de5-a07f58e7c2a2', NULL, 'd99462b3-13c4-41d4-9d2e-a7ead5aac437'),
	('1318281a-7ea1-48cb-af63-3ab84ec889a9', 'OPEN', 0, '2024-06-16 19:04:10', '2024-06-16 19:04:10', 'f40bd6b8-d2a2-4477-9a06-f63801df53aa', NULL, 'e20b1a4c-0165-4f38-b0a2-e96669add2cd'),
	('15e17e2a-6d77-4c63-8b90-312ed504f2d5', 'OPEN', 0, '2024-06-14 22:23:15', '2024-06-14 22:23:15', 'dbd340ed-57db-47f1-abad-8e0ad4c9c1f9', NULL, 'a00b740d-d486-4b84-a45a-b4e98441248b'),
	('167aa8dc-493c-4dcc-82c2-4286e088c30a', 'OPEN', 0, '2024-06-14 22:20:50', '2024-06-14 22:20:50', '7d98a855-d805-4122-8649-a6ebab007c86', NULL, '2a345faf-510c-449d-b6f6-68f0eee15ca7'),
	('17b1feab-1eab-4fd9-9551-577e5e1b56ff', 'OPEN', 0, '2024-06-14 22:22:51', '2024-06-14 22:22:51', '4e385168-5e79-42a1-8de5-a07f58e7c2a2', NULL, '004cd1df-88a2-47da-9198-56bb130bb42b'),
	('1817f644-e2cf-4b0e-b72b-8fbddf29940c', 'OPEN', 0, '2024-06-13 16:11:02', '2024-06-13 16:11:02', '5769a425-b10b-4892-a839-b9336dc8aabb', NULL, '411fb889-af68-494b-8b53-725156f72a33'),
	('18529929-0eec-4b4a-8391-7dffe1b01e40', 'OPEN', 0, '2024-06-14 22:23:15', '2024-06-14 22:23:15', 'dbd340ed-57db-47f1-abad-8e0ad4c9c1f9', NULL, '60810b65-cad6-4bab-bde0-20c3eb3d348d'),
	('185bb219-b189-4a04-b7a1-47be65546e07', 'OPEN', 0, '2024-06-13 16:11:02', '2024-06-13 16:11:02', '5769a425-b10b-4892-a839-b9336dc8aabb', NULL, 'f32d80db-dbb7-4c83-ba1d-58d25b46778c'),
	('18ccece4-9db7-4cea-a0a4-f8ebf562db75', 'OPEN', 0, '2024-06-14 22:22:51', '2024-06-14 22:22:51', '4e385168-5e79-42a1-8de5-a07f58e7c2a2', NULL, 'e20b1a4c-0165-4f38-b0a2-e96669add2cd'),
	('1af9eb34-b934-43f8-8aff-d11d3bfcadc6', 'OPEN', 0, '2024-06-14 22:22:51', '2024-06-14 22:22:51', '4e385168-5e79-42a1-8de5-a07f58e7c2a2', NULL, 'bdc49808-d4b0-4dc5-b3c6-e10cc58dcc4b'),
	('1b8aaaeb-5dd1-4499-a746-bf5d698afa55', 'OPEN', 0, '2024-06-13 16:11:02', '2024-06-13 16:11:02', '5769a425-b10b-4892-a839-b9336dc8aabb', NULL, '2ac39c74-cc2a-4d76-a289-8f253a6ade4a'),
	('1c94dc1e-cd96-4d05-bb7c-351932dc5a34', 'OPEN', 0, '2024-06-13 16:11:02', '2024-06-13 16:11:02', '5769a425-b10b-4892-a839-b9336dc8aabb', NULL, '904b83a0-8b24-43d7-babb-8cd3eaab2a3f'),
	('1cd87c11-505d-4196-86da-86d84b3f9814', 'OPEN', 0, '2024-06-14 22:22:51', '2024-06-14 22:22:51', '4e385168-5e79-42a1-8de5-a07f58e7c2a2', NULL, '4ddacbff-5420-43d0-a2e8-3704ebfd5036'),
	('1e210e61-fdd6-48ae-aede-842c367082d6', 'OPEN', 0, '2024-06-13 16:11:02', '2024-06-13 16:11:02', '5769a425-b10b-4892-a839-b9336dc8aabb', NULL, '09ef9791-eadc-4042-abdc-664085806875'),
	('1e58bf4b-28ba-4729-9a77-cf2c524a7c68', 'OPEN', 0, '2024-06-14 22:20:50', '2024-06-14 22:20:50', '7d98a855-d805-4122-8649-a6ebab007c86', NULL, '4ddacbff-5420-43d0-a2e8-3704ebfd5036'),
	('1f5dd2f3-aaab-4016-a61a-32c891f1c79d', 'OPEN', 0, '2024-06-14 22:22:51', '2024-06-14 22:22:51', '4e385168-5e79-42a1-8de5-a07f58e7c2a2', NULL, 'b8df8187-f8aa-4189-9d67-64040597c0c0'),
	('22188261-bcd7-4db7-84a5-2bd332196e55', 'OPEN', 0, '2024-06-14 22:23:15', '2024-06-14 22:23:15', 'dbd340ed-57db-47f1-abad-8e0ad4c9c1f9', NULL, 'ab675d06-5aa2-46f7-aa9a-cd7425bd5920'),
	('22650eaf-ec7a-4cd1-b7f3-15670f365ab2', 'OPEN', 0, '2024-06-16 19:04:10', '2024-06-16 19:04:10', 'f40bd6b8-d2a2-4477-9a06-f63801df53aa', NULL, '7b5f09af-63b9-4170-995b-0b8106ec9535'),
	('226a4489-75ed-4dd6-aded-53d3e5179a12', 'OPEN', 0, '2024-06-14 22:22:51', '2024-06-14 22:22:51', '4e385168-5e79-42a1-8de5-a07f58e7c2a2', NULL, '5f42e20e-31fc-4256-a30e-ddf80661bc12'),
	('2322a256-76dc-437a-8e4b-12ce83634b9d', 'OPEN', 0, '2024-06-13 16:11:02', '2024-06-13 16:11:02', '5769a425-b10b-4892-a839-b9336dc8aabb', NULL, '3d90c9a4-76c3-4840-822f-da67572719f9'),
	('242b86c1-a76b-4a96-a410-7cd2ebe9944e', 'OPEN', 0, '2024-06-14 22:20:50', '2024-06-14 22:20:50', '7d98a855-d805-4122-8649-a6ebab007c86', NULL, 'dd60fd7b-b486-460b-b5cf-358c57836f5b'),
	('243e922c-5441-48b2-b903-1f756d1834b0', 'OPEN', 0, '2024-06-14 22:20:50', '2024-06-14 22:20:50', '7d98a855-d805-4122-8649-a6ebab007c86', NULL, '1f613fe4-1b7e-4993-a7af-1538c28073b4'),
	('2519554d-7b43-424b-8b6d-41555d37670b', 'OPEN', 0, '2024-06-14 22:22:51', '2024-06-14 22:22:51', '4e385168-5e79-42a1-8de5-a07f58e7c2a2', NULL, '8460be43-7a74-44c3-b294-21ba94c9bff5'),
	('2545d39e-fb46-4ce9-bc96-3e068675a25a', 'OPEN', 0, '2024-06-13 16:11:02', '2024-06-13 16:11:02', '5769a425-b10b-4892-a839-b9336dc8aabb', NULL, '1be9e6d3-854b-4b76-92c1-9197018a3a4f'),
	('25c2aebe-7d55-4899-ad2b-97a769d0634f', 'OPEN', 0, '2024-06-13 16:11:02', '2024-06-13 16:11:02', '5769a425-b10b-4892-a839-b9336dc8aabb', NULL, '1f613fe4-1b7e-4993-a7af-1538c28073b4'),
	('280505b1-ebeb-47f1-9526-6c45b0c88018', 'OPEN', 0, '2024-06-14 22:22:51', '2024-06-14 22:22:51', '4e385168-5e79-42a1-8de5-a07f58e7c2a2', NULL, '68ade193-a6fa-4643-8f22-84dbcd453a85'),
	('2854db95-0296-4422-8cd9-62b8f948150a', 'OPEN', 0, '2024-06-14 22:20:50', '2024-06-14 22:20:50', '7d98a855-d805-4122-8649-a6ebab007c86', NULL, '0903b06f-8ab3-4d9e-81ff-e6e3d136789a'),
	('285e208f-9982-44f9-a3ae-35ec61bc8c81', 'OPEN', 0, '2024-06-14 22:20:50', '2024-06-14 22:20:50', '7d98a855-d805-4122-8649-a6ebab007c86', NULL, '5655adef-1dd6-41cf-b4d0-bbf1641c271e'),
	('287687db-8215-4a62-8fc8-6b778dbb9d4b', 'OPEN', 0, '2024-06-13 16:11:02', '2024-06-13 16:11:02', '5769a425-b10b-4892-a839-b9336dc8aabb', NULL, 'e8cbe748-36ab-457f-96f2-0ac31b79e660'),
	('2a2f5038-5222-4a65-b55f-9f7bcf82a924', 'OPEN', 0, '2024-06-16 19:04:10', '2024-06-16 19:04:10', 'f40bd6b8-d2a2-4477-9a06-f63801df53aa', NULL, '0903b06f-8ab3-4d9e-81ff-e6e3d136789a'),
	('2a4a0825-93bd-404c-b80e-9e4459bd303d', 'OPEN', 0, '2024-06-14 22:20:50', '2024-06-14 22:20:50', '7d98a855-d805-4122-8649-a6ebab007c86', NULL, '904b83a0-8b24-43d7-babb-8cd3eaab2a3f'),
	('2a82e3d0-ccdd-48c9-84c0-d225b9cf799c', 'OPEN', 0, '2024-06-14 22:23:15', '2024-06-14 22:23:15', 'dbd340ed-57db-47f1-abad-8e0ad4c9c1f9', NULL, 'bdc49808-d4b0-4dc5-b3c6-e10cc58dcc4b'),
	('2aae12aa-9d22-49c1-9b48-3d1db5fe9859', 'OPEN', 0, '2024-06-16 19:04:10', '2024-06-16 19:04:10', 'f40bd6b8-d2a2-4477-9a06-f63801df53aa', NULL, '1d4dc4de-2447-48ad-b2de-94d350c17e60'),
	('2b5528b0-6e64-4de7-a30c-09233841fccd', 'OPEN', 0, '2024-06-16 19:04:10', '2024-06-16 19:04:10', 'f40bd6b8-d2a2-4477-9a06-f63801df53aa', NULL, 'f32d80db-dbb7-4c83-ba1d-58d25b46778c'),
	('2bb84365-5aee-4bd7-8cc3-d13c3866844c', 'OPEN', 0, '2024-06-14 22:22:51', '2024-06-14 22:22:51', '4e385168-5e79-42a1-8de5-a07f58e7c2a2', NULL, '8784afff-7308-4420-b8e3-c5e6dcf5c8d9'),
	('2f7baa9f-fee0-4069-addc-c92dca7367fb', 'OPEN', 0, '2024-06-14 22:22:51', '2024-06-14 22:22:51', '4e385168-5e79-42a1-8de5-a07f58e7c2a2', NULL, '4679f35a-3143-45af-84ea-d53bb266efdb'),
	('2fe656dc-592c-44db-8622-26bca9c7304f', 'OPEN', 0, '2024-06-14 22:20:50', '2024-06-14 22:20:50', '7d98a855-d805-4122-8649-a6ebab007c86', NULL, 'f32d80db-dbb7-4c83-ba1d-58d25b46778c'),
	('302ea410-7031-4644-88c6-951713fce16a', 'OPEN', 0, '2024-06-16 19:04:10', '2024-06-16 19:04:10', 'f40bd6b8-d2a2-4477-9a06-f63801df53aa', NULL, '1be9e6d3-854b-4b76-92c1-9197018a3a4f'),
	('31286c83-45c4-472a-afca-2f77d604ced4', 'OPEN', 0, '2024-06-14 22:23:15', '2024-06-14 22:23:15', 'dbd340ed-57db-47f1-abad-8e0ad4c9c1f9', NULL, '0903b06f-8ab3-4d9e-81ff-e6e3d136789a'),
	('32d2babf-4451-4f17-9d70-987948e21252', 'OPEN', 0, '2024-06-13 16:11:02', '2024-06-13 16:11:02', '5769a425-b10b-4892-a839-b9336dc8aabb', NULL, 'bdc49808-d4b0-4dc5-b3c6-e10cc58dcc4b'),
	('35b8e5e5-646a-4609-b000-875438abcb51', 'OPEN', 0, '2024-06-16 19:04:10', '2024-06-16 19:04:10', 'f40bd6b8-d2a2-4477-9a06-f63801df53aa', NULL, 'ab675d06-5aa2-46f7-aa9a-cd7425bd5920'),
	('365182fd-d03d-4558-8a2f-b5ed388018c4', 'OPEN', 0, '2024-06-14 22:22:51', '2024-06-14 22:22:51', '4e385168-5e79-42a1-8de5-a07f58e7c2a2', NULL, 'fdd16288-e542-4e91-9049-61e183b264ac'),
	('36ef3fe4-eba8-444c-bacf-f1ba805deb16', 'OPEN', 0, '2024-06-14 22:20:50', '2024-06-14 22:20:50', '7d98a855-d805-4122-8649-a6ebab007c86', NULL, 'bdc49808-d4b0-4dc5-b3c6-e10cc58dcc4b'),
	('37b1c0dc-be89-4775-b6a1-0ca5df8a22fb', 'OPEN', 0, '2024-06-14 22:22:51', '2024-06-14 22:22:51', '4e385168-5e79-42a1-8de5-a07f58e7c2a2', NULL, 'dba534da-3315-4c0c-b8c5-939f8a5396c7'),
	('3c878d67-a4d4-4647-adda-61b124f6bbf9', 'OPEN', 0, '2024-06-14 22:23:15', '2024-06-14 22:23:15', 'dbd340ed-57db-47f1-abad-8e0ad4c9c1f9', NULL, 'bc17b597-3bee-410d-8697-9a31ee837925'),
	('3d8b6dbb-1b4b-4d95-817f-98788e34efed', 'PASS_ADVISOR', 0, '2024-06-14 22:20:50', '2024-06-15 22:49:23', '7d98a855-d805-4122-8649-a6ebab007c86', NULL, '04ff99c4-92ec-4644-a966-d74a826eb2e7'),
	('3da3c46a-53ba-4cf9-acc0-2f8b3ca2121c', 'OPEN', 0, '2024-06-14 22:20:50', '2024-06-14 22:20:50', '7d98a855-d805-4122-8649-a6ebab007c86', NULL, '82ee573a-22b1-4d3d-a1da-2d23548d3234'),
	('3e0f25d5-c583-4700-ae86-2cec31c90e97', 'OPEN', 0, '2024-06-14 22:20:50', '2024-06-14 22:20:50', '7d98a855-d805-4122-8649-a6ebab007c86', NULL, 'fdd16288-e542-4e91-9049-61e183b264ac'),
	('3e83b375-3b10-444c-9259-af1b6d23bb01', 'OPEN', 0, '2024-06-14 22:23:15', '2024-06-14 22:23:15', 'dbd340ed-57db-47f1-abad-8e0ad4c9c1f9', NULL, '1f613fe4-1b7e-4993-a7af-1538c28073b4'),
	('3f967ce5-89df-4530-9d8d-4e989e9eb26e', 'OPEN', 0, '2024-06-14 22:20:50', '2024-06-14 22:20:50', '7d98a855-d805-4122-8649-a6ebab007c86', NULL, '1d4dc4de-2447-48ad-b2de-94d350c17e60'),
	('403090eb-a204-4cf8-aa56-8ebbc4867e0d', 'OPEN', 0, '2024-06-13 16:11:02', '2024-06-13 16:11:02', '5769a425-b10b-4892-a839-b9336dc8aabb', NULL, '5655adef-1dd6-41cf-b4d0-bbf1641c271e'),
	('40fd5bfa-b672-431d-a975-33087039e53a', 'OPEN', 0, '2024-06-14 22:20:50', '2024-06-14 22:20:50', '7d98a855-d805-4122-8649-a6ebab007c86', NULL, '3d90c9a4-76c3-4840-822f-da67572719f9'),
	('417abaf5-8a65-4c19-9ae3-781a1eb7cef5', 'OPEN', 0, '2024-06-14 22:23:15', '2024-06-14 22:23:15', 'dbd340ed-57db-47f1-abad-8e0ad4c9c1f9', NULL, '17c1885c-d039-431b-9289-3df16312947a'),
	('4233b73d-f4bf-448c-83f3-a48513601b9d', 'OPEN', 0, '2024-06-14 22:22:51', '2024-06-14 22:22:51', '4e385168-5e79-42a1-8de5-a07f58e7c2a2', NULL, 'dd60fd7b-b486-460b-b5cf-358c57836f5b'),
	('4362ff16-8937-4aff-beaf-e8a13eb113e3', 'OPEN', 0, '2024-06-13 16:11:02', '2024-06-13 16:11:02', '5769a425-b10b-4892-a839-b9336dc8aabb', NULL, 'e20b1a4c-0165-4f38-b0a2-e96669add2cd'),
	('43c38289-18be-4d6f-854c-b8a611c5a3dd', 'OPEN', 0, '2024-06-16 19:04:10', '2024-06-16 19:04:10', 'f40bd6b8-d2a2-4477-9a06-f63801df53aa', NULL, 'd9ca3ebc-9dc2-4b40-a5a3-a2ec38a320ef'),
	('44a385ed-2794-4826-88fc-09223fd17bc5', 'OPEN', 0, '2024-06-14 22:23:15', '2024-06-14 22:23:15', 'dbd340ed-57db-47f1-abad-8e0ad4c9c1f9', NULL, '71c7947c-61e4-44c6-9116-06edc64c796d'),
	('466f5312-83a0-4fff-b150-b14f88a1cf16', 'OPEN', 0, '2024-06-14 22:20:50', '2024-06-14 22:20:50', '7d98a855-d805-4122-8649-a6ebab007c86', NULL, 'dba534da-3315-4c0c-b8c5-939f8a5396c7'),
	('47328d46-4a95-43d2-98dd-053712734abe', 'OPEN', 0, '2024-06-14 22:23:15', '2024-06-14 22:23:15', 'dbd340ed-57db-47f1-abad-8e0ad4c9c1f9', NULL, '3d90c9a4-76c3-4840-822f-da67572719f9'),
	('47b0dabb-7826-4f88-a3e2-0f87ae38c0b1', 'OPEN', 0, '2024-06-16 19:04:10', '2024-06-16 19:04:10', 'f40bd6b8-d2a2-4477-9a06-f63801df53aa', NULL, '4ddacbff-5420-43d0-a2e8-3704ebfd5036'),
	('48e5bf2e-0a86-4107-b911-fe343e3c9e32', 'OPEN', 0, '2024-06-14 22:23:15', '2024-06-14 22:23:15', 'dbd340ed-57db-47f1-abad-8e0ad4c9c1f9', NULL, 'fdd16288-e542-4e91-9049-61e183b264ac'),
	('4ad72c74-d156-4d55-984a-e960094940e0', 'OPEN', 0, '2024-06-16 19:04:10', '2024-06-16 19:04:10', 'f40bd6b8-d2a2-4477-9a06-f63801df53aa', NULL, '5f42e20e-31fc-4256-a30e-ddf80661bc12'),
	('4d161098-9132-46fa-ba41-d46b94a8966e', 'OPEN', 0, '2024-06-14 22:20:50', '2024-06-14 22:20:50', '7d98a855-d805-4122-8649-a6ebab007c86', NULL, 'ab675d06-5aa2-46f7-aa9a-cd7425bd5920'),
	('4de0a63d-3264-450c-a0d0-cdbd29cdcb9c', 'OPEN', 0, '2024-06-16 19:04:10', '2024-06-16 19:04:10', 'f40bd6b8-d2a2-4477-9a06-f63801df53aa', NULL, 'd99462b3-13c4-41d4-9d2e-a7ead5aac437'),
	('4f77da67-f58e-44da-a91c-7abab4ae8ba4', 'OPEN', 0, '2024-06-14 22:22:51', '2024-06-14 22:22:51', '4e385168-5e79-42a1-8de5-a07f58e7c2a2', NULL, 'fd61987f-7091-44e2-bb15-3a07c26ceab6'),
	('4fdcaa91-5a46-4313-870a-b91bf7428f85', 'OPEN', 0, '2024-06-13 16:11:02', '2024-06-13 16:11:02', '5769a425-b10b-4892-a839-b9336dc8aabb', NULL, 'd9ca3ebc-9dc2-4b40-a5a3-a2ec38a320ef'),
	('508f915f-bfe3-4b17-b316-16e5c15677f0', 'OPEN', 0, '2024-06-13 16:14:45', '2024-06-13 16:14:45', 'dbd340ed-57db-47f1-abad-8e0ad4c9c1f9', NULL, '4df7c441-7a1a-4dd7-a0ee-4b1b8de8ffd2'),
	('5367be07-c347-445a-8f03-1a547c5a705c', 'OPEN', 0, '2024-06-14 22:22:51', '2024-06-14 22:22:51', '4e385168-5e79-42a1-8de5-a07f58e7c2a2', NULL, 'a00b740d-d486-4b84-a45a-b4e98441248b'),
	('545b1e41-a99f-4290-b2f8-691c6e023cf1', 'OPEN', 0, '2024-06-14 22:23:15', '2024-06-14 22:23:15', 'dbd340ed-57db-47f1-abad-8e0ad4c9c1f9', NULL, 'dba534da-3315-4c0c-b8c5-939f8a5396c7'),
	('551a13a1-aa0c-4180-8e01-c3d00119435b', 'OPEN', 0, '2024-06-14 22:23:15', '2024-06-14 22:23:15', 'dbd340ed-57db-47f1-abad-8e0ad4c9c1f9', NULL, 'b8df8187-f8aa-4189-9d67-64040597c0c0'),
	('571ad26d-9783-4ecb-89b4-111cd6908642', 'OPEN', 0, '2024-06-16 19:04:10', '2024-06-16 19:04:10', 'f40bd6b8-d2a2-4477-9a06-f63801df53aa', NULL, '1f613fe4-1b7e-4993-a7af-1538c28073b4'),
	('5826a9d2-039f-4e00-a8db-e4ba00a23246', 'OPEN', 0, '2024-06-14 22:20:50', '2024-06-14 22:20:50', '7d98a855-d805-4122-8649-a6ebab007c86', NULL, 'd93700f0-97db-48ac-a283-82145a9e4e8b'),
	('5e79dd29-5f32-4d22-aac2-1f1ca40090b8', 'OPEN', 0, '2024-06-14 22:20:50', '2024-06-14 22:20:50', '7d98a855-d805-4122-8649-a6ebab007c86', NULL, 'b8df8187-f8aa-4189-9d67-64040597c0c0'),
	('61a9ce6b-f14a-461a-a474-298b34cf8c44', 'OPEN', 0, '2024-06-13 16:11:02', '2024-06-13 16:11:02', '5769a425-b10b-4892-a839-b9336dc8aabb', NULL, '8784afff-7308-4420-b8e3-c5e6dcf5c8d9'),
	('61b3805b-0ea2-4258-8d7a-66202559687a', 'OPEN', 0, '2024-06-13 16:11:02', '2024-06-13 16:11:02', '5769a425-b10b-4892-a839-b9336dc8aabb', NULL, 'e5224242-4685-4b1a-ae94-b31ff50e23a4'),
	('61d7b6d1-f2cd-45ad-be0c-3c7fa8e4b126', 'OPEN', 0, '2024-06-14 22:22:51', '2024-06-14 22:22:51', '4e385168-5e79-42a1-8de5-a07f58e7c2a2', NULL, '89e98872-a38d-4cb5-96a2-a04370295b32'),
	('621740bb-76dd-45bb-8fc9-2245c29da9d3', 'OPEN', 0, '2024-06-14 22:22:51', '2024-06-14 22:22:51', '4e385168-5e79-42a1-8de5-a07f58e7c2a2', NULL, 'a58e8928-9916-4df1-801f-45a2516844a5'),
	('632d1502-dd7b-47eb-a96c-1a7706d934ef', 'OPEN', 0, '2024-06-14 22:22:51', '2024-06-14 22:22:51', '4e385168-5e79-42a1-8de5-a07f58e7c2a2', NULL, '411fb889-af68-494b-8b53-725156f72a33'),
	('642d1df6-b123-4a0e-b948-d92f28aeb8e0', 'OPEN', 0, '2024-06-14 22:20:50', '2024-06-14 22:20:50', '7d98a855-d805-4122-8649-a6ebab007c86', NULL, '411fb889-af68-494b-8b53-725156f72a33'),
	('64388b88-30bb-4340-a705-3c09c2704b41', 'OPEN', 0, '2024-06-13 16:11:02', '2024-06-13 16:11:02', '5769a425-b10b-4892-a839-b9336dc8aabb', NULL, 'dd60fd7b-b486-460b-b5cf-358c57836f5b'),
	('6453d762-7bbf-4b54-b047-7798185c71db', 'OPEN', 0, '2024-06-14 22:23:15', '2024-06-14 22:23:15', 'dbd340ed-57db-47f1-abad-8e0ad4c9c1f9', NULL, '82ee573a-22b1-4d3d-a1da-2d23548d3234'),
	('64ee86dd-c41b-4dd9-a72b-f6495fafbd1b', 'OPEN', 0, '2024-06-14 22:20:50', '2024-06-14 22:20:50', '7d98a855-d805-4122-8649-a6ebab007c86', NULL, 'a00b740d-d486-4b84-a45a-b4e98441248b'),
	('65f4286f-3583-4677-9a4e-a4ab0ecfc91e', 'OPEN', 0, '2024-06-14 22:23:15', '2024-06-14 22:23:15', 'dbd340ed-57db-47f1-abad-8e0ad4c9c1f9', NULL, 'e5224242-4685-4b1a-ae94-b31ff50e23a4'),
	('67f9030f-8dd6-478d-aa51-82ef25457c34', 'OPEN', 0, '2024-06-14 22:23:15', '2024-06-14 22:23:15', 'dbd340ed-57db-47f1-abad-8e0ad4c9c1f9', NULL, 'e20b1a4c-0165-4f38-b0a2-e96669add2cd'),
	('683c21e5-72e5-4c6b-b8a0-41f061ec3a51', 'OPEN', 0, '2024-06-14 22:20:50', '2024-06-14 22:20:50', '7d98a855-d805-4122-8649-a6ebab007c86', NULL, 'd9ca3ebc-9dc2-4b40-a5a3-a2ec38a320ef'),
	('688ff172-0ad9-4c42-9cda-9aecb30e2880', 'OPEN', 0, '2024-06-16 19:04:10', '2024-06-16 19:04:10', 'f40bd6b8-d2a2-4477-9a06-f63801df53aa', NULL, '2ac39c74-cc2a-4d76-a289-8f253a6ade4a'),
	('68f46a2f-9984-4ba7-8e89-dda048776af6', 'OPEN', 0, '2024-06-14 22:22:51', '2024-06-14 22:22:51', '4e385168-5e79-42a1-8de5-a07f58e7c2a2', NULL, '3d90c9a4-76c3-4840-822f-da67572719f9'),
	('694bc9c0-f5ef-49ec-9fb3-1513564bc19f', 'OPEN', 0, '2024-06-16 19:04:10', '2024-06-16 19:04:10', 'f40bd6b8-d2a2-4477-9a06-f63801df53aa', NULL, '312fccc2-ebc4-4fe6-ac3f-9ae8e80afbd2'),
	('6a28b37b-27ae-4be8-8fc4-1fa3a37ec034', 'OPEN', 0, '2024-06-16 19:04:10', '2024-06-16 19:04:10', 'f40bd6b8-d2a2-4477-9a06-f63801df53aa', NULL, '5655adef-1dd6-41cf-b4d0-bbf1641c271e'),
	('6b1deda3-522e-4e79-a7b2-cdf10619dc12', 'OPEN', 0, '2024-06-14 22:22:51', '2024-06-14 22:22:51', '4e385168-5e79-42a1-8de5-a07f58e7c2a2', NULL, '04ff99c4-92ec-4644-a966-d74a826eb2e7'),
	('6c8e33b5-0319-4c14-86d3-28de9c6474cd', 'OPEN', 0, '2024-06-14 22:23:15', '2024-06-14 22:23:15', 'dbd340ed-57db-47f1-abad-8e0ad4c9c1f9', NULL, 'dd60fd7b-b486-460b-b5cf-358c57836f5b'),
	('6cc485f6-60b3-48ff-983a-2a10430145b3', 'OPEN', 0, '2024-06-14 22:20:50', '2024-06-14 22:20:50', '7d98a855-d805-4122-8649-a6ebab007c86', NULL, '312fccc2-ebc4-4fe6-ac3f-9ae8e80afbd2'),
	('70b68f62-0125-4eae-9a4a-1e173cd461bb', 'OPEN', 0, '2024-06-13 16:11:02', '2024-06-13 16:11:02', '5769a425-b10b-4892-a839-b9336dc8aabb', NULL, '04ff99c4-92ec-4644-a966-d74a826eb2e7'),
	('70de4463-e4c5-495b-8f08-7b10b599cc9a', 'OPEN', 0, '2024-06-14 22:23:15', '2024-06-14 22:23:15', 'dbd340ed-57db-47f1-abad-8e0ad4c9c1f9', NULL, '2272d3b2-9d06-4271-93da-94b96919772d'),
	('71c4d9d4-20a5-480b-b1c6-a7b70feada8d', 'OPEN', 0, '2024-06-14 22:20:50', '2024-06-14 22:20:50', '7d98a855-d805-4122-8649-a6ebab007c86', NULL, 'e5224242-4685-4b1a-ae94-b31ff50e23a4'),
	('71d6b30f-dd1d-471c-a934-4198ee2d34be', 'OPEN', 0, '2024-06-14 22:23:15', '2024-06-14 22:23:15', 'dbd340ed-57db-47f1-abad-8e0ad4c9c1f9', NULL, '5655adef-1dd6-41cf-b4d0-bbf1641c271e'),
	('72a08e76-163e-4a94-b15c-d1fdb36e973b', 'OPEN', 0, '2024-06-13 16:11:02', '2024-06-13 16:11:02', '5769a425-b10b-4892-a839-b9336dc8aabb', NULL, '312fccc2-ebc4-4fe6-ac3f-9ae8e80afbd2'),
	('736cbcc9-ce73-4249-9d93-70fe7f6f212e', 'OPEN', 0, '2024-06-14 22:22:51', '2024-06-14 22:22:51', '4e385168-5e79-42a1-8de5-a07f58e7c2a2', NULL, '8e06e316-ced9-40be-814c-5f21407aac6b'),
	('7457a65c-eaf9-4fe2-8e5f-664443efe86b', 'OPEN', 0, '2024-06-16 19:04:10', '2024-06-16 19:04:10', 'f40bd6b8-d2a2-4477-9a06-f63801df53aa', NULL, 'bc17b597-3bee-410d-8697-9a31ee837925'),
	('76c8c592-534f-41ad-8230-b88f77391d20', 'OPEN', 0, '2024-06-16 19:04:10', '2024-06-16 19:04:10', 'f40bd6b8-d2a2-4477-9a06-f63801df53aa', NULL, '71c7947c-61e4-44c6-9116-06edc64c796d'),
	('778873b2-8a38-42f1-889d-ec142ef48371', 'OPEN', 0, '2024-06-14 22:20:50', '2024-06-14 22:20:50', '7d98a855-d805-4122-8649-a6ebab007c86', NULL, 'e20b1a4c-0165-4f38-b0a2-e96669add2cd'),
	('7adcec86-6b0d-49db-a621-9c0dfe10f141', 'OPEN', 0, '2024-06-14 22:22:51', '2024-06-14 22:22:51', '4e385168-5e79-42a1-8de5-a07f58e7c2a2', NULL, '17c1885c-d039-431b-9289-3df16312947a'),
	('7c1cda3e-baa8-4dfd-895f-48e6c87825fa', 'OPEN', 0, '2024-06-16 19:04:10', '2024-06-16 19:04:10', 'f40bd6b8-d2a2-4477-9a06-f63801df53aa', NULL, '684fa933-d59a-465f-838e-7fb1c64432fb'),
	('7c683ae8-af58-4a39-9f74-bf58b4b31a52', 'OPEN', 0, '2024-06-16 19:04:10', '2024-06-16 19:04:10', 'f40bd6b8-d2a2-4477-9a06-f63801df53aa', NULL, '09ef9791-eadc-4042-abdc-664085806875'),
	('7c75093f-28ff-41c0-a66c-4a414ebbb668', 'OPEN', 0, '2024-06-14 22:20:50', '2024-06-14 22:20:50', '7d98a855-d805-4122-8649-a6ebab007c86', NULL, '68ade193-a6fa-4643-8f22-84dbcd453a85'),
	('7cb95b6c-5972-4b97-ad6b-b2f01cb735d1', 'OPEN', 0, '2024-06-14 22:20:50', '2024-06-14 22:20:50', '7d98a855-d805-4122-8649-a6ebab007c86', NULL, '7b5f09af-63b9-4170-995b-0b8106ec9535'),
	('7ceb1c0f-28f8-4af1-ac43-dd74b736a91b', 'OPEN', 0, '2024-06-14 22:23:15', '2024-06-14 22:23:15', 'dbd340ed-57db-47f1-abad-8e0ad4c9c1f9', NULL, '4ddacbff-5420-43d0-a2e8-3704ebfd5036'),
	('7e46f658-e82e-435e-9925-d795349137fd', 'OPEN', 0, '2024-06-14 22:22:51', '2024-06-14 22:22:51', '4e385168-5e79-42a1-8de5-a07f58e7c2a2', NULL, '684fa933-d59a-465f-838e-7fb1c64432fb'),
	('7f2d347e-a52b-4e31-8202-d2b75dc59cd1', 'OPEN', 0, '2024-06-13 16:11:02', '2024-06-13 16:11:02', '5769a425-b10b-4892-a839-b9336dc8aabb', NULL, 'fa85383e-4409-4b9b-bbdb-29994a16c8af'),
	('8159a85b-d7ec-4a10-a889-095c372fc1ad', 'OPEN', 0, '2024-06-14 22:23:15', '2024-06-14 22:23:15', 'dbd340ed-57db-47f1-abad-8e0ad4c9c1f9', NULL, 'fd61987f-7091-44e2-bb15-3a07c26ceab6'),
	('818db5cb-0c96-4047-bf69-d6536398efc1', 'OPEN', 0, '2024-06-16 19:04:10', '2024-06-16 19:04:10', 'f40bd6b8-d2a2-4477-9a06-f63801df53aa', NULL, '904b83a0-8b24-43d7-babb-8cd3eaab2a3f'),
	('84082371-0e5e-401b-ad96-671e0f816e84', 'OPEN', 0, '2024-06-16 19:04:10', '2024-06-16 19:04:10', 'f40bd6b8-d2a2-4477-9a06-f63801df53aa', NULL, '315ecde9-fb12-4b7f-8ade-a24f6db0476d'),
	('8598fc7f-2be4-47b5-8164-87363de59af7', 'OPEN', 0, '2024-06-14 22:23:15', '2024-06-14 22:23:15', 'dbd340ed-57db-47f1-abad-8e0ad4c9c1f9', NULL, '904b83a0-8b24-43d7-babb-8cd3eaab2a3f'),
	('85c59c53-e511-47a0-8525-f0ec14280d9f', 'OPEN', 0, '2024-06-13 16:11:02', '2024-06-13 16:11:02', '5769a425-b10b-4892-a839-b9336dc8aabb', NULL, '71c7947c-61e4-44c6-9116-06edc64c796d'),
	('86f193c6-f135-41cd-8e43-a2d4ee65b26e', 'OPEN', 0, '2024-06-14 22:23:15', '2024-06-14 22:23:15', 'dbd340ed-57db-47f1-abad-8e0ad4c9c1f9', NULL, '411fb889-af68-494b-8b53-725156f72a33'),
	('874b37d8-087e-41d3-9af0-ac6977211946', 'OPEN', 0, '2024-06-14 22:20:50', '2024-06-14 22:20:50', '7d98a855-d805-4122-8649-a6ebab007c86', NULL, '2272d3b2-9d06-4271-93da-94b96919772d'),
	('87be6811-0d68-4cdb-b3aa-f011643e78c7', 'OPEN', 0, '2024-06-13 16:11:02', '2024-06-13 16:11:02', '5769a425-b10b-4892-a839-b9336dc8aabb', NULL, '17c1885c-d039-431b-9289-3df16312947a'),
	('88dc4703-d760-4028-9d15-efeaad0a612b', 'OPEN', 0, '2024-06-13 16:11:02', '2024-06-13 16:11:02', '5769a425-b10b-4892-a839-b9336dc8aabb', NULL, '1d4dc4de-2447-48ad-b2de-94d350c17e60'),
	('8a76196a-1e2f-4d88-a7ea-8521e7b80537', 'OPEN', 0, '2024-06-13 16:11:02', '2024-06-13 16:11:02', '5769a425-b10b-4892-a839-b9336dc8aabb', NULL, '5f42e20e-31fc-4256-a30e-ddf80661bc12'),
	('8d470611-c934-4e4d-8139-db8a71b0431f', 'OPEN', 0, '2024-06-14 22:22:51', '2024-06-14 22:22:51', '4e385168-5e79-42a1-8de5-a07f58e7c2a2', NULL, 'ab675d06-5aa2-46f7-aa9a-cd7425bd5920'),
	('8d586651-d3d9-4828-a422-0a9fa7b3b0c1', 'OPEN', 0, '2024-06-14 22:22:51', '2024-06-14 22:22:51', '4e385168-5e79-42a1-8de5-a07f58e7c2a2', NULL, 'fa85383e-4409-4b9b-bbdb-29994a16c8af'),
	('900e323c-ace1-4162-a434-9beb9a81ca00', 'OPEN', 0, '2024-06-13 16:11:02', '2024-06-13 16:11:02', '5769a425-b10b-4892-a839-b9336dc8aabb', NULL, 'd4dd648b-268f-4fbf-8ec4-8ce0fe7cd2e6'),
	('9045ea5b-b5a5-48f7-82c2-c8d46be3f557', 'OPEN', 0, '2024-06-14 22:23:15', '2024-06-14 22:23:15', 'dbd340ed-57db-47f1-abad-8e0ad4c9c1f9', NULL, '04ff99c4-92ec-4644-a966-d74a826eb2e7'),
	('908ae6a6-a70c-4d91-a7ce-24be354a6ae1', 'OPEN', 0, '2024-06-14 22:23:15', '2024-06-14 22:23:15', 'dbd340ed-57db-47f1-abad-8e0ad4c9c1f9', NULL, 'fa85383e-4409-4b9b-bbdb-29994a16c8af'),
	('91428012-c46f-4707-9b61-eb374274f92f', 'OPEN', 0, '2024-06-16 19:04:10', '2024-06-16 19:04:10', 'f40bd6b8-d2a2-4477-9a06-f63801df53aa', NULL, 'dd60fd7b-b486-460b-b5cf-358c57836f5b'),
	('915a8409-b4fa-4181-be9a-6761b264f683', 'OPEN', 0, '2024-06-13 16:11:02', '2024-06-13 16:11:02', '5769a425-b10b-4892-a839-b9336dc8aabb', NULL, '0903b06f-8ab3-4d9e-81ff-e6e3d136789a'),
	('92d6b834-68ab-4710-bd40-feff0e5d3620', 'OPEN', 0, '2024-06-13 16:11:02', '2024-06-13 16:11:02', '5769a425-b10b-4892-a839-b9336dc8aabb', NULL, 'ab675d06-5aa2-46f7-aa9a-cd7425bd5920'),
	('930a260b-ebc6-41da-a9c4-2764952a2b81', 'OPEN', 0, '2024-06-14 22:20:50', '2024-06-14 22:20:50', '7d98a855-d805-4122-8649-a6ebab007c86', NULL, '684fa933-d59a-465f-838e-7fb1c64432fb'),
	('948f1e92-494e-464a-ac96-4b0047016428', 'OPEN', 0, '2024-06-13 16:11:02', '2024-06-13 16:11:02', '5769a425-b10b-4892-a839-b9336dc8aabb', NULL, '8460be43-7a74-44c3-b294-21ba94c9bff5'),
	('9494b2f1-7f24-4adb-966a-c2bf91aabf69', 'OPEN', 0, '2024-06-13 16:11:02', '2024-06-13 16:11:02', '5769a425-b10b-4892-a839-b9336dc8aabb', NULL, '684fa933-d59a-465f-838e-7fb1c64432fb'),
	('94ea421e-a265-4890-b9d6-7edfdb060df4', 'OPEN', 0, '2024-06-16 19:04:10', '2024-06-16 19:04:10', 'f40bd6b8-d2a2-4477-9a06-f63801df53aa', NULL, 'dba534da-3315-4c0c-b8c5-939f8a5396c7'),
	('95f97bc5-d93a-4f90-81f2-2c177f4c4503', 'OPEN', 0, '2024-06-13 16:11:02', '2024-06-13 16:11:02', '5769a425-b10b-4892-a839-b9336dc8aabb', NULL, '89e98872-a38d-4cb5-96a2-a04370295b32'),
	('97b6777b-248b-484d-bc1b-a1967b3a6995', 'OPEN', 0, '2024-06-16 19:04:10', '2024-06-16 19:04:10', 'f40bd6b8-d2a2-4477-9a06-f63801df53aa', NULL, '89e98872-a38d-4cb5-96a2-a04370295b32'),
	('9837c346-9446-49d5-9fb6-4cef78be21ef', 'OPEN', 0, '2024-06-14 22:23:15', '2024-06-14 22:23:15', 'dbd340ed-57db-47f1-abad-8e0ad4c9c1f9', NULL, '5f42e20e-31fc-4256-a30e-ddf80661bc12'),
	('98fffbf6-8ffe-4184-9ebd-e5d6c6e94992', 'OPEN', 0, '2024-06-14 22:22:51', '2024-06-14 22:22:51', '4e385168-5e79-42a1-8de5-a07f58e7c2a2', NULL, '315ecde9-fb12-4b7f-8ade-a24f6db0476d'),
	('992f56a4-d8b9-4acb-a24e-76aa70b31bde', 'OPEN', 0, '2024-06-14 22:23:15', '2024-06-14 22:23:15', 'dbd340ed-57db-47f1-abad-8e0ad4c9c1f9', NULL, 'f32d80db-dbb7-4c83-ba1d-58d25b46778c'),
	('99a5e962-ff18-44ef-a14b-046fc8429769', 'OPEN', 0, '2024-06-14 22:20:50', '2024-06-14 22:20:50', '7d98a855-d805-4122-8649-a6ebab007c86', NULL, '2ac39c74-cc2a-4d76-a289-8f253a6ade4a'),
	('99c6e5ba-e762-45f3-8fbb-0b2f6ffae594', 'OPEN', 0, '2024-06-14 22:20:50', '2024-06-14 22:20:50', '7d98a855-d805-4122-8649-a6ebab007c86', NULL, '71c7947c-61e4-44c6-9116-06edc64c796d'),
	('9a522502-8585-4577-9af4-deae2d19096b', 'OPEN', 0, '2024-06-13 16:11:02', '2024-06-13 16:11:02', '5769a425-b10b-4892-a839-b9336dc8aabb', NULL, 'dba534da-3315-4c0c-b8c5-939f8a5396c7'),
	('9b8c625e-5e02-4b14-8dd0-9516054fb604', 'OPEN', 0, '2024-06-16 19:04:10', '2024-06-16 19:04:10', 'f40bd6b8-d2a2-4477-9a06-f63801df53aa', NULL, 'd93700f0-97db-48ac-a283-82145a9e4e8b'),
	('9c0755ab-d464-45f3-814a-f55656cb1625', 'OPEN', 0, '2024-06-14 22:23:15', '2024-06-14 22:23:15', 'dbd340ed-57db-47f1-abad-8e0ad4c9c1f9', NULL, '8e06e316-ced9-40be-814c-5f21407aac6b'),
	('a0f7f3b1-5bb5-47e1-a9a4-84c822c8ae69', 'OPEN', 0, '2024-06-16 19:04:10', '2024-06-16 19:04:10', 'f40bd6b8-d2a2-4477-9a06-f63801df53aa', NULL, 'e8cbe748-36ab-457f-96f2-0ac31b79e660'),
	('a1ba836c-f880-4275-a85a-c665742aa489', 'OPEN', 0, '2024-06-16 19:04:10', '2024-06-16 19:04:10', 'f40bd6b8-d2a2-4477-9a06-f63801df53aa', NULL, '004cd1df-88a2-47da-9198-56bb130bb42b'),
	('a2308a3c-50f9-4107-9e73-ba454a76b995', 'OPEN', 0, '2024-06-13 16:11:02', '2024-06-13 16:11:02', '5769a425-b10b-4892-a839-b9336dc8aabb', NULL, '4ddacbff-5420-43d0-a2e8-3704ebfd5036'),
	('a2c89446-3647-426f-9b88-d6314592ff9b', 'OPEN', 0, '2024-06-14 22:20:50', '2024-06-14 22:20:50', '7d98a855-d805-4122-8649-a6ebab007c86', NULL, '8784afff-7308-4420-b8e3-c5e6dcf5c8d9'),
	('a3417a26-fd8f-4207-a28e-6bb265224005', 'OPEN', 0, '2024-06-14 22:20:50', '2024-06-14 22:20:50', '7d98a855-d805-4122-8649-a6ebab007c86', NULL, '1be9e6d3-854b-4b76-92c1-9197018a3a4f'),
	('a4c25123-7e3f-4c06-bcca-25c17911019a', 'OPEN', 0, '2024-06-13 16:11:02', '2024-06-13 16:11:02', '5769a425-b10b-4892-a839-b9336dc8aabb', NULL, 'b8df8187-f8aa-4189-9d67-64040597c0c0'),
	('a4cb4bbf-a77a-4c45-86ec-e86023fcddf4', 'OPEN', 0, '2024-06-14 22:22:51', '2024-06-14 22:22:51', '4e385168-5e79-42a1-8de5-a07f58e7c2a2', NULL, '5655adef-1dd6-41cf-b4d0-bbf1641c271e'),
	('a59dd400-46a4-4439-897a-7d60968e3aef', 'OPEN', 0, '2024-06-14 22:20:50', '2024-06-14 22:20:50', '7d98a855-d805-4122-8649-a6ebab007c86', NULL, '09ef9791-eadc-4042-abdc-664085806875'),
	('a67734ce-9353-4235-84ff-205c8c54bec7', 'OPEN', 0, '2024-06-14 22:22:51', '2024-06-14 22:22:51', '4e385168-5e79-42a1-8de5-a07f58e7c2a2', NULL, '09ef9791-eadc-4042-abdc-664085806875'),
	('a789af6a-0896-4753-8567-0edd9c24a754', 'OPEN', 0, '2024-06-14 22:22:51', '2024-06-14 22:22:51', '4e385168-5e79-42a1-8de5-a07f58e7c2a2', NULL, 'f32d80db-dbb7-4c83-ba1d-58d25b46778c'),
	('a80f5340-9b26-4d61-8ca4-fcd4c34a0127', 'OPEN', 0, '2024-06-14 22:23:15', '2024-06-14 22:23:15', 'dbd340ed-57db-47f1-abad-8e0ad4c9c1f9', NULL, '315ecde9-fb12-4b7f-8ade-a24f6db0476d'),
	('a82e0267-9f65-4f97-91fd-10e5753ef782', 'OPEN', 0, '2024-06-16 19:04:10', '2024-06-16 19:04:10', 'f40bd6b8-d2a2-4477-9a06-f63801df53aa', NULL, 'fdd16288-e542-4e91-9049-61e183b264ac'),
	('a8637c39-f6d3-45d1-aa82-54962c63cd2a', 'OPEN', 0, '2024-06-16 19:04:10', '2024-06-16 19:04:10', 'f40bd6b8-d2a2-4477-9a06-f63801df53aa', NULL, 'e5224242-4685-4b1a-ae94-b31ff50e23a4'),
	('a91bda47-ee04-4fd5-9672-3944f439b765', 'OPEN', 0, '2024-06-14 22:23:15', '2024-06-14 22:23:15', 'dbd340ed-57db-47f1-abad-8e0ad4c9c1f9', NULL, '684fa933-d59a-465f-838e-7fb1c64432fb'),
	('a91d1234-74cf-4f6e-9bc5-f22b443bd82a', 'OPEN', 0, '2024-06-16 19:04:10', '2024-06-16 19:04:10', 'f40bd6b8-d2a2-4477-9a06-f63801df53aa', NULL, 'b8df8187-f8aa-4189-9d67-64040597c0c0'),
	('a9ea9c6a-199a-4c51-bcd1-addf1ca3eaa2', 'OPEN', 0, '2024-06-14 22:23:15', '2024-06-14 22:23:15', 'dbd340ed-57db-47f1-abad-8e0ad4c9c1f9', NULL, '09ef9791-eadc-4042-abdc-664085806875'),
	('aa2a344c-6d04-4125-b794-78b461796657', 'OPEN', 0, '2024-06-16 19:04:10', '2024-06-16 19:04:10', 'f40bd6b8-d2a2-4477-9a06-f63801df53aa', NULL, '68ade193-a6fa-4643-8f22-84dbcd453a85'),
	('aa6fa977-3bf6-4a0d-92c7-8cfeda2c9bf9', 'OPEN', 0, '2024-06-14 22:23:15', '2024-06-14 22:23:15', 'dbd340ed-57db-47f1-abad-8e0ad4c9c1f9', NULL, '312fccc2-ebc4-4fe6-ac3f-9ae8e80afbd2'),
	('aa790e4a-e61a-434f-aade-4f5945d5fe48', 'OPEN', 0, '2024-06-14 22:23:15', '2024-06-14 22:23:15', 'dbd340ed-57db-47f1-abad-8e0ad4c9c1f9', NULL, 'd9ca3ebc-9dc2-4b40-a5a3-a2ec38a320ef'),
	('aaf403ec-3f12-4795-ad0e-dbadae5f9144', 'OPEN', 0, '2024-06-14 22:23:15', '2024-06-14 22:23:15', 'dbd340ed-57db-47f1-abad-8e0ad4c9c1f9', NULL, '8784afff-7308-4420-b8e3-c5e6dcf5c8d9'),
	('ac8b4212-c15d-4a71-b1d1-5e0d7676f5f3', 'OPEN', 0, '2024-06-14 22:20:50', '2024-06-14 22:20:50', '7d98a855-d805-4122-8649-a6ebab007c86', NULL, '8e06e316-ced9-40be-814c-5f21407aac6b'),
	('ac9681e9-1a89-405e-9e06-d71d9922b818', 'OPEN', 0, '2024-06-13 16:11:02', '2024-06-13 16:11:02', '5769a425-b10b-4892-a839-b9336dc8aabb', NULL, '004cd1df-88a2-47da-9198-56bb130bb42b'),
	('adc10c41-0532-4f9a-9add-4f81b8514ab0', 'OPEN', 0, '2024-06-14 22:23:15', '2024-06-14 22:23:15', 'dbd340ed-57db-47f1-abad-8e0ad4c9c1f9', NULL, '8460be43-7a74-44c3-b294-21ba94c9bff5'),
	('b2d8a415-736e-40d6-aee9-228d5b1342bc', 'OPEN', 0, '2024-06-14 22:22:51', '2024-06-14 22:22:51', '4e385168-5e79-42a1-8de5-a07f58e7c2a2', NULL, 'e8cbe748-36ab-457f-96f2-0ac31b79e660'),
	('b4d06c2f-c030-44a1-9a2c-08ac333da4bf', 'OPEN', 0, '2024-06-14 22:22:51', '2024-06-14 22:22:51', '4e385168-5e79-42a1-8de5-a07f58e7c2a2', NULL, '312fccc2-ebc4-4fe6-ac3f-9ae8e80afbd2'),
	('b7d06539-aa92-4aae-88c0-7fea628d4fad', 'OPEN', 0, '2024-06-14 22:23:15', '2024-06-14 22:23:15', 'dbd340ed-57db-47f1-abad-8e0ad4c9c1f9', NULL, '1be9e6d3-854b-4b76-92c1-9197018a3a4f'),
	('bac2ba2b-ef57-4ad1-8760-12fc9d61c004', 'OPEN', 0, '2024-06-16 19:04:10', '2024-06-16 19:04:10', 'f40bd6b8-d2a2-4477-9a06-f63801df53aa', NULL, '2a345faf-510c-449d-b6f6-68f0eee15ca7'),
	('bc11184a-1cc1-4d2f-8aad-17794816f41a', 'OPEN', 0, '2024-06-13 16:11:02', '2024-06-13 16:11:02', '5769a425-b10b-4892-a839-b9336dc8aabb', NULL, 'd93700f0-97db-48ac-a283-82145a9e4e8b'),
	('bcabbeee-f727-4dd4-a0be-b64e1dd5883c', 'OPEN', 0, '2024-06-14 22:23:15', '2024-06-14 22:23:15', 'dbd340ed-57db-47f1-abad-8e0ad4c9c1f9', NULL, 'd99462b3-13c4-41d4-9d2e-a7ead5aac437'),
	('bcc65a4c-898a-4032-bb62-9e8d6acc1127', 'OPEN', 0, '2024-06-14 22:20:50', '2024-06-14 22:20:50', '7d98a855-d805-4122-8649-a6ebab007c86', NULL, '8460be43-7a74-44c3-b294-21ba94c9bff5'),
	('bd425865-4afa-4f44-b60b-a27cf08ef968', 'OPEN', 0, '2024-06-16 19:04:10', '2024-06-16 19:04:10', 'f40bd6b8-d2a2-4477-9a06-f63801df53aa', NULL, 'a00b740d-d486-4b84-a45a-b4e98441248b'),
	('c06d6b8f-c2f0-4285-8c74-4b12c3a50a47', 'OPEN', 0, '2024-06-16 19:04:10', '2024-06-16 19:04:10', 'f40bd6b8-d2a2-4477-9a06-f63801df53aa', NULL, '60810b65-cad6-4bab-bde0-20c3eb3d348d'),
	('c152afc3-ade4-4aa1-9ce5-1f684fa6884a', 'OPEN', 0, '2024-06-16 19:04:10', '2024-06-16 19:04:10', 'f40bd6b8-d2a2-4477-9a06-f63801df53aa', NULL, 'bdc49808-d4b0-4dc5-b3c6-e10cc58dcc4b'),
	('c225beb1-cfd2-4d5f-9b7b-0ef605c1f712', 'OPEN', 0, '2024-06-16 19:04:10', '2024-06-16 19:04:10', 'f40bd6b8-d2a2-4477-9a06-f63801df53aa', NULL, 'fa85383e-4409-4b9b-bbdb-29994a16c8af'),
	('c3a532df-bb75-4f20-875a-92ee3bfc59d3', 'OPEN', 0, '2024-06-14 22:20:50', '2024-06-14 22:20:50', '7d98a855-d805-4122-8649-a6ebab007c86', NULL, '89e98872-a38d-4cb5-96a2-a04370295b32'),
	('c3f2e2c8-3acd-4196-b999-252197b5cce4', 'OPEN', 0, '2024-06-14 22:20:50', '2024-06-14 22:20:50', '7d98a855-d805-4122-8649-a6ebab007c86', NULL, 'fa85383e-4409-4b9b-bbdb-29994a16c8af'),
	('c5255e6a-a811-4ac4-a1de-fa09a217164b', 'OPEN', 0, '2024-06-16 19:04:10', '2024-06-16 19:04:10', 'f40bd6b8-d2a2-4477-9a06-f63801df53aa', NULL, '8460be43-7a74-44c3-b294-21ba94c9bff5'),
	('c98f13df-9333-4177-8fe7-ae21d8fd580b', 'OPEN', 0, '2024-06-16 19:04:10', '2024-06-16 19:04:10', 'f40bd6b8-d2a2-4477-9a06-f63801df53aa', NULL, '4679f35a-3143-45af-84ea-d53bb266efdb'),
	('c9d8cdbc-0bf0-492d-a023-aac9963130a0', 'OPEN', 0, '2024-06-16 19:04:10', '2024-06-16 19:04:10', 'f40bd6b8-d2a2-4477-9a06-f63801df53aa', NULL, 'fd61987f-7091-44e2-bb15-3a07c26ceab6'),
	('ccafe1b8-9910-4ed8-a365-e08bd5783037', 'OPEN', 0, '2024-06-14 22:23:15', '2024-06-14 22:23:15', 'dbd340ed-57db-47f1-abad-8e0ad4c9c1f9', NULL, '89e98872-a38d-4cb5-96a2-a04370295b32'),
	('cd72c545-5ce3-41b2-9c5d-564d00f6edb5', 'OPEN', 0, '2024-06-14 22:22:51', '2024-06-14 22:22:51', '4e385168-5e79-42a1-8de5-a07f58e7c2a2', NULL, 'd4dd648b-268f-4fbf-8ec4-8ce0fe7cd2e6'),
	('ceefa3fd-f4d7-4b1d-a55d-62c9715d55da', 'OPEN', 0, '2024-06-14 22:22:51', '2024-06-14 22:22:51', '4e385168-5e79-42a1-8de5-a07f58e7c2a2', NULL, 'e5224242-4685-4b1a-ae94-b31ff50e23a4'),
	('cf7ae670-500e-4f00-aba2-85e00a49d34a', 'OPEN', 0, '2024-06-14 22:20:50', '2024-06-14 22:20:50', '7d98a855-d805-4122-8649-a6ebab007c86', NULL, '5f42e20e-31fc-4256-a30e-ddf80661bc12'),
	('d07816f1-4b1b-490f-a874-2680b70ff472', 'OPEN', 0, '2024-06-14 22:22:51', '2024-06-14 22:22:51', '4e385168-5e79-42a1-8de5-a07f58e7c2a2', NULL, '7b5f09af-63b9-4170-995b-0b8106ec9535'),
	('d0862eef-4901-4a85-95d0-d2e823fd4a48', 'OPEN', 0, '2024-06-14 22:23:15', '2024-06-14 22:23:15', 'dbd340ed-57db-47f1-abad-8e0ad4c9c1f9', NULL, 'e8cbe748-36ab-457f-96f2-0ac31b79e660'),
	('d14a4984-657f-4e2e-b24d-ac4fe6851fce', 'OPEN', 0, '2024-06-14 22:23:15', '2024-06-14 22:23:15', 'dbd340ed-57db-47f1-abad-8e0ad4c9c1f9', NULL, 'd93700f0-97db-48ac-a283-82145a9e4e8b'),
	('d6124854-77ff-4613-9529-99964562ef7b', 'OPEN', 0, '2024-06-14 22:22:51', '2024-06-14 22:22:51', '4e385168-5e79-42a1-8de5-a07f58e7c2a2', NULL, '71c7947c-61e4-44c6-9116-06edc64c796d'),
	('d73ce626-2054-4498-ad61-f8271f03d2ec', 'OPEN', 0, '2024-06-14 22:20:50', '2024-06-14 22:20:50', '7d98a855-d805-4122-8649-a6ebab007c86', NULL, '315ecde9-fb12-4b7f-8ade-a24f6db0476d'),
	('d95f8a2c-ff7f-4278-bf10-c3c4392c37af', 'OPEN', 0, '2024-06-13 16:11:02', '2024-06-13 16:11:02', '5769a425-b10b-4892-a839-b9336dc8aabb', NULL, '7b5f09af-63b9-4170-995b-0b8106ec9535'),
	('dbdba8ad-a4e1-4754-bc34-3521b399b3c3', 'OPEN', 0, '2024-06-16 19:04:10', '2024-06-16 19:04:10', 'f40bd6b8-d2a2-4477-9a06-f63801df53aa', NULL, 'a58e8928-9916-4df1-801f-45a2516844a5'),
	('dcff99ff-3122-4613-b024-944068477b66', 'OPEN', 0, '2024-06-14 22:23:15', '2024-06-14 22:23:15', 'dbd340ed-57db-47f1-abad-8e0ad4c9c1f9', NULL, 'd4dd648b-268f-4fbf-8ec4-8ce0fe7cd2e6'),
	('dd7a93a3-059a-4b67-91a3-43088563e53e', 'OPEN', 0, '2024-06-16 19:04:10', '2024-06-16 19:04:10', 'f40bd6b8-d2a2-4477-9a06-f63801df53aa', NULL, '8784afff-7308-4420-b8e3-c5e6dcf5c8d9'),
	('df8cf8ec-fa4a-4af2-aa1b-08e2174ab098', 'OPEN', 0, '2024-06-16 19:04:10', '2024-06-16 19:04:10', 'f40bd6b8-d2a2-4477-9a06-f63801df53aa', NULL, '8e06e316-ced9-40be-814c-5f21407aac6b'),
	('e0060672-bc6f-4ada-9e28-f6a7e8d7c009', 'OPEN', 0, '2024-06-13 16:11:02', '2024-06-13 16:11:02', '5769a425-b10b-4892-a839-b9336dc8aabb', NULL, '315ecde9-fb12-4b7f-8ade-a24f6db0476d'),
	('e1278eb8-7cad-4ac8-9e45-a10016e821a3', 'OPEN', 0, '2024-06-14 22:22:51', '2024-06-14 22:22:51', '4e385168-5e79-42a1-8de5-a07f58e7c2a2', NULL, '2a345faf-510c-449d-b6f6-68f0eee15ca7'),
	('e1d39e37-b485-405a-98c7-ca0db170fb80', 'OPEN', 0, '2024-06-13 16:11:02', '2024-06-13 16:11:02', '5769a425-b10b-4892-a839-b9336dc8aabb', NULL, '68ade193-a6fa-4643-8f22-84dbcd453a85'),
	('e273927e-5562-4228-ab02-e8932cc3ad53', 'OPEN', 0, '2024-06-14 22:20:50', '2024-06-14 22:20:50', '7d98a855-d805-4122-8649-a6ebab007c86', NULL, 'bc17b597-3bee-410d-8697-9a31ee837925'),
	('e534d135-d2f3-4b9c-82c8-dcd5aefde74b', 'OPEN', 0, '2024-06-13 16:11:02', '2024-06-13 16:11:02', '5769a425-b10b-4892-a839-b9336dc8aabb', NULL, '2272d3b2-9d06-4271-93da-94b96919772d'),
	('e5793062-ee88-430b-a71d-fba992c895a3', 'OPEN', 0, '2024-06-14 22:23:15', '2024-06-14 22:23:15', 'dbd340ed-57db-47f1-abad-8e0ad4c9c1f9', NULL, 'a58e8928-9916-4df1-801f-45a2516844a5'),
	('e58da622-0ea7-4196-8ea1-8e6fdd171f2b', 'OPEN', 0, '2024-06-13 16:11:02', '2024-06-13 16:11:02', '5769a425-b10b-4892-a839-b9336dc8aabb', NULL, 'a58e8928-9916-4df1-801f-45a2516844a5'),
	('e66fa4a1-c8ef-4fad-b344-59ce387961ff', 'OPEN', 0, '2024-06-14 22:20:50', '2024-06-14 22:20:50', '7d98a855-d805-4122-8649-a6ebab007c86', NULL, '004cd1df-88a2-47da-9198-56bb130bb42b'),
	('e72008a4-c88e-4ac8-9f67-385eb068f26b', 'OPEN', 0, '2024-06-13 16:11:02', '2024-06-13 16:11:02', '5769a425-b10b-4892-a839-b9336dc8aabb', NULL, '82ee573a-22b1-4d3d-a1da-2d23548d3234'),
	('e7a5ff94-be22-4338-ba4c-d8e69dae5eb0', 'OPEN', 0, '2024-06-16 19:04:10', '2024-06-16 19:04:10', 'f40bd6b8-d2a2-4477-9a06-f63801df53aa', NULL, '17c1885c-d039-431b-9289-3df16312947a'),
	('ec744be2-8265-4843-9b8a-32771978d60c', 'OPEN', 0, '2024-06-14 22:23:15', '2024-06-14 22:23:15', 'dbd340ed-57db-47f1-abad-8e0ad4c9c1f9', NULL, '2ac39c74-cc2a-4d76-a289-8f253a6ade4a'),
	('eeeefe86-c949-471d-9036-e7d22d8a311a', 'OPEN', 0, '2024-06-14 22:20:50', '2024-06-14 22:20:50', '7d98a855-d805-4122-8649-a6ebab007c86', NULL, 'fd61987f-7091-44e2-bb15-3a07c26ceab6'),
	('ef685152-c986-475b-9e2b-71ef105bf3e8', 'OPEN', 0, '2024-06-14 22:23:15', '2024-06-14 22:23:15', 'dbd340ed-57db-47f1-abad-8e0ad4c9c1f9', NULL, '2a345faf-510c-449d-b6f6-68f0eee15ca7'),
	('ef8ebec7-5993-4c44-ba79-7754c4f8fcf7', 'OPEN', 0, '2024-06-14 22:22:51', '2024-06-14 22:22:51', '4e385168-5e79-42a1-8de5-a07f58e7c2a2', NULL, 'bc17b597-3bee-410d-8697-9a31ee837925'),
	('eff45719-677d-413e-bd6a-aa8b0a83025c', 'OPEN', 0, '2024-06-14 22:22:51', '2024-06-14 22:22:51', '4e385168-5e79-42a1-8de5-a07f58e7c2a2', NULL, '1d4dc4de-2447-48ad-b2de-94d350c17e60'),
	('f0000745-e724-4f10-bc3c-0786497b914d', 'OPEN', 0, '2024-06-13 16:11:02', '2024-06-13 16:11:02', '5769a425-b10b-4892-a839-b9336dc8aabb', NULL, '8e06e316-ced9-40be-814c-5f21407aac6b'),
	('f18a4449-1af3-4c72-a747-cec80e9d1555', 'OPEN', 0, '2024-06-13 16:11:02', '2024-06-13 16:11:02', '5769a425-b10b-4892-a839-b9336dc8aabb', NULL, 'd99462b3-13c4-41d4-9d2e-a7ead5aac437'),
	('f1c5cfda-03a1-4111-85d1-d236f6a2c262', 'OPEN', 0, '2024-06-14 22:22:51', '2024-06-14 22:22:51', '4e385168-5e79-42a1-8de5-a07f58e7c2a2', NULL, 'd93700f0-97db-48ac-a283-82145a9e4e8b'),
	('f2c61d48-b8e9-4669-b84d-827ced94fc27', 'OPEN', 0, '2024-06-16 19:04:10', '2024-06-16 19:04:10', 'f40bd6b8-d2a2-4477-9a06-f63801df53aa', NULL, '3d90c9a4-76c3-4840-822f-da67572719f9'),
	('f4a411a2-c962-4258-afd7-38b160654e7a', 'OPEN', 0, '2024-06-14 22:20:50', '2024-06-14 22:20:50', '7d98a855-d805-4122-8649-a6ebab007c86', NULL, '60810b65-cad6-4bab-bde0-20c3eb3d348d'),
	('f54db821-e311-48d1-a82f-292e64fd77e4', 'OPEN', 0, '2024-06-14 22:20:50', '2024-06-14 22:20:50', '7d98a855-d805-4122-8649-a6ebab007c86', NULL, '17c1885c-d039-431b-9289-3df16312947a'),
	('f55be70d-1509-413b-819f-e69ee55ffeb8', 'OPEN', 0, '2024-06-14 22:23:15', '2024-06-14 22:23:15', 'dbd340ed-57db-47f1-abad-8e0ad4c9c1f9', NULL, '4679f35a-3143-45af-84ea-d53bb266efdb'),
	('f6cc6831-d03e-4161-ade1-f179a3139538', 'OPEN', 0, '2024-06-14 22:22:51', '2024-06-14 22:22:51', '4e385168-5e79-42a1-8de5-a07f58e7c2a2', NULL, '60810b65-cad6-4bab-bde0-20c3eb3d348d'),
	('f740936f-5728-4188-bd12-6102b4833695', 'OPEN', 0, '2024-06-16 19:04:10', '2024-06-16 19:04:10', 'f40bd6b8-d2a2-4477-9a06-f63801df53aa', NULL, '04ff99c4-92ec-4644-a966-d74a826eb2e7'),
	('f78f9458-c8d4-43de-a1ab-0a493113dfd6', 'OPEN', 0, '2024-06-14 22:20:50', '2024-06-14 22:20:50', '7d98a855-d805-4122-8649-a6ebab007c86', NULL, 'd99462b3-13c4-41d4-9d2e-a7ead5aac437'),
	('f86ffc02-7512-45cb-95be-5d37d2de792a', 'OPEN', 0, '2024-06-14 22:22:51', '2024-06-14 22:22:51', '4e385168-5e79-42a1-8de5-a07f58e7c2a2', NULL, '2272d3b2-9d06-4271-93da-94b96919772d'),
	('f8870a77-3169-44c1-b80d-a84a83f1aad6', 'OPEN', 0, '2024-06-14 22:20:50', '2024-06-14 22:20:50', '7d98a855-d805-4122-8649-a6ebab007c86', NULL, 'a58e8928-9916-4df1-801f-45a2516844a5'),
	('f900ae12-9c61-42da-a425-e50e0dca2d0e', 'OPEN', 0, '2024-06-13 16:11:02', '2024-06-13 16:11:02', '5769a425-b10b-4892-a839-b9336dc8aabb', NULL, 'fdd16288-e542-4e91-9049-61e183b264ac'),
	('fa4f0074-f342-4c48-b71d-166d30d657c7', 'OPEN', 0, '2024-06-14 22:23:15', '2024-06-14 22:23:15', 'dbd340ed-57db-47f1-abad-8e0ad4c9c1f9', NULL, '1d4dc4de-2447-48ad-b2de-94d350c17e60'),
	('faa5f231-9b87-4c5b-9c24-be473cb02d84', 'OPEN', 0, '2024-06-14 22:23:15', '2024-06-14 22:23:15', 'dbd340ed-57db-47f1-abad-8e0ad4c9c1f9', NULL, '68ade193-a6fa-4643-8f22-84dbcd453a85'),
	('fac450f2-425b-46d1-b0f7-a608e85f38a1', 'OPEN', 0, '2024-06-13 16:11:02', '2024-06-13 16:11:02', '5769a425-b10b-4892-a839-b9336dc8aabb', NULL, 'fd61987f-7091-44e2-bb15-3a07c26ceab6'),
	('fb1422d3-bf9e-4fd1-8b4b-9d8fe49e4c24', 'OPEN', 0, '2024-06-14 22:22:51', '2024-06-14 22:22:51', '4e385168-5e79-42a1-8de5-a07f58e7c2a2', NULL, '1be9e6d3-854b-4b76-92c1-9197018a3a4f'),
	('fbf7c4f1-ee54-47df-9de7-149d1d971041', 'OPEN', 0, '2024-06-13 16:11:02', '2024-06-13 16:11:02', '5769a425-b10b-4892-a839-b9336dc8aabb', NULL, '4679f35a-3143-45af-84ea-d53bb266efdb'),
	('fc28869a-3624-4dd4-94b3-907d8bb63c29', 'OPEN', 0, '2024-06-14 22:22:51', '2024-06-14 22:22:51', '4e385168-5e79-42a1-8de5-a07f58e7c2a2', NULL, '82ee573a-22b1-4d3d-a1da-2d23548d3234'),
	('fdd0ba6e-e12b-4d04-823a-6c73b80c0cc6', 'OPEN', 0, '2024-06-13 16:11:02', '2024-06-13 16:11:02', '5769a425-b10b-4892-a839-b9336dc8aabb', NULL, '60810b65-cad6-4bab-bde0-20c3eb3d348d'),
	('ff1a5df2-3254-486a-b5cf-36545b5bed38', 'OPEN', 0, '2024-06-14 22:22:51', '2024-06-14 22:22:51', '4e385168-5e79-42a1-8de5-a07f58e7c2a2', NULL, 'd9ca3ebc-9dc2-4b40-a5a3-a2ec38a320ef'),
	('ff78ad94-489a-453f-aa95-0388e0f91f52', 'OPEN', 0, '2024-06-13 16:11:02', '2024-06-13 16:11:02', '5769a425-b10b-4892-a839-b9336dc8aabb', NULL, '2a345faf-510c-449d-b6f6-68f0eee15ca7'),
	('ffcb057d-a835-4460-ab9f-5ea2c2145132', 'OPEN', 0, '2024-06-16 19:04:10', '2024-06-16 19:04:10', 'f40bd6b8-d2a2-4477-9a06-f63801df53aa', NULL, 'd4dd648b-268f-4fbf-8ec4-8ce0fe7cd2e6');

-- Dumping structure for table manage_graduation_se_iuh.terms
CREATE TABLE IF NOT EXISTS `terms` (
  `id` char(36) CHARACTER SET utf8mb4 COLLATE utf8mb4_bin NOT NULL,
  `name` varchar(255) NOT NULL,
  `start_date` datetime NOT NULL,
  `end_date` datetime NOT NULL,
  `created_at` datetime NOT NULL,
  `updated_at` datetime NOT NULL,
  PRIMARY KEY (`id`)
) ENGINE=InnoDB DEFAULT CHARSET=utf8mb4 COLLATE=utf8mb4_general_ci;

-- Dumping data for table manage_graduation_se_iuh.terms: ~6 rows (approximately)
INSERT INTO `terms` (`id`, `name`, `start_date`, `end_date`, `created_at`, `updated_at`) VALUES
	('36add2b6-6e88-4283-8c22-d79fef5af002', 'HK3_2024-2025', '2025-06-02 07:00:00', '2025-08-01 07:00:00', '2024-06-12 16:45:12', '2024-06-12 16:45:12'),
	('4e385168-5e79-42a1-8de5-a07f58e7c2a2', 'HK1_2023-2024', '2023-09-01 07:00:00', '2024-01-01 07:00:00', '2024-06-12 16:42:19', '2024-06-12 16:42:19'),
	('5769a425-b10b-4892-a839-b9336dc8aabb', 'HK2_2024-2025', '2025-12-26 07:00:00', '2025-06-02 07:00:00', '2024-06-12 16:44:46', '2024-06-12 16:44:46'),
	('7d98a855-d805-4122-8649-a6ebab007c86', 'HK1_2024-2025', '2024-08-02 07:00:00', '2025-12-22 07:00:00', '2024-06-12 16:43:56', '2024-06-12 16:43:56'),
	('dbd340ed-57db-47f1-abad-8e0ad4c9c1f9', 'HK2_2023-2024', '2024-01-02 07:00:00', '2024-05-01 07:00:00', '2024-06-12 16:42:53', '2024-06-12 16:42:53'),
	('f40bd6b8-d2a2-4477-9a06-f63801df53aa', 'HK3_2023-2024', '2024-06-02 07:00:00', '2024-08-01 07:00:00', '2024-06-12 16:43:22', '2024-06-12 16:43:22');

-- Dumping structure for table manage_graduation_se_iuh.term_details
CREATE TABLE IF NOT EXISTS `term_details` (
  `id` char(36) CHARACTER SET utf8mb4 COLLATE utf8mb4_bin NOT NULL,
  `name` enum('CHOOSE_GROUP','CHOOSE_TOPIC','DISCUSSION','REPORT','PUBLIC_RESULT') NOT NULL,
  `start_date` datetime NOT NULL,
  `end_date` datetime NOT NULL,
  `created_at` datetime NOT NULL,
  `updated_at` datetime NOT NULL,
  `term_id` char(36) CHARACTER SET utf8mb4 COLLATE utf8mb4_bin DEFAULT NULL,
  PRIMARY KEY (`id`),
  KEY `term_id` (`term_id`),
  CONSTRAINT `term_details_ibfk_1` FOREIGN KEY (`term_id`) REFERENCES `terms` (`id`) ON DELETE SET NULL ON UPDATE CASCADE
) ENGINE=InnoDB DEFAULT CHARSET=utf8mb4 COLLATE=utf8mb4_general_ci;

-- Dumping data for table manage_graduation_se_iuh.term_details: ~30 rows (approximately)
INSERT INTO `term_details` (`id`, `name`, `start_date`, `end_date`, `created_at`, `updated_at`, `term_id`) VALUES
	('0501a281-38e2-4b8a-aa6e-cb88d027b351', 'PUBLIC_RESULT', '2024-06-02 07:00:00', '2024-06-14 19:00:36', '2024-06-12 16:43:22', '2024-06-14 19:00:37', 'f40bd6b8-d2a2-4477-9a06-f63801df53aa'),
	('09a4efaa-a5e7-4e2f-a85d-9eea8ce0e9e4', 'DISCUSSION', '2025-06-02 07:00:00', '2025-08-01 07:00:00', '2024-06-12 16:45:12', '2024-06-12 16:45:12', '36add2b6-6e88-4283-8c22-d79fef5af002'),
	('0f545bb4-0bee-4e9b-ad53-c69952cb50eb', 'CHOOSE_TOPIC', '2023-09-01 07:00:00', '2024-01-01 07:00:00', '2024-06-12 16:42:19', '2024-06-12 16:42:19', '4e385168-5e79-42a1-8de5-a07f58e7c2a2'),
	('12f6285c-9d56-4f64-8b35-bace9da72db9', 'DISCUSSION', '2024-01-02 07:00:00', '2024-05-01 07:00:00', '2024-06-12 16:42:53', '2024-06-12 16:42:53', 'dbd340ed-57db-47f1-abad-8e0ad4c9c1f9'),
	('17210390-f717-47ab-85a6-31a9bd032487', 'DISCUSSION', '2024-08-02 07:00:00', '2025-12-22 07:00:00', '2024-06-12 16:43:56', '2024-06-12 16:43:56', '7d98a855-d805-4122-8649-a6ebab007c86'),
	('2462df7f-567f-41c5-b51a-ee9f7ddece59', 'DISCUSSION', '2023-09-01 07:00:00', '2024-01-01 07:00:00', '2024-06-12 16:42:19', '2024-06-12 16:42:19', '4e385168-5e79-42a1-8de5-a07f58e7c2a2'),
	('2fa172d0-82ab-4257-b5ad-b8cea16b66f5', 'REPORT', '2025-12-26 07:00:00', '2025-06-02 07:00:00', '2024-06-12 16:44:46', '2024-06-12 16:44:46', '5769a425-b10b-4892-a839-b9336dc8aabb'),
	('35a92272-5d1e-4c4c-a848-c0ffb05be8d1', 'PUBLIC_RESULT', '2025-12-26 07:00:00', '2025-06-02 07:00:00', '2024-06-12 16:44:46', '2024-06-12 16:44:46', '5769a425-b10b-4892-a839-b9336dc8aabb'),
	('4b775d73-759e-4f99-baa0-3410c0539c8d', 'CHOOSE_TOPIC', '2024-01-02 07:00:00', '2024-05-01 07:00:00', '2024-06-12 16:42:53', '2024-06-12 16:42:53', 'dbd340ed-57db-47f1-abad-8e0ad4c9c1f9'),
	('53e274c3-a0ac-4e3b-94b3-f1c3555df7e3', 'REPORT', '2024-06-02 07:00:00', '2024-06-14 17:01:36', '2024-06-12 16:43:22', '2024-06-14 17:01:37', 'f40bd6b8-d2a2-4477-9a06-f63801df53aa'),
	('5b53c94f-8455-4a60-8b28-8f67ac584455', 'CHOOSE_GROUP', '2024-08-02 07:00:00', '2025-12-22 07:00:00', '2024-06-12 16:43:56', '2024-06-12 16:43:56', '7d98a855-d805-4122-8649-a6ebab007c86'),
	('5d214b83-b947-48f5-869a-89ed38d5a9f5', 'CHOOSE_TOPIC', '2025-12-26 07:00:00', '2025-06-02 07:00:00', '2024-06-12 16:44:46', '2024-06-12 16:44:46', '5769a425-b10b-4892-a839-b9336dc8aabb'),
	('600842ca-2f54-44ac-8a49-d91396362e52', 'CHOOSE_TOPIC', '2024-08-02 07:00:00', '2025-12-22 07:00:00', '2024-06-12 16:43:56', '2024-06-12 16:43:56', '7d98a855-d805-4122-8649-a6ebab007c86'),
	('6b7d2dee-b800-4c91-b949-7d6ab1338a38', 'CHOOSE_GROUP', '2024-01-02 07:00:00', '2024-05-01 07:00:00', '2024-06-12 16:42:53', '2024-06-12 16:42:53', 'dbd340ed-57db-47f1-abad-8e0ad4c9c1f9'),
	('79db546f-3cfa-4608-9976-2330ce9a4098', 'CHOOSE_TOPIC', '2025-06-02 07:00:00', '2025-08-01 07:00:00', '2024-06-12 16:45:12', '2024-06-12 16:45:12', '36add2b6-6e88-4283-8c22-d79fef5af002'),
	('7ac20bc2-5f9c-4af2-85e9-b476455adb4c', 'CHOOSE_GROUP', '2025-06-02 07:00:00', '2025-08-01 07:00:00', '2024-06-12 16:45:12', '2024-06-12 16:45:12', '36add2b6-6e88-4283-8c22-d79fef5af002'),
	('7b82ca8d-e6bf-46ad-9934-d5303edb91c8', 'REPORT', '2025-06-02 07:00:00', '2025-08-01 07:00:00', '2024-06-12 16:45:12', '2024-06-12 16:45:12', '36add2b6-6e88-4283-8c22-d79fef5af002'),
	('90be3473-2c3a-47ab-83a9-3b40dc4c1b8b', 'PUBLIC_RESULT', '2024-08-02 07:00:00', '2025-12-22 07:00:00', '2024-06-12 16:43:56', '2024-06-12 16:43:56', '7d98a855-d805-4122-8649-a6ebab007c86'),
	('9a1d4b98-deb5-4335-bcb0-f212c61094a7', 'REPORT', '2024-08-02 07:00:00', '2025-12-22 07:00:00', '2024-06-12 16:43:56', '2024-06-12 16:43:56', '7d98a855-d805-4122-8649-a6ebab007c86'),
	('9b6c7fc5-e614-4d32-81ba-4394d289da42', 'PUBLIC_RESULT', '2024-01-02 07:00:00', '2024-05-01 07:00:00', '2024-06-12 16:42:53', '2024-06-12 16:42:53', 'dbd340ed-57db-47f1-abad-8e0ad4c9c1f9'),
	('af6a4089-67a4-4b90-b021-d62dddae3110', 'CHOOSE_GROUP', '2023-09-01 07:00:00', '2024-01-01 07:00:00', '2024-06-12 16:42:19', '2024-06-12 16:42:19', '4e385168-5e79-42a1-8de5-a07f58e7c2a2'),
	('b764d56c-fd39-4d26-88ed-5653e3e47ca0', 'DISCUSSION', '2025-12-26 07:00:00', '2025-06-02 07:00:00', '2024-06-12 16:44:46', '2024-06-12 16:44:46', '5769a425-b10b-4892-a839-b9336dc8aabb'),
	('b8079b00-b4c1-4617-906b-ca8b766ae26d', 'REPORT', '2023-09-01 07:00:00', '2024-01-01 07:00:00', '2024-06-12 16:42:19', '2024-06-12 16:42:19', '4e385168-5e79-42a1-8de5-a07f58e7c2a2'),
	('be62a729-6656-4521-9fb4-c19b1fa073b4', 'CHOOSE_GROUP', '2024-06-02 07:00:00', '2024-06-16 22:18:05', '2024-06-12 16:43:22', '2024-06-16 22:18:06', 'f40bd6b8-d2a2-4477-9a06-f63801df53aa'),
	('bfadfba7-b238-4d03-be2e-f50f0d6a12a7', 'REPORT', '2024-01-02 07:00:00', '2024-05-01 07:00:00', '2024-06-12 16:42:53', '2024-06-12 16:42:53', 'dbd340ed-57db-47f1-abad-8e0ad4c9c1f9'),
	('d582451c-dc2e-451a-b424-008706167314', 'DISCUSSION', '2024-06-02 07:00:00', '2024-06-14 17:01:32', '2024-06-12 16:43:22', '2024-06-14 17:01:33', 'f40bd6b8-d2a2-4477-9a06-f63801df53aa'),
	('dd4cd20f-1725-4293-b565-270edae0fa14', 'CHOOSE_TOPIC', '2024-06-02 07:00:00', '2024-06-14 17:01:30', '2024-06-12 16:43:22', '2024-06-14 17:01:30', 'f40bd6b8-d2a2-4477-9a06-f63801df53aa'),
	('e9fbac57-f247-4f3d-9b86-21a8c667f8ec', 'CHOOSE_GROUP', '2025-12-26 07:00:00', '2025-06-02 07:00:00', '2024-06-12 16:44:46', '2024-06-12 16:44:46', '5769a425-b10b-4892-a839-b9336dc8aabb'),
	('eaa05283-d630-48e8-a658-de104adb33ee', 'PUBLIC_RESULT', '2023-09-01 07:00:00', '2024-01-01 07:00:00', '2024-06-12 16:42:19', '2024-06-12 16:42:19', '4e385168-5e79-42a1-8de5-a07f58e7c2a2'),
	('fd5f1622-cbaa-4f62-aff5-420d45bb0272', 'PUBLIC_RESULT', '2025-06-02 07:00:00', '2025-08-01 07:00:00', '2024-06-12 16:45:12', '2024-06-12 16:45:12', '36add2b6-6e88-4283-8c22-d79fef5af002');

-- Dumping structure for table manage_graduation_se_iuh.topics
CREATE TABLE IF NOT EXISTS `topics` (
  `id` char(36) CHARACTER SET utf8mb4 COLLATE utf8mb4_bin NOT NULL,
  `name` varchar(255) NOT NULL,
  `description` longtext DEFAULT NULL,
  `quantity_group_max` int(11) NOT NULL,
  `note` text DEFAULT NULL,
  `target` text DEFAULT NULL,
  `standard_output` mediumtext DEFAULT NULL,
  `require_input` mediumtext DEFAULT NULL,
  `status` enum('PENDING','APPROVED','REJECTED') NOT NULL DEFAULT 'PENDING',
  `created_at` datetime NOT NULL,
  `updated_at` datetime NOT NULL,
  `lecturer_term_id` char(36) CHARACTER SET utf8mb4 COLLATE utf8mb4_bin DEFAULT NULL,
  PRIMARY KEY (`id`),
  KEY `lecturer_term_id` (`lecturer_term_id`),
  CONSTRAINT `topics_ibfk_1` FOREIGN KEY (`lecturer_term_id`) REFERENCES `lecturer_terms` (`id`) ON DELETE SET NULL ON UPDATE CASCADE
) ENGINE=InnoDB DEFAULT CHARSET=utf8mb4 COLLATE=utf8mb4_general_ci;

-- Dumping data for table manage_graduation_se_iuh.topics: ~0 rows (approximately)
INSERT INTO `topics` (`id`, `name`, `description`, `quantity_group_max`, `note`, `target`, `standard_output`, `require_input`, `status`, `created_at`, `updated_at`, `lecturer_term_id`) VALUES
	('1', 'Tm hiu cng ngh WPF v ng dng xy dng game ghp hnh cho tr em', '- Tim hiu cch thc lp trnh vi WPF. \r\n - Tm hiu cc control, cc layout.\r\n - Tm hiu style, template.\r\n - Tm hiu  ha 2D, 3D.\r\n - Tm hiu kh nng to hiu ng, m thanh, hnh nh, hot ha ca WPF.\r\n - M t r rng yu cu ca game ghp hnh cho tr em, phn tch, thit k, ci t game.\r\n Tham kho:\r\n https://www.youtube.com/watch?v=NJs96fs56Ho\r\n https://www.youtube.com/watch?v=gy5qxtsvzxE\r\n https://www.youtube.com/watch?v=vTXPPozt6ao\r\n https://www.youtube.com/watch?v=W40CCYU4ZBM\r\n https://9mobi.vn/game-xep-hinh-cho-be-tren-ios-706n.aspx', 5, 'Game ghp hnh cho tr em', '- Hiu c cch thc lp trnh vi WPF.\r\n - Vn dng c nng lc lp trnh C#  xy dng sn phm theo tiu chun cng nghip.', 'A.Sinh vin tham gia  ti\r\n1) Nm vng kin thc, k nng lp trnh C#.\r\n2) C kin thc, k nng trin khai d n phn mm y  qui trnh t Requirement => Design => Coding => Unit Testing.\r\n3) C nng lc y  v lp k hoch, theo di tin , phn tch cc vn  pht sinh trong qu trnh thc hin d n.\r\nB.Sn phm\r\n1) Ti liu m t yu cu.\r\n2) Ti liu m t thit k.\r\n3) Ti liu m t thit k chi tit cho chc nng chnh.\r\n4) M ngun (c lu vt nh k trn h thng qun l phin bn nh SubVersion hoc Git; m ngun trnh by r rng, d hiu theo tiu chun  c thng nht).\r\n5) Ti liu m t tnh hung test v kt qu test cho chc nng chnh ca d n.\r\n6) Ti liu m t cch bin dch, ng gi v hng dn nng cp m ngun cho d n.', '- am m nghin cu cng ngh, lp trnh.\r\n - C kin thc lp trnh C#.\r\n - C tinh thn hc hi v mong mun lm sn phm theo quy trnh cng nghip: tun th tiu chun khi vit m ngun, c hot ng m bo cht lng m ngun.\r\n - C kh nng vit m t yu cu ng dng.', 'APPROVED', '2024-06-16 21:48:31', '2024-06-16 22:18:28', 'b490a193-709d-4579-b6e0-fc5bfcdb9274'),
	('10', 'Qun l khch sn ', 'Chng trnh gip ngi qun l qun l c nhn vin, qun l vic t tr phng ca khch... v khch hng t c phng.', 5, 'p dng c vo thc t', '- Gip ngi qun l, qun l c khch sn\r\n- Gip khch hng xem thng tin v phng, t phng...\r\n', 'A. Sinh vin tham gia  ti\r\n1) Nm vng kin thc, k nng lp trnh C/C++ hoc Java\r\n2) C kin thc, k nng trin khai d n phn mm y  qui trnh t Requirement => Design => Coding => Unit Testing\r\n3) C nng lc y  v Lp k hoch, theo di tin , phn tch cc vn  pht sinh trong qu trnh thc hin d n.\r\n4) c ti liu ting Anh, tm kim ti liu, K nng vit bo co, ti liu thuyt trnh\r\n5) C th thu thp, phn tch c hnh vi ngi dng trong qu trnh thc hin d n.\r\nB. Sn phm\r\n1) C ti liu m t Yu cu d n.\r\n2) C ti liu m t Thit k kin trc ca d n.\r\n3) C ti liu m t Thit k chi tit cho chc nng chnh ca d n.\r\n4)  C ti liu m t tnh hung test v kt qu test cho chc nng chnh ca d n.\r\n5) C ti liu m t cch bin dch, ng gi v hng dn nng cp m ngun cho d n.\r\n\r\n', ' C kin thc v qun l, bo co Crystal report.\r\n- K nng phn tch thit k, lp trnh tt.\r\n- Cn c, chiu kh.\r\n- C tinh thn ham hc hi, cu tin.', 'APPROVED', '2024-06-16 21:48:31', '2024-06-16 22:18:30', '6dbda89d-b4cc-42a9-991f-a1f013fe67bc'),
	('11', 'Qun l t bn trong nh hng', 'Chng trnh gip ngi qun l qun l c  vic t mn n, tnh tin ca khch... v khch hng t c mn n', 5, 'p dng c vo thc t', 'Gip ngi qun l, qun l c bn t, cc mn n \r\n- Gip khch hng xem thng tin v mn n, t bn...\r\n', 'A. Sinh vin tham gia  ti\r\n1) Nm vng kin thc, k nng lp trnh C/C++ hoc Java\r\n2) C kin thc, k nng trin khai d n phn mm y  qui trnh t Requirement => Design => Coding => Unit Testing\r\n3) C nng lc y  v Lp k hoch, theo di tin , phn tch cc vn  pht sinh trong qu trnh thc hin d n.\r\n4) c ti liu ting Anh, tm kim ti liu, K nng vit bo co, ti liu thuyt trnh\r\n5) C th thu thp, phn tch c hnh vi ngi dng trong qu trnh thc hin d n.\r\nB. Sn phm\r\n1) C ti liu m t Yu cu d n.\r\n2) C ti liu m t Thit k kin trc ca d n.\r\n3) C ti liu m t Thit k chi tit cho chc nng chnh ca d n.\r\n4)  C ti liu m t tnh hung test v kt qu test cho chc nng chnh ca d n.\r\n5) C ti liu m t cch bin dch, ng gi v hng dn nng cp m ngun cho d n.\r\n\r\n', 'C kin thc v qun l, bo co Crystal report.\r\n- K nng phn tch thit k, lp trnh tt.\r\n- Cn c, chiu kh.\r\n- C tinh thn ham hc hi, cu tin.', 'APPROVED', '2024-06-16 21:48:31', '2024-06-16 22:18:33', '6dbda89d-b4cc-42a9-991f-a1f013fe67bc'),
	('12', 'Sn giao dch hng ha online', '- Kho st cc website\r\n- La chn cc chc nng cho loi giao dch\r\n- To sn phm vi vai tr trung gian giao dch', 5, 'Tng t cc sn giao dch trong thc t', '- Hiu c vai tr trung gian ca sn giao dch\r\n- Bo m an ton giao dch\r\n- Website cho php ngi dng giao dch online thun li ', 'A.Sinh vin tham gia  ti.\r\n1) C kh nng pht trin ng dng web.\r\n3) Thc hin theo qui trnh t Requirement => Design => Coding => Unit Testing.\r\nB.Sn phm\r\n1) C th s dng c, c th pht trin tip\r\n2) Tt c cc giao dch mua bn u qua trung gian, ti khon ca sn\r\n3) Ti liu Thc hin theo mu  n quy nh\r\n', '- Phn tch nghip v tt\r\n- Lp trnh web', 'APPROVED', '2024-06-16 21:48:31', '2024-06-17 17:58:50', 'ffabb475-52a7-489f-a955-94a39d4cad4e'),
	('13', 'Website kinh doanh bt ng sn', '- Kho st cc website\r\n- To sn phm h tr cho vic kinh doanh', 5, 'Tng t website thc t', '- Gii Thiu c cng ty, dch v v sn phm\r\n- H tr cho vic kinh doanh bt ng sn', 'A.Sinh vin tham gia  ti.\r\n1) C kh nng pht trin ng dng web.\r\n3) Thc hin theo qui trnh t Requirement => Design => Coding => Unit Testing.\r\nB.Sn phm\r\n1) C th s dng c, c th pht trin tip\r\n2) C chc nng trung gian mua bn, tm kim nng cao, qun l i tc\r\n3) Ti liu Thc hin theo mu  n quy nh\r\n', '- C suy ngh thc t\r\n- Lp trnh web', 'PENDING', '2024-06-16 21:48:31', '2024-06-16 21:48:31', 'ffabb475-52a7-489f-a955-94a39d4cad4e'),
	('14', 'Website gii thiu phim mi ', '- Qun l ni dung phim, th loi phim sp pht hnh\r\n- Thng k lng truy cp, nh gi kho st phim\r\n- Qun l thng tin ngi dng', 5, 'Hin thc ng dng trc tuyn trn nn tng m my (AWS), Cc chc nng ng dng gn ging thc t', '- Hiu c kin trc tng th h thng gii thiu phim mi\r\n- S dng c cc cng ngh lp trnh Node JS, HTML5, CSS3, jQuery, Ajax \r\n- Bit cch khai thc v trin khai ng dng trn nn tng in ton m my', 'A.Sinh vin tham gia  ti.\r\n1) C kh nng trin khai ng dng web trn nn tng in ton m my\r\n2) C kin thc v k nng lp trnh web v khai thc cc dch v in ton m my\r\n3) Thc hin theo qui trnh t Requirement => Design => Coding => Unit Testing. \r\n4) K hoch thc hin  ti\r\nB.Sn phm\r\n1) C th s dng c, c th pht trin tip\r\n2) Ti liu thc hin theo mu  n quy nh \r\n3) M ngun chng trnh\r\n4) Ti liu m t qui trnh testing', '- Hiu nn tng kin trc v khai thc dch v in ton m my (AWS)\r\n- Hiu v c k nng lp trnh Node.js v cc cng ngh web c lin quan', 'PENDING', '2024-06-16 21:48:31', '2024-06-16 21:48:31', 'ffabb475-52a7-489f-a955-94a39d4cad4e'),
	('15', 'Website gii thiu sch mi ', '- Qun l ni dung sch, th loi sch mi\r\n- Thng k lng truy cp, nh gi kho st sch\r\n- Qun l thng tin ngi dng', 5, 'Hin thc ng dng trc tuyn trn nn tng m my (AWS), Cc chc nng ng dng gn ging thc t', '- Hiu c kin trc tng th h thng gii thiu sch mi\r\n- S dng c cc cng ngh lp trnh Node JS, HTML5, CSS3, jQuery, Ajax \r\n- Bit cch khai thc v trin khai ng dng trn nn tng in ton m my', 'A.Sinh vin tham gia  ti.\r\n1) C kh nng trin khai ng dng web trn nn tng in ton m my\r\n2) C kin thc v k nng lp trnh web v khai thc cc dch v in ton m my\r\n3) Thc hin theo qui trnh t Requirement => Design => Coding => Unit Testing. \r\n4) K hoch thc hin  ti\r\nB.Sn phm\r\n1) C th s dng c, c th pht trin tip\r\n2) Ti liu thc hin theo mu  n quy nh \r\n3) M ngun chng trnh\r\n4) Ti liu m t qui trnh testing', '- Hiu nn tng kin trc v khai thc dch v in ton m my (AWS) \r\n- Hiu v c k nng lp trnh Node.js v cc cng ngh web c lin quan', 'PENDING', '2024-06-16 21:48:31', '2024-06-16 21:48:31', 'ffabb475-52a7-489f-a955-94a39d4cad4e'),
	('16', 'To ra ng dng v du lch v dch v bn sn phm.', '- Tm hiu digital marketing.\r\n - Nguyn cu cc cng ngh NodeJS, VueJS, HTML5, CSS, SCSS, Javascript, Boostrap, MongoDB.\r\n - Nguyn cu cch vit v xy dng ng dng cho s lng ln truy cp.\r\n - Nguyn cu cch vit ng dng tch hp vi cc mng x hi.\r\n - Nguyn cu cch to ra cc con bot Crawl Data.', 5, '-Phn mm cho php ngi dng nm bt thng tin c bn v chun b  dng cn thit cho chuyn i, ng bi, to b su tp, bnh lun,to lch cc chuyn i ca chnh mnh.\r\n - Thng bo s kin qua Gmail(Thng tin a im thng qua lch c t sn).\r\n - Phn mm c thm 1 dch v mua sn phm lin quan.', '- Hiu c khi nim, cch t chc 1 trang du lch v thng mi in t.\r\n - S dng c cc cng ngh: NodeJS, VueJS, HTML5, CSS, SCSS, Javascript, Boostrap, MongoDB.\r\n -Vn dng c nng lc lp trnh  xy dng sn phm theo chun cng nghip.\r\n - Trin khai h thng trn Cloud.\r\n - To ra cc con bot Crawl Data t cc trang lin quan.', 'A.Sinh vin tham gia  ti \r\n1) Nm vng kin thc, k nng lp trnh Nodejs, Html, Css, Scss, Vuejs \r\n2) C kin thc, k nng trin khai d n phn mm y  qui trnh t Requirement => Design => Coding => Unit Testing \r\n3) C nng lc y  v Lp k hoch, theo di tin , phn tch cc vn  pht sinh trong qu trnh thc hin d n.\r\n 4) C th thu thp thng tin v phn tch cc vn  pht sinh. B.Sn phm\r\n 1) C ti liu m t Yu cu d n.\r\n 2) C ti liu m t Thit k kin trc ca d n.\r\n 3) C ti liu m t Thit k chi tit cho chc nng chnh ca d n. \r\n4) C m ngun c lu vt (tracking) nh k trn h thng qun l phin bn (version control) nh Subversion hoc Git; M ngun trnh by r rng, d hiu theo tiu chun  c thng nht.\r\n 5) C ti liu m t tnh hung test v kt qu test cho chc nng chnh ca d n. \r\n6) C ti liu m t cch bin dch, ng gi v hng dn nng cp m ngun cho d n.', '- am m nghin cu cng ngh, thut ton.\r\n - C kin thc c bn v Web Programming.\r\n - Kin thc lp trnh Javascript, Html, Css,\r\n - C tinh thn hc hi v mong mun lm sn phm theo quy trnh cng nghip: tun th tiu chun khi vit m ngun, c hot ng m bo cht lng m ngun', 'PENDING', '2024-06-16 21:48:31', '2024-06-16 21:48:31', 'efd199dc-2678-476b-9bef-924081eafbc9'),
	('17', 'ng dng h tr tm th sa kha', '- Tm hiu, nghin cu ngn ng vit ng dng trn HH Android, hoc IOS .\r\n - Tm hiu nh v ta  kt ni vi thit b di ng ca th sa kha.\r\n - Tm hiu service tm ng i.\r\n - Nguyn cu cch vit ng dng tch hp l tr data trn server cho th sa kha dng nh go vit, grap t xe.', 5, '-Phn mm cho php ngi dng nm bt thng tin ngi n sa kha cn nh ca gia ch, to s an tm cho gia ch.\r\n - Thng bo c cc th sa kha gn nh bn.\r\n - D bo c bao nhiu thi gian th sa kha n cn nh ca gia ch cn sa kha.\r\n - Thu tin cc th sa kha c kt ni vi gia ch 20% ( kiu nh go vit hoc grap bike, car)\r\n -Lu tr thng tin c nhn ca th sa kha\r\n - Cc bo biu cn thit\r\n - Tm cc th sa kha gn nht  gia ch nh sa kha', '- Hiu c kin trc tng th h thng vn hnh qua thit b di ng.\r\n - S dng c cc cng ngh lp trnh trn ngn ng Android, IOS.\r\n - Bit cch vit ng dng da trn thit b i ng', 'A.Sinh vin tham gia  ti\r\n 1) Nm vng kin thc, k nng lp trnh trn HH android hoc IOS \r\n2) C kin thc, k nng trin khai d n phn mm y  qui trnh t Requirement => Design => Coding => Unit Testing \r\n3) C nng lc y  v Lp k hoch, theo di tin , phn tch cc vn  pht sinh trong qu trnh thc hin d n.\r\n 4) C th thu thp thng tin v phn tch cc vn  pht sinh. B.Sn phm \r\n1) C ti liu m t Yu cu d n. \r\n2) C ti liu m t Thit k kin trc ca d n. \r\n3) C ti liu m t Thit k chi tit cho chc nng chnh ca d n. \r\n4) C ti liu m t tnh hung test v kt qu test cho chc nng chnh ca d n.\r\n 5) C ti liu m t cch bin dch, ng gi v hng dn nng cp m ngun cho d n.', '- am m nghin cu cng ngh, thut ton.\r\n - C kin thc c bn v lp trnh thit b di ng nh trn HDH Android, IOS,\r\n - C tinh thn hc hi v mong mun lm sn phm theo thng mi cng ng', 'PENDING', '2024-06-16 21:48:31', '2024-06-16 21:48:31', 'efd199dc-2678-476b-9bef-924081eafbc9'),
	('18', 'Xy dng Website bn v tu online', '- Tm hiu r rng v a ra cc yu cu v nghip v bn v tu online. \r\n- T  dn n vic phn tch CSDL hin thc ng n\r\n- p dng c cc kin thc  hc  thit k v xy dng website. \r\n- SV c th tm hiu thm cc kin thc khc p dng cho vic to 1 Website', 5, 'Website sau khi hon thnh phi c tnh thc t \r\nv p dng trn a nn tng khc nhau', '- Phn tch nghip v thc t ca vic bn v tu online\r\n- S dng c cc cng ngh lp trnh Node JS, HTML5, CSS3, jQuery, Ajax \r\n- Thc thi c vic thanh ton trc tuyn qua cc cng thanh ton\r\n in t vi cc loi th ATM', 'A.Sinh vin tham gia  ti\r\n1) Nm vng kin thc, k nng thit k Web v lp trnh C#.\r\n2) C kin thc, k nng trin khai d nwebsite y  qui trnh t Requirement => Design => Coding => Unit Testing=>Maintaining.\r\n3) C nng lc y  v lp k hoch, theo di tin , phn tch cc vn  pht sinh trong qu trnh thc hin d n.\r\nB.Sn phm\r\n1) Ti liu Bo co kha lun theo mu quy nh ca FIT IUH.\r\n2) Ti liu m t yu cu.\r\n3) Ti liu m t thit k.\r\n4) Ti liu m t thit k chi tit cho chc nng chnh.\r\n5) M ngun (c lu vt nh k trn h thng qun l phin bn nh SubVersion hoc Git; m ngun trnh by r rng, d hiu theo tiu chun  c thng nht).\r\n7) Ti liu m t tnh hung test v kt qu test cho chc nng chnh ca d n.\r\n8) Ti liu m t cch trin khai Website\r\n9) Ti liu hng dn nng cp mi theo nhu cu', '- SV c am m v lp trnh v phn tch h thng \r\n-SV c kin thc v lp trnh Web\r\n- SV phi chu kh hc hi v c tinh thn lm vic t gic\r\n', 'APPROVED', '2024-06-16 21:48:31', '2024-06-17 17:56:06', '84972efd-2f1c-4cdd-a1d2-dc7c00042144'),
	('19', 'Xy dng Website l mt din n chia s cc kinh nghim \r\nchm sc con ca cha m', '- Tm hiu r rng v a ra cc yu cu v nhu cu cn trao i v chia s ca cc cha m \r\nv con ci ca h nh tnh tnh, cch dy d, gio dc gii tnh ....\r\n- T  dn n vic phn tch CSDL hin thc ng n\r\n- p dng c cc kin thc  hc  thit k v xy dng website. \r\n- SV c th tm hiu thm cc kin thc khc p dng cho vic to 1 Website\r\n', 5, 'Website sau khi hon thnh phi c tnh thc t \r\nv p dng trn a nn tng khc nhau', '- Phn tch cng vic v cc thng tin cn trao i trn website\r\n- S dng c cc cng ngh lp trnh Node JS, HTML5, CSS3, jQuery, Ajax \r\n- Thc thi c kt ni vi cc trang mng x hi khc trong din n nh \r\nfacebook, twitter, instagram ...', 'A.Sinh vin tham gia  ti\r\n1) Nm vng kin thc, k nng thit k Web v lp trnh C#.\r\n2) C kin thc, k nng trin khai d nwebsite y  qui trnh t Requirement => Design => Coding => Unit Testing=>Maintaining.\r\n3) C nng lc y  v lp k hoch, theo di tin , phn tch cc vn  pht sinh trong qu trnh thc hin d n.\r\nB.Sn phm\r\n1) Ti liu Bo co kha lun theo mu quy nh ca FIT IUH.\r\n2) Ti liu m t yu cu.\r\n3) Ti liu m t thit k.\r\n4) Ti liu m t thit k chi tit cho chc nng chnh.\r\n5) M ngun (c lu vt nh k trn h thng qun l phin bn nh SubVersion hoc Git; m ngun trnh by r rng, d hiu theo tiu chun  c thng nht).\r\n7) Ti liu m t tnh hung test v kt qu test cho chc nng chnh ca d n.\r\n8) Ti liu m t cch trin khai Website\r\n9) Ti liu hng dn nng cp mi theo nhu cu', '- SV c am m v lp trnh v phn tch h thng \r\n-SV c kin thc v lp trnh Web\r\n- SV phi chu kh hc hi v c tinh thn lm vic t gic\r\n', 'PENDING', '2024-06-16 21:48:31', '2024-06-16 21:48:31', '84972efd-2f1c-4cdd-a1d2-dc7c00042144'),
	('2', 'ng dng qun l thi gian v cng vic trn thit b di ng', '- Tm hiu cch thc lp trnh trn thit b di ng.\r\n - Tm hiu kh nng to hiu ng, m thanh.\r\n - ng gi v phn phi ng dng trn thit b di ng.\r\n - M t yu cu r rng cho ng dng, phn tch, thit k, ci t ng dng.\r\n - ng dng phi cho php ngi dng qun l thi gian biu d dng, tin li, c nhc nh.', 5, 'ng dng qun l thi gian v cng vic trn thit b di ng', '- Hiu c cch thc lp trnh trn thit b di ng.\r\n - Vn dng c nng lc lp trnh trn thit b di ng  xy dng sn phm theo tiu chun cng nghip.', 'A.Sinh vin tham gia  ti\r\n1) Nm vng kin thc, k nng lp trnh C#.\r\n2) C kin thc, k nng trin khai d n phn mm y  qui trnh t Requirement => Design => Coding => Unit Testing.\r\n3) C nng lc y  v lp k hoch, theo di tin , phn tch cc vn  pht sinh trong qu trnh thc hin d n.\r\nB.Sn phm\r\n1) Ti liu m t yu cu.\r\n2) Ti liu m t thit k.\r\n3) Ti liu m t thit k chi tit cho chc nng chnh.\r\n4) M ngun (c lu vt nh k trn h thng qun l phin bn nh SubVersion hoc Git; m ngun trnh by r rng, d hiu theo tiu chun  c thng nht).\r\n5) Ti liu m t tnh hung test v kt qu test cho chc nng chnh ca d n.\r\n6) Ti liu m t cch bin dch, ng gi v hng dn nng cp m ngun cho d n.', '- am m nghin cu cng ngh, lp trnh trn thit b di ng.\r\n - C kin thc lp trnh trn thit b di ng.\r\n - C tinh thn hc hi v mong mun lm sn phm theo quy trnh cng nghip: tun th tiu chun khi vit m ngun, c hot ng m bo cht lng m ngun.\r\n - Bit cch tm hiu nhu cu thc t ca ngi dng.\r\n - C kh nng vit m t yu cu ng dng.', 'PENDING', '2024-06-16 21:48:31', '2024-06-16 21:48:31', 'b490a193-709d-4579-b6e0-fc5bfcdb9274'),
	('20', 'Xy dng Website du lch trc tuyn.', '- Tm hiu chi tit cc nghip v p ng  trong ngnh du lch .\r\n- p dng cc kin thc  hc  thit k v xy dng website. \r\n- SV c th tm hiu thm cc kin thc khc  p dng cho vic thit k 1 Website', 5, 'Website sau khi hon thnh phi p dng c \r\ntrong thc t.\r\n', '-Phn tch nghip v trong thc t.\r\n-H thng bn tour trc tuyn l phn h danh cho khch hng public c th \r\nbook tour gi ch v thanh ton trc tuyn thng qua hnh thc\r\n thanh ton : Visa, ATM, V in t,...\r\n-Nh  tit kim c rt nhiu thi gian, cng sc cho khch \r\nhng mi khi c nhu cu i du lch.', 'A.Sinh vin tham gia  ti\r\n1) Nm vng kin thc, k nng lp trnh cc ngn ng C#, Jquery, HTML, CSS, Javascript, Ajax. S dng h qun tr c s d liu Microsoft SQL Server .\r\n2) C kin thc, k nng trin khai d n phn mm y  qui trnh t Requirement => Design => Coding => Unit Testing\r\n3) C nng lc y  v Lp k hoch, theo di tin , phn tch cc vn  pht sinh trong qu trnh thc hin d n.\r\n4) C k nng lp trnh s dng li th vin x l nh.\r\n\r\n\r\nB.Sn phm\r\n1) C ti liu m t Yu cu d n.\r\n2) C ti liu m t Thit k kin trc ca d n.\r\n3) C ti liu m t Thit k chi tit cho chc nng chnh ca d n.\r\n4) C m ngun c lu vt (tracking) nh k trn h thng qun l phin bn (version control) nh Subversion hoc Git; M ngun trnh by r rng, d hiu theo tiu chun  c thng nht.\r\n5) C ti liu m t tnh hung test v kt qu test cho chc nng chnh ca d n.\r\n6) C ti liu m t cch bin dch, ng gi v hng dn nng cp m ngun cho d n.', '- SV c kin thc v lp trnh Web.\r\n- SV c tinh thn t gic hc hi.\r\n- SV c am m nghin cu v cng ngh', 'PENDING', '2024-06-16 21:48:31', '2024-06-16 21:48:31', 'efd199dc-2678-476b-9bef-924081eafbc9'),
	('21', 'Xy dng website Qun l nh hng.', '- p dng cc quy trnh nghip v nh hng vo website.\r\n- p dng cc kin thc  hc  thit k v xy dng website. \r\n- SV c th tm hiu thm cc kin thc khc  p dng cho vic thit k 1 Website', 5, 'Website sau khi hon thnh phi p dng c trong thc t.', '-Phn tch nghip v trong thc t.\r\n-Website qun l nh hng l mt website online p ng phn ln \r\ncc chc nng c bn ca mt nh hng, cung cp cc chc nng \r\ntin ch, nhanh chng, c th thc hin cc giao dch p ng nhu cu \r\nca khch hng nh t tic, qun l thng tin c nhn ngay trn trang\r\nwebsite m khng cn phi n tn nh hng.\r\n ', 'A.Sinh vin tham gia  ti\r\n1) Nm vng kin thc, k nng lp trnh cc ngn ng C#, Jquery, HTML, CSS, Javascript, Ajax. S dng h qun tr c s d liu Microsoft SQL Server .\r\n2) C kin thc, k nng trin khai d n phn mm y  qui trnh t Requirement => Design => Coding => Unit Testing\r\n3) C nng lc y  v Lp k hoch, theo di tin , phn tch cc vn  pht sinh trong qu trnh thc hin d n.\r\n4) C k nng lp trnh s dng li th vin x l nh.\r\n\r\n\r\nB.Sn phm\r\n1) C ti liu m t Yu cu d n.\r\n2) C ti liu m t Thit k kin trc ca d n.\r\n3) C ti liu m t Thit k chi tit cho chc nng chnh ca d n.\r\n4) C m ngun c lu vt (tracking) nh k trn h thng qun l phin bn (version control) nh Subversion hoc Git; M ngun trnh by r rng, d hiu theo tiu chun  c thng nht.\r\n5) C ti liu m t tnh hung test v kt qu test cho chc nng chnh ca d n.\r\n6) C ti liu m t cch bin dch, ng gi v hng dn nng cp m ngun cho d n.', '- SV c kin thc v lp trnh Web.\r\n- SV c tinh thn t gic hc hi.\r\n- SV c am m nghin cu v cng ngh', 'PENDING', '2024-06-16 21:48:31', '2024-06-16 21:48:31', 'efd199dc-2678-476b-9bef-924081eafbc9'),
	('3', 'Xy dng ng dng qun l ti chnh c nhn ca sinh vin trn thit b di ng', '-n gin ha cng vic qun l ti chnh : Thay v Sv phi vit ra giy chi tiu ca mnh  th Sv c th nhp chi tiu hng ngy vo phn mm ny,phn mm s t ng tnh tng chi tiu cui ngy v cui thng cho Sv.\r\n- Nhc nh chi tiu hng ngy\r\n- Lp k hoch tit kim cho s kin sp ti.', 5, ' Hin thc v trin khai c thnh cc App trn nn tng android.', '- Lp trnh c trn HDH Androi, ng dng c cc cng c (th vin, cc gi m ngun m...) vo thc hin trong  ti \r\n- Phn tch, thit k ng dng . \r\n- Hin thc c ng dng, trin khai c thnh cc App trn nn tng android\r\n', 'A.Sinh vin tham gia  ti \r\n1) Nm vng kin thc, k nng lp trnh Java, lp trnh TBD trn Android \r\n2) c ti liu ting Anh, tm kim ti liu, K nng vit bo co, ti liu thuyt trnh\r\n3) C nng lc y  v Lp k hoch, theo di tin , phn tch cc vn  pht sinh trong qu trnh thc hin  ti. \r\n4) C k nng s dng tch hp cng ngh mi v  ti. \r\nB.Sn phm \r\n1) C ti liu m t Yu cu d n. \r\n2) C ti liu m t Thit k kin trc ca d n. \r\n3) C ti liu m t Thit k chi tit cho chc nng chnh ca d n.\r\n 4) C m ngun c lu vt (tracking) nh k trn h thng qun l phin bn (version control) nh Subversion hoc Git; M ngun trnh by r rng, d hiu theo tiu chun  c thng nht. \r\n5) C ti liu m t tnh hung test v kt qu test cho chc nng chnh ca d n. \r\n6) C ti liu m t cch bin dch, ng gi v hng dn nng cp m ngun cho d n.\r\n', ' - C kin thc lp trnh trn thit b di ng.\r\n - C tinh thn hc hi v mong mun lm sn phm theo quy trnh cng nghip: tun th tiu chun khi vit m ngun, C hot ng m bo cht lng m ngun.\r\n - Bit cch tm hiu nhu cu thc t ca ngi dng.\r\n - C kh nng vit m t yu cu ng dng.', 'PENDING', '2024-06-16 21:48:31', '2024-06-16 21:48:31', 'be623510-6d68-4f3f-a5e0-0854ea7579e8'),
	('4', 'Xy dng ng dng gip t mn n trn thit b di ng ', '-	H tr vic qun l, kim tra doanh thu, tnh hnh nguyn vt liu\r\n-        To ra mt h thng thng tin lin mch t nhn vin phc v, b phn pha ch, nh bp n b phn thu ngn v qun l\r\n-        Gip khch hng c th t mn t xa, dng d liu c sn  c th to s tin li ti a cho khch hng', 5, 'Hin thc v trin khai c thnh cc App trn nn tng android.', '- Lp trnh c trn HDH Androi, ng dng c cc cng c (th vin, cc gi m ngun m...) vo thc hin trong  ti \r\n- Phn tch, thit k ng dng . \r\n- Hin thc c ng dng, trin khai c thnh cc App trn nn tng android\r\n', 'A.Sinh vin tham gia  ti \r\n1) Nm vng kin thc, k nng lp trnh Java, lp trnh TBD trn Android \r\n2) c ti liu ting Anh, tm kim ti liu, K nng vit bo co, ti liu thuyt trnh\r\n3) C nng lc y  v Lp k hoch, theo di tin , phn tch cc vn  pht sinh trong qu trnh thc hin  ti. \r\n4) C k nng s dng tch hp cng ngh mi v  ti. \r\nB.Sn phm \r\n1) C ti liu m t Yu cu d n. \r\n2) C ti liu m t Thit k kin trc ca d n. \r\n3) C ti liu m t Thit k chi tit cho chc nng chnh ca d n.\r\n 4) C m ngun c lu vt (tracking) nh k trn h thng qun l phin bn (version control) nh Subversion hoc Git; M ngun trnh by r rng, d hiu theo tiu chun  c thng nht. \r\n5) C ti liu m t tnh hung test v kt qu test cho chc nng chnh ca d n. \r\n6) C ti liu m t cch bin dch, ng gi v hng dn nng cp m ngun cho d n.\r\n', '- C kin thc lp trnh trn thit b di ng.\r\n - C tinh thn hc hi v mong mun lm sn phm theo quy trnh cng nghip: tun th tiu chun khi vit m ngun, c hot ng m bo cht lng m ngun.\r\n - Bit cch tm hiu nhu cu thc t ca ngi dng.\r\n - C kh nng vit m t yu cu ng dng.', 'PENDING', '2024-06-16 21:48:31', '2024-06-16 21:48:31', 'be623510-6d68-4f3f-a5e0-0854ea7579e8'),
	('5', 'Xy dng App bn hng trn in thoi di ng H iu hnh Android', '- Tm hiu Thng mi in t.\r\n- Nghin cu cng ngh lp trnh Java Mobile kt hp ASP.NET MVC hoc PHP pha backend.\r\n- Pht trin cc module: - Show sn phm theo loi\r\n                                       - t hng.\r\n                                       - Nhn n hng.\r\n                                       - X l n hng\r\n                                       - Thng k doanh thu\r\n', 5, '-Trin khai App bn hng trn Mobile.', '- Lp trnh c trn HDH Android.\r\n- Gip cho Sinh vin cp nht nhng kin thc v Thng mi Online.\r\n- Trin khai c mt App bn hng.\r\n- Gip cho mt n v nh c th phn phi Sn phm ca mnh qua Mobile\r\n', 'A.Sinh vin tham gia  ti\r\n1) Nm vng kin thc, k nng lp trnh  Java\r\n2) C kin thc, k nng trin khai d n phn mm y  qui trnh t Requirement => Design => Coding => Unit Testing\r\n3) C k nng lp trnh s dng th vin ngoi.\r\nB.Sn phm\r\n1) C ti liu m t Yu cu d n.\r\n2) C ti liu m t Thit k chi tit cho chc nng chnh ca d n.\r\n3) C m ngun c lu vt (tracking) nh k trn h thng qun l phin bn (version control) nh Subversion hoc Git; M ngun trnh by r rng.\r\n4) C ti liu m t tnh hung test v kt qu test cho chc nng chnh ca d n.\r\n5) C ti liu m t cch bin dch, ng gi v hng dn nng cp m ngun cho d n.', '- am m nghin cu cng ngh.\r\n- C kin thc c bn v lm API ASP.NET MVC hoc PHP.\r\n- Kin thc lp trnh Java Mobile.\r\n- C kin thc c bn v Git  qun l m ngun theo phin bn.\r\n- C tinh thn hc hi v mong mun lm sn phm.', 'APPROVED', '2024-06-16 21:48:31', '2024-06-17 21:06:06', '9a3b98a9-5c32-4ad1-a83f-ccd187473e43'),
	('6', 'Xy dng Module-Qun l Kho vi ASP.NET MVC (API)', '- Tm hiu Nghip v Kho.\r\n- Nghin cu cng ngh lp trnh ASP.NET MVC API backend.\r\n- Nghin cu HTML5, CSS Jquery hoc AngularJS\r\n- Pht trin cc module: - Nhp Kho (Xa, Sa)\r\n                                       - In phiu nhp Kho.\r\n                                       - Xut Kho-In phiu xut Kho\r\n                                       - Thng k hng Tn Kho.\r\n                                       - In cc Report bo co Tng hp (Nhp, Xut, Tn)\r\n', 5, '- Trin khai c Web App qun l Kho online.', '- Lp trnh c trn HDH Android.\r\n- Gip cho Sinh vin cp nht nhng kin thc v Thng mi Online.\r\n- Trin khai c mt App bn hng.\r\n- Gip cho mt n v nh c th phn phi Sn phm ca mnh qua Mobile', 'A.Sinh vin tham gia  ti\r\n1) Nm vng kin thc, k nng lp trnh  C# ASP.NET MVC\r\n2) C kin thc, k nng trin khai d n phn mm y  qui trnh t Requirement => Design => Coding => Unit Testing\r\n3) C k nng lp trnh s dng th vin ngoi.\r\nB.Sn phm\r\n1) C ti liu m t Yu cu d n.\r\n2) C ti liu m t Thit k chi tit cho chc nng chnh ca d n.\r\n3) C m ngun c lu vt (tracking) nh k trn h thng qun l phin bn (version control) nh Subversion hoc Git; M ngun trnh by r rng.\r\n4) C ti liu m t tnh hung test v kt qu test cho chc nng chnh ca d n.\r\n5) C ti liu m t cch bin dch, ng gi v hng dn nng cp m ngun cho d n.', '- am m nghin cu cng ngh.\r\n- C kin thc c bn v lm API ASP.NET MVC.\r\n- C kin thc c bn v Git  qun l m ngun theo phin bn.\r\n- C kin thc v Web Programming (HTML, CSS v Jquery hoc AngularJS)\r\n- C tinh thn hc hi v mong mun lm sn phm.', 'PENDING', '2024-06-16 21:48:31', '2024-06-16 21:48:31', '9a3b98a9-5c32-4ad1-a83f-ccd187473e43'),
	('7', 'Xy dng App t  ung qua Mobile (Android) cho qun c ph CHB. Backend C# ASP.NET MVC hoc PHP', '- Tm hiu nghip v hot ng ca Coffe Shop.\r\n- Nghin cu cng ngh lp trnh Java Mobile kt hp ASP.NET MVC hoc PHP pha backend.\r\n- Pht trin cc module: - t mn\r\n                                       - Thu nhn yu cu ca Tip tn\r\n                                       - B phn Bp x l n v tr kt qu.\r\n                                       - Thng k doanh thu\r\n(V mt s module ph  phc v cc chc nng chnh trn nh: loi  ung v.v.)', 5, '- Trin khai c App ng dng cho mt qun C ph c th.', '- Lp trnh c trn HDH Android.\r\n- Gip cho Sinh vin cp nht nhng kin thc v Thng mi Online.\r\n- Trin khai c mt App bn hng.\r\n- Gip cho mt n v nh c th phn phi Sn phm ca mnh qua Mobile', 'A.Sinh vin tham gia  ti\r\n1) Nm vng kin thc, k nng lp trnh  Java\r\n2) C kin thc, k nng trin khai d n phn mm y  qui trnh t Requirement => Design => Coding => Unit Testing\r\n3) C k nng lp trnh s dng th vin ngoi.\r\nB.Sn phm\r\n1) C ti liu m t Yu cu d n.\r\n2) C ti liu m t Thit k chi tit cho chc nng chnh ca d n.\r\n3) C m ngun c lu vt (tracking) nh k trn h thng qun l phin bn (version control) nh Subversion hoc Git; M ngun trnh by r rng.\r\n4) C ti liu m t tnh hung test v kt qu test cho chc nng chnh ca d n.\r\n5) C ti liu m t cch bin dch, ng gi v hng dn nng cp m ngun cho d n.', '- am m nghin cu cng ngh.\r\n- Kin thc lp trnh Java Mobile.\r\n- C kin thc c bn v Git  qun l m ngun theo phin bn.\r\n- C tinh thn hc hi v mong mun lm sn phm.', 'PENDING', '2024-06-16 21:48:31', '2024-06-16 21:48:31', '9a3b98a9-5c32-4ad1-a83f-ccd187473e43'),
	('8', 'Xy dng Website hc tp online', '- Gip ngi hc  ti nh nhng vn tham gia cc lp hc.\r\n- Tit kim c khng gian v thi gian khng phi tp trung\r\nn trng.', 5, 'Hin thc v trin khai c cc lp hc online', '- Xy dng website hc trc tuyn:\r\n-Gip ngi dng tham gia cc lp hc ph hp;\r\n-c th chn: \r\n+Phng hc, gi hc, ti liu c cung cp Website\r\n', 'Chc nng Website: Khi ngi hc hon thnh cc kin thc  hc trn cc lp hc online\r\n s c nh gi v cp bng da trn d liu ca cc lp hc website\r\nK nng t c khi Sinh vin thc hin  ti:\r\n- Phn tch thit k h thng.\r\n- Nm vng kin thc Html, Css,....\r\n- C kin thc, k nng trin khai d n theo qui trnh cht ch \r\n- Bit lp k hot v trin khai d n, theo di tin , phn tch cc vn  pht sinh trong qu trnh thc hin d n.\r\n - Hon thnh d n trn c s phn tch yu cu ca ngi dng v kim th cht ch. \r\nKt qu Sn phm:\r\n - Xy dng c Website theo yu cu, ti liu  thit k kin trc ca d n.\r\n - Trin khai ci t ng dng trn internet ', 'Ngui qun tr khi to ti khon cho ngi dng, Ti khon gio vin c tham gia ging dy trn lp hc. Ngi hc ng k vo cc kha hc, lp hc', 'PENDING', '2024-06-16 21:48:31', '2024-06-16 21:48:31', '092a481f-1b0a-4766-ab05-627337cf3317'),
	('9', 'Xy dng Website bun bn online', '-"- Gip ngi dng  ti nh nhng vn mua bn c cc sn phm trn gian hng.\r\n- Tit kim c khng gian v thi gian khng phi tp trung\r\nn ch v siu th"', 5, 'Hin thc v trin khai c cc gian hng online', ' - Xy dng website bn hng trc tuyn:\r\n-Gip ngi dng tham bn v mua hng online ;\r\n-c th chn: \r\n+Gian hng, thng hiu sn phm, c cung cp Website\r\n', 'Chc nng Website: ngi dng c th mua hoc ng k bn cc mt hng trn gian hng trn web.\r\n H thng phn tch t ng khuyn khch khch hng chn mua nhng sn phm cn thit ph hp: mt hng gim gi nhiu nht, mua nhiu nht, giao dch thng xuyn, giao dch thnh vin....\r\nSinh vin thc hin  ti:\r\n- Phn tch thit k h thng.\r\n- Nm vng kin thc Html, Css,...\r\n- C kin thc, k nng trin khai d n theo qui trnh cht ch \r\n- Bit lp k hot v trin khai d n, theo di tin , phn tch cc vn  pht sinh trong qu trnh thc hin d n.\r\n - Hon thnh d n trn c s phn tch yu cu ca ngi dng v kim th cht ch. \r\nKt qu Sn phm:\r\n - Xy dng c Website theo yu cu, ti liu  thit k kin trc ca d n.\r\n - Trin khai ci t ng dng trn internet \r\n ', 'Ngi qun tr khi to v cung cp ti khon cho\r\nCc h kinh doanh theo cc gian hng online. \r\nc phn quyn theo cc chc nng cp nht thm xa sa cc mt hng trn gian hng\r\nKhc mua hng c th ng k thnh vin qua h thng, ngi mua hng c chn cc mt hng v thanh ton tin khi ng .', 'APPROVED', '2024-06-16 21:48:31', '2024-06-16 22:59:26', '092a481f-1b0a-4766-ab05-627337cf3317');

-- Dumping structure for table manage_graduation_se_iuh.transcripts
CREATE TABLE IF NOT EXISTS `transcripts` (
  `id` char(36) CHARACTER SET utf8mb4 COLLATE utf8mb4_bin NOT NULL,
  `score` int(11) DEFAULT NULL,
  `created_at` datetime NOT NULL,
  `updated_at` datetime NOT NULL,
  `student_term_id` char(36) CHARACTER SET utf8mb4 COLLATE utf8mb4_bin DEFAULT NULL,
  `evaluation_id` char(36) CHARACTER SET utf8mb4 COLLATE utf8mb4_bin DEFAULT NULL,
  `lecturer_term_id` char(36) CHARACTER SET utf8mb4 COLLATE utf8mb4_bin DEFAULT NULL,
  PRIMARY KEY (`id`),
  KEY `student_term_id` (`student_term_id`),
  KEY `evaluation_id` (`evaluation_id`),
  KEY `lecturer_term_id` (`lecturer_term_id`),
  CONSTRAINT `transcripts_ibfk_1` FOREIGN KEY (`student_term_id`) REFERENCES `student_terms` (`id`) ON DELETE SET NULL ON UPDATE CASCADE,
  CONSTRAINT `transcripts_ibfk_2` FOREIGN KEY (`evaluation_id`) REFERENCES `evaluations` (`id`) ON DELETE SET NULL ON UPDATE CASCADE,
  CONSTRAINT `transcripts_ibfk_3` FOREIGN KEY (`lecturer_term_id`) REFERENCES `lecturer_terms` (`id`) ON DELETE SET NULL ON UPDATE CASCADE
) ENGINE=InnoDB DEFAULT CHARSET=utf8mb4 COLLATE=utf8mb4_general_ci;

-- Dumping data for table manage_graduation_se_iuh.transcripts: ~0 rows (approximately)

/*!40103 SET TIME_ZONE=IFNULL(@OLD_TIME_ZONE, 'system') */;
/*!40101 SET SQL_MODE=IFNULL(@OLD_SQL_MODE, '') */;
/*!40014 SET FOREIGN_KEY_CHECKS=IFNULL(@OLD_FOREIGN_KEY_CHECKS, 1) */;
/*!40101 SET CHARACTER_SET_CLIENT=@OLD_CHARACTER_SET_CLIENT */;
/*!40111 SET SQL_NOTES=IFNULL(@OLD_SQL_NOTES, 1) */;
