INSERT INTO `majors` (`id`, `name`, `created_at`, `updated_at`) VALUES
	('2d1961b7-3ee4-48af-8de9-6eb83d3a235c', 'Hệ thống thông tin', '2024-06-12 16:26:31', '2024-07-15 23:41:39'),
	('67530b71-04c2-4178-b85a-bbe54d436bec', 'Công nghệ thông tin', '2024-06-12 16:26:44', '2024-06-12 16:26:44'),
	('7c4dac41-bb68-4bd0-90db-358a5dc67df2', 'Khoa học máy tính', '2024-06-12 16:27:04', '2024-06-12 16:27:04'),
	('e4fe02cb-f2b0-4afa-885d-d1b93130d350', 'Kỹ thuật phần mềm', '2024-06-12 16:26:50', '2024-07-15 23:42:24'),
	('fd81793a-2a0a-494d-8d08-d8faf95db82c', 'Khoa học dữ liệu', '2024-06-12 16:27:19', '2024-06-12 16:27:19');

INSERT INTO `terms` (`id`, `name`, `start_date`, `end_date`, `created_at`, `updated_at`, `major_id`) VALUES
	('71e2da71-ddc1-4da6-aede-08cdd36b2eab', 'HK3_2023-2024', '2024-06-02 07:00:00', '2024-08-03 07:00:00', '2024-07-24 12:40:11', '2024-07-24 12:40:11', 'e4fe02cb-f2b0-4afa-885d-d1b93130d350'),
	('8fb8fbda-37ed-4861-a3a2-236500e62ee6', 'HK1_2024-2025', '2024-08-10 07:00:00', '2024-12-26 07:00:00', '2024-07-25 18:29:00', '2024-07-25 18:29:00', 'e4fe02cb-f2b0-4afa-885d-d1b93130d350');

INSERT INTO `term_details` (`id`, `name`, `start_date`, `end_date`, `created_at`, `updated_at`, `term_id`) VALUES
	('02360a80-0478-4fb1-8b2d-3334354a5099', 'CHOOSE_GROUP', '2024-08-10 07:00:00', '2024-12-26 07:00:00', '2024-07-25 18:29:00', '2024-07-25 18:29:00', '8fb8fbda-37ed-4861-a3a2-236500e62ee6'),
	('4ac84be2-4dc6-4620-8c35-fdbaf326cb95', 'CHOOSE_TOPIC', '2024-08-10 07:00:00', '2024-12-26 07:00:00', '2024-07-25 18:29:00', '2024-07-25 18:29:00', '8fb8fbda-37ed-4861-a3a2-236500e62ee6'),
	('594c35b7-9091-4cbf-90f7-ab53d6c85284', 'PUBLIC_RESULT', '2024-08-10 07:00:00', '2024-12-26 07:00:00', '2024-07-25 18:29:00', '2024-07-25 18:29:00', '8fb8fbda-37ed-4861-a3a2-236500e62ee6'),
	('5c1d3d72-1478-40bb-bbe9-b4b7ac3989d9', 'REPORT', '2024-08-10 07:00:00', '2024-12-26 07:00:00', '2024-07-25 18:29:00', '2024-07-25 18:29:00', '8fb8fbda-37ed-4861-a3a2-236500e62ee6'),
	('a1d95763-9571-40ab-b849-52286f58f387', 'PUBLIC_RESULT', '2024-06-02 07:00:00', '2024-08-03 07:00:00', '2024-07-24 12:40:11', '2024-07-24 12:40:11', '71e2da71-ddc1-4da6-aede-08cdd36b2eab'),
	('cc418b16-4a4b-402e-a03d-bc40b5b9e12e', 'CHOOSE_GROUP', '2024-06-02 07:00:00', '2024-08-03 07:00:00', '2024-07-24 12:40:11', '2024-07-24 12:40:11', '71e2da71-ddc1-4da6-aede-08cdd36b2eab'),
	('d4f5513d-1ac7-4372-a995-1e65b128dfe9', 'CHOOSE_TOPIC', '2024-06-02 07:00:00', '2024-08-03 07:00:00', '2024-07-24 12:40:11', '2024-07-24 12:40:11', '71e2da71-ddc1-4da6-aede-08cdd36b2eab'),
	('d5378b0b-67f5-4e6f-acba-30d0b516e9b1', 'REPORT', '2024-06-02 07:00:00', '2024-08-03 07:00:00', '2024-07-24 12:40:11', '2024-07-24 12:40:11', '71e2da71-ddc1-4da6-aede-08cdd36b2eab'),
	('e68d1cb3-3031-4d13-b8d5-a1c3abc7d889', 'DISCUSSION', '2024-06-02 07:00:00', '2024-08-03 07:00:00', '2024-07-24 12:40:11', '2024-07-24 12:40:11', '71e2da71-ddc1-4da6-aede-08cdd36b2eab'),
	('eb6ca4c8-7978-4501-bc09-a34186b2ac56', 'PUBLIC_TOPIC', '2024-08-10 07:00:00', '2024-12-26 07:00:00', '2024-07-25 18:29:00', '2024-07-25 18:29:00', '8fb8fbda-37ed-4861-a3a2-236500e62ee6'),
	('ee549a47-4bd5-41fb-a9fb-79d7a07f7041', 'DISCUSSION', '2024-08-10 07:00:00', '2024-12-26 07:00:00', '2024-07-25 18:29:00', '2024-07-25 18:29:00', '8fb8fbda-37ed-4861-a3a2-236500e62ee6'),
	('fc7908e6-5ae7-4dfd-9f66-464f6374e3a1', 'PUBLIC_TOPIC', '2024-06-02 07:00:00', '2024-08-03 07:00:00', '2024-07-24 12:40:11', '2024-07-25 17:46:46', '71e2da71-ddc1-4da6-aede-08cdd36b2eab');

INSERT INTO `lecturers` (`id`, `username`, `password`, `full_name`, `phone`, `email`, `gender`, `degree`, `is_active`, `created_at`, `updated_at`, `major_id`) VALUES
	('0d16e5ea-4a22-4375-a0b7-b187515743c3', '06690007', '$2b$10$rlXYK.7Vc9eKwENunQvas.ZBBBC1yNSw6IHP9K5OOhS98bwku4Utq', 'Nguyễn Trọng Tiến', '0935020003', 'nguyentrongtiencntt@gmail.com', 'MALE', 'MASTER', 1, '2024-07-25 19:04:31', '2024-07-25 19:04:31', 'e4fe02cb-f2b0-4afa-885d-d1b93130d350'),
	('1523da66-ef24-4a26-b89b-1b9eb1bd9a3c', '01120049', '$2b$10$rlXYK.7Vc9eKwENunQvas.ZBBBC1yNSw6IHP9K5OOhS98bwku4Utq', 'Phạm Thanh Hùng', '0918805565', 'pthung_2002@yahoo.com', 'MALE', 'MASTER', 1, '2024-07-25 19:04:31', '2024-07-25 19:04:31', 'e4fe02cb-f2b0-4afa-885d-d1b93130d350'),
	('36c2c907-6520-4092-8c3e-b09654bb35cf', '01120016', '$2b$10$rlXYK.7Vc9eKwENunQvas.ZBBBC1yNSw6IHP9K5OOhS98bwku4Utq', 'Nguyễn Văn Thắng', '0988648733', 'thangvnguyen2001@gmail.com', 'FEMALE', 'MASTER', 1, '2024-07-25 19:04:31', '2024-07-25 19:04:31', 'e4fe02cb-f2b0-4afa-885d-d1b93130d350'),
	('44203a2a-70fb-4b5c-934f-27bdc38bd009', '01220022', '$2b$10$VK8P.RlavDrfcJ1//z46jehc8eS6FXZSjqVY3HHu.XTVNFub4vpVO', 'Nguyễn Thị Hạnh', '0773070596', 'ngthihanh@gmail.com', 'FEMALE', 'DOCTOR', 1, '2024-07-25 18:08:37', '2024-07-25 18:08:37', 'e4fe02cb-f2b0-4afa-885d-d1b93130d350'),
	('53721bd4-6f76-4b3f-b404-2e03acebecf4', '01120012', '$2b$10$rlXYK.7Vc9eKwENunQvas.ZBBBC1yNSw6IHP9K5OOhS98bwku4Utq', 'Đặng Thị Thu Hà', '0903016048', 'dtthuha79@gmail.com', 'FEMALE', 'MASTER', 1, '2024-07-25 19:04:31', '2024-07-25 19:04:31', 'e4fe02cb-f2b0-4afa-885d-d1b93130d350'),
	('6388a4d9-82cb-4706-9710-c36ad0ed4fbd', '01120034', '$2b$10$rlXYK.7Vc9eKwENunQvas.ZBBBC1yNSw6IHP9K5OOhS98bwku4Utq', 'Nguyễn Thị Hồng Lương', '0903128350', 'nguyenluong1603@gmail.com', 'MALE', 'MASTER', 1, '2024-07-25 19:04:31', '2024-07-25 19:04:31', 'e4fe02cb-f2b0-4afa-885d-d1b93130d350'),
	('69dd4fdc-97b3-47bf-a8e4-dba378e9a3d7', '01120009', '$2b$10$rlXYK.7Vc9eKwENunQvas.ZBBBC1yNSw6IHP9K5OOhS98bwku4Utq', 'Tôn Long Phước', '0933227272', 'tonlongphuoc@iuh.edu.vn', 'MALE', 'MASTER', 1, '2024-07-25 19:04:31', '2024-07-25 19:04:31', 'e4fe02cb-f2b0-4afa-885d-d1b93130d350'),
	('a33509f3-8213-401a-8a0f-6a41b0427736', '01120013', '$2b$10$rlXYK.7Vc9eKwENunQvas.ZBBBC1yNSw6IHP9K5OOhS98bwku4Utq', 'Nguyễn Thị Hoàng Khánh', '0903444795', 'ngthihoangkhanh@gmail.com', 'FEMALE', 'MASTER', 1, '2024-07-25 19:04:31', '2024-07-25 19:04:31', 'e4fe02cb-f2b0-4afa-885d-d1b93130d350'),
	('c03e5a93-d31a-4129-bd9f-0ea4c254d7da', '01120050', '$2b$10$rlXYK.7Vc9eKwENunQvas.ZBBBC1yNSw6IHP9K5OOhS98bwku4Utq', 'Châu Thị Bảo Hà', '0918153584', 'chauthibaoha@gmail.com', 'FEMALE', 'MASTER', 1, '2024-07-25 19:04:31', '2024-07-25 19:04:31', 'e4fe02cb-f2b0-4afa-885d-d1b93130d350'),
	('dfab5a22-1adf-4989-b7dc-60dd7aaf9614', '01120014', '$2b$10$rlXYK.7Vc9eKwENunQvas.ZBBBC1yNSw6IHP9K5OOhS98bwku4Utq', 'Trần Thị Anh Thi', '0985787825', 'tranthianhthi@iuh.edu.vn', 'FEMALE', 'MASTER', 1, '2024-07-25 19:04:31', '2024-07-25 19:04:31', 'e4fe02cb-f2b0-4afa-885d-d1b93130d350'),
	('e1cde3ae-79e7-4b0f-bef5-a019c1912037', '01004004', '$2b$10$rlXYK.7Vc9eKwENunQvas.ZBBBC1yNSw6IHP9K5OOhS98bwku4Utq', 'Trần Thế Trung', '0947 388789', 'tranthetrung@iuh.edu.vn', 'MALE', 'MASTER', 1, '2024-07-25 19:04:31', '2024-07-25 19:04:31', 'e4fe02cb-f2b0-4afa-885d-d1b93130d350'),
	('e8669f9b-0fa9-47d2-a9aa-cc51804861a0', '06690051', '$2b$10$rlXYK.7Vc9eKwENunQvas.ZBBBC1yNSw6IHP9K5OOhS98bwku4Utq', 'Đặng Văn Thuận', '0979788849', 'dangvanthuan26@gmail.com', 'MALE', 'MASTER', 1, '2024-07-25 19:04:31', '2024-07-25 19:04:31', 'e4fe02cb-f2b0-4afa-885d-d1b93130d350');

INSERT INTO `lecturer_terms` (`id`, `created_at`, `updated_at`, `lecturer_id`, `term_id`) VALUES
	('10dff8f5-fb4f-4bae-a97c-5445bb623a49', '2024-07-25 19:05:05', '2024-07-25 19:05:05', 'c03e5a93-d31a-4129-bd9f-0ea4c254d7da', '71e2da71-ddc1-4da6-aede-08cdd36b2eab'),
	('1369d846-4aac-402e-8e99-ee9b6a57e55b', '2024-07-25 19:05:05', '2024-07-25 19:05:05', '0d16e5ea-4a22-4375-a0b7-b187515743c3', '71e2da71-ddc1-4da6-aede-08cdd36b2eab'),
	('4236feda-ca3b-4fad-bad8-defaa4a78497', '2024-07-25 19:05:05', '2024-07-25 19:05:05', '6388a4d9-82cb-4706-9710-c36ad0ed4fbd', '71e2da71-ddc1-4da6-aede-08cdd36b2eab'),
	('45d71fdc-b443-490a-9e62-972ee650ca3f', '2024-07-25 19:05:05', '2024-07-25 19:05:05', 'dfab5a22-1adf-4989-b7dc-60dd7aaf9614', '71e2da71-ddc1-4da6-aede-08cdd36b2eab'),
	('4aba9496-c996-492f-9c63-251dad468ea1', '2024-07-25 19:05:05', '2024-07-25 19:05:05', '69dd4fdc-97b3-47bf-a8e4-dba378e9a3d7', '71e2da71-ddc1-4da6-aede-08cdd36b2eab'),
	('5eb744e0-3c2a-4167-8e6e-c629dda38ee2', '2024-07-25 18:08:37', '2024-07-25 18:08:37', '44203a2a-70fb-4b5c-934f-27bdc38bd009', '71e2da71-ddc1-4da6-aede-08cdd36b2eab'),
	('6cec4b21-9440-43ba-ad41-3cc909d69793', '2024-07-25 19:05:05', '2024-07-25 19:05:05', 'e8669f9b-0fa9-47d2-a9aa-cc51804861a0', '71e2da71-ddc1-4da6-aede-08cdd36b2eab'),
	('74ed0b58-eba5-454d-ae45-e0df8f667bf1', '2024-07-25 19:05:05', '2024-07-25 19:05:05', 'e1cde3ae-79e7-4b0f-bef5-a019c1912037', '71e2da71-ddc1-4da6-aede-08cdd36b2eab'),
	('81acc68e-b27d-409f-818d-2b9e072d2f69', '2024-07-25 19:05:05', '2024-07-25 19:05:05', '36c2c907-6520-4092-8c3e-b09654bb35cf', '71e2da71-ddc1-4da6-aede-08cdd36b2eab'),
	('ab9ec7bb-683f-4c85-a5d3-b9889d4c0a79', '2024-08-19 15:58:47', '2024-08-19 15:58:47', '44203a2a-70fb-4b5c-934f-27bdc38bd009', '8fb8fbda-37ed-4861-a3a2-236500e62ee6'),
	('f22a0d72-1275-4f29-ab0f-0aa314f4ec1a', '2024-07-25 19:05:05', '2024-07-25 19:05:05', '53721bd4-6f76-4b3f-b404-2e03acebecf4', '71e2da71-ddc1-4da6-aede-08cdd36b2eab'),
	('f3004d76-4935-4713-8e7f-9542af2faffd', '2024-07-25 19:05:05', '2024-07-25 19:05:05', '1523da66-ef24-4a26-b89b-1b9eb1bd9a3c', '71e2da71-ddc1-4da6-aede-08cdd36b2eab'),
	('fd377e0a-4ba8-4ec6-9242-da2f1a3e9569', '2024-07-25 19:05:05', '2024-07-25 19:05:05', 'a33509f3-8213-401a-8a0f-6a41b0427736', '71e2da71-ddc1-4da6-aede-08cdd36b2eab');

INSERT INTO `topics` (`id`, `name`, `description`, `quantity_group_max`, `note`, `target`, `expected_result`, `standard_output`, `require_input`, `status`, `created_at`, `updated_at`, `lecturer_term_id`) VALUES
	('1aabe8c8-9e5a-4c89-bf8e-fbb61eac3b2d', 'Quản lý khách sạn', 'Chương trình giúp người quản lý quản lý được nhân viên, quản lý việc đặt trả phòng của khách... và khách hàng đặt được phòng.', 5, NULL, '- Giúp người quản lý, quản lý được khách sạn\r\n- Giúp khách hàng xem thông tin về phòng, đặt phòng...', 'Áp dụng được vào thực tế', 'A. Sinh viên tham gia đề tài\r\n1) Nắm vững kiến thức, kỹ năng lập trình C/C++ hoặc Java\r\n2) Có kiến thức, kỹ năng triển khai dự án phần mềm đầy đủ qui trình từ Requirement => Design => Coding => Unit Testing\r\n3) Có năng lực đầy đủ về Lập kế hoạch, theo dõi tiến độ, phân tích các vấn đề phát sinh trong quá trình thực hiện dự án.\r\n4) Đọc tài liệu tiếng Anh, tìm kiếm tài liệu, Kỹ năng viết báo cáo, tài liệu thuyết trình\r\n5) Có thể thu thập, phân tích được hành vi người dùng trong quá trình thực hiện dự án.\r\nB. Sản phẩm\r\n1) Có tài liệu mô tả Yêu cầu dự án.\r\n2) Có tài liệu mô tả Thiết kế kiến trúc của dự án.\r\n3) Có tài liệu mô tả Thiết kế chi tiết cho chức năng chính của dự án.\r\n4)  Có tài liệu mô tả tình huống test và kết quả test cho chức năng chính của dự án.\r\n5) Có tài liệu mô tả cách biên dịch, đóng gói và hướng dẫn nâng cấp mã nguồn cho dự án.', 'Có kiến thức về quản lý, báo cáo Crystal report.\r\n- Kỹ năng phân tích thiết kế, lập trình tốt.\r\n- Cần cù, chiu khó.\r\n- Có tinh thần ham học hỏi, cầu tiến.', 'PENDING', '2024-07-31 12:05:54', '2024-07-31 12:05:54', 'f3004d76-4935-4713-8e7f-9542af2faffd'),
	('2490ad11-9833-466f-a219-ff1bff6e9fc2', 'Website giới thiệu phim mới', '- Quản lý nội dung phim, thể loại phim sắp phát hành\r\n- Thống kế lượng truy cập, đánh giá khảo sát phim\r\n- Quản lý thông tin người dùng', 5, NULL, '- Hiểu được kiến trúc tổng thể hệ thống giới thiệu phim mới\r\n- Sử dụng được các công nghệ lập trình Node JS, HTML5, CSS3, jQuery, Ajax \r\n- Biết cách khai thác và triển khai ứng dụng trên nền tảng điện toán đám mây', 'Hiện thực ứng dụng trực tuyến trên nền tảng đám mây (AWS), Các chức năng ứng dụng gần giống thực tế', 'A.Sinh viên tham gia đề tài.\r\n1) Có khả năng triển khai ứng dụng web trên nền tảng điện toán đám mây\r\n2) Có kiến thức và kỹ năng lập trình web và khai thác các dịch vụ điện toán đám mây\r\n3) Thực hiện theo qui trình từ Requirement => Design => Coding => Unit Testing. \r\n4) Kế hoạch thực hiện đề tài\r\nB.Sản phẩm\r\n1) Có thể sử dụng được, có thể phát triển tiếp\r\n2) Tài liệu thực hiện theo mẫu đồ án quy định \r\n3) Mả nguồn chương trình\r\n4) Tài liệu mô tả qui trình testing', '- Hiểu nền tảng kiến trúc và khai thác dịch vụ điện toán đám mây (AWS)\r\n- Hiểu và có kỹ năng lập trình Node.js và các công nghệ web có liên quan', 'PENDING', '2024-07-31 12:05:54', '2024-07-31 12:05:54', '5eb744e0-3c2a-4167-8e6e-c629dda38ee2'),
	('32dc7eb4-8bc5-44e7-8012-39ba291534f4', 'Xây dựng ứng dụng giúp đặt món ăn trên thiết bị di động', '-	Hỗ trợ việc quản lí, kiểm tra doanh thu, tình hình nguyên vật liệu\r\n-        Tạo ra một hệ thống thông tin liền mạch từ nhân viên phục vụ, bộ phận pha chế, nhà bếp đến bộ phận thu ngân và quản lí\r\n-        Giúp khách hàng có thể đặt món từ xa, dùng dữ liệu có sẵn để có thể tạo sự tiện lợi tối đa cho khách hàng', 5, NULL, '- Lập trình được trên HDH Androi, ứng dụng được các công cụ (thư viện, các gói mã nguồn mở...) vào thực hiện trong đề tài \r\n- Phân tích, thiết kế ứng dụng . \r\n- Hiện thực được ứng dụng, triễn khai được thành các App trên nền tảng android', 'Hiện thực và triễn khai được thành các App trên nền tảng android.', 'A.Sinh viên tham gia đề tài \r\n1) Nắm vững kiến thức, kỹ năng lập trình Java, lập trình TBDĐ trên Android \r\n2) Đọc tài liệu tiếng Anh, tìm kiếm tài liệu, Kỹ năng viết báo cáo, tài liệu thuyết trình\r\n3) Có năng lực đầy đủ về Lập kế hoạch, theo dõi tiến độ, phân tích các vấn đề phát sinh trong quá trình thực hiện đề tài. \r\n4) Có kỹ năng sử dụng tích hợp công nghệ mới và đề tài. \r\nB.Sản phẩm \r\n1) Có tài liệu mô tả Yêu cầu dự án. \r\n2) Có tài liệu mô tả Thiết kế kiến trúc của dự án. \r\n3) Có tài liệu mô tả Thiết kế chi tiết cho chức năng chính của dự án.\r\n 4) Có mã nguồn được lưu vết (tracking) định kỳ trên hệ thống quản lý phiên bản (version control) như Subversion hoặc Git; Mã nguồn trình bày rõ ràng, dễ hiểu theo tiêu chuẩn đã được thống nhất. \r\n5) Có tài liệu mô tả tình huống test và kết quả test cho chức năng chính của dự án. \r\n6) Có tài liệu mô tả cách biên dịch, đóng gói và hướng dẫn nâng cấp mã nguồn cho dự án.', '- Có kiến thức lập trình trên thiết bị di động.\r\n - Có tinh thần học hỏi và mong muốn làm sản phẩm theo quy trình công nghiệp: tuân thủ tiêu chuẩn khi viết mã nguồn, có hoạt động đảm bảo chất lượng mã nguồn.\r\n - Biết cách tìm hiểu nhu cầu thực tế của người dùng.\r\n - Có khả năng viết mô tả yêu cầu ứng dụng.', 'PENDING', '2024-07-31 12:05:54', '2024-07-31 12:05:54', '45d71fdc-b443-490a-9e62-972ee650ca3f'),
	('461e42c0-1aa5-45e5-98fc-22f32ba48420', 'Tạo ra ứng dụng về du lịch và dịch vụ bán sản phẩm.', '- Tìm hiểu digital marketing.\r\n - Nguyên cứu các công nghệ NodeJS, VueJS, HTML5, CSS, SCSS, Javascript, Boostrap, MongoDB.\r\n - Nguyên cứu cách viết và xây dựng ứng dụng cho số lượng lớn truy cập.\r\n - Nguyên cứu cách viết ứng dụng tích hợp với các mạng xã hội.\r\n - Nguyên cứu cách tạo ra các con bot Crawl Data.', 5, NULL, '- Hiểu được khái niệm, cách tổ chức 1 trang du lịch và thương mại điện tử.\r\n - Sử dụng được các công nghệ: NodeJS, VueJS, HTML5, CSS, SCSS, Javascript, Boostrap, MongoDB.\r\n -Vận dụng được năng lực lập trình để xây dựng sản phẩm theo chuẩn công nghiệp.\r\n - Triển khai hệ thống trên Cloud.\r\n - Tạo ra các con bot Crawl Data từ các trang liên quan.', '-Phần mềm cho phép người dùng nắm bắt thông tin cơ bản và chuẩn bị đồ dùng cần thiết cho chuyến đi, đăng bài, tạo bộ sưu tập, bình luận,tạo lịch các chuyến đi của chính mình.\r\n - Thông báo sự kiện qua Gmail(Thông tin địa điểm thông qua lịch được đặt sẵn).\r\n - Phần mềm có thêm 1 dịch vụ mua sản phẩm liên quan.', 'A.Sinh viên tham gia đề tài \r\n1) Nắm vững kiến thức, kỹ năng lập trình Nodejs, Html, Css, Scss, Vuejs \r\n2) Có kiến thức, kỹ năng triển khai dự án phần mềm đầy đủ qui trình từ Requirement => Design => Coding => Unit Testing \r\n3) Có năng lực đầy đủ về Lập kế hoạch, theo dõi tiến độ, phân tích các vấn đề phát sinh trong quá trình thực hiện dự án.\r\n 4) Có thể thu thập thông tin và phân tích các vấn đề phát sinh. B.Sản phẩm\r\n 1) Có tài liệu mô tả Yêu cầu dự án.\r\n 2) Có tài liệu mô tả Thiết kế kiến trúc của dự án.\r\n 3) Có tài liệu mô tả Thiết kế chi tiết cho chức năng chính của dự án. \r\n4) Có mã nguồn được lưu vết (tracking) định kỳ trên hệ thống quản lý phiên bản (version control) như Subversion hoặc Git; Mã nguồn trình bày rõ ràng, dễ hiểu theo tiêu chuẩn đã được thống nhất.\r\n 5) Có tài liệu mô tả tình huống test và kết quả test cho chức năng chính của dự án. \r\n6) Có tài liệu mô tả cách biên dịch, đóng gói và hướng dẫn nâng cấp mã nguồn cho dự án.', '- Đam mê nghiên cứu công nghệ, thuật toán.\r\n - Có kiến thức cơ bản về Web Programming.\r\n - Kiến thức lập trình Javascript, Html, Css,\r\n - Có tinh thần học hỏi và mong muốn làm sản phẩm theo quy trình công nghiệp: tuân thủ tiêu chuẩn khi viết mã nguồn, có hoạt động đảm bảo chất lượng mã nguồn', 'PENDING', '2024-07-31 12:05:54', '2024-07-31 12:05:54', '81acc68e-b27d-409f-818d-2b9e072d2f69'),
	('4bf0d684-2abc-43da-ab59-034e98726e7b', 'Xây dựng Website buôn bán online', '-"- Giúp người dùng ở tại nhà nhưng vẫn mua bán được các sản phẩm trên gian hàng.\r\n- Tiết kiệm được không gian và thời gian không phải tập trung\r\nđến chợ và siêu thị"', 5, 'Đề tài không phù hợp', '- Xây dựng website bán hàng trực tuyến:\r\n-Giúp người dùng tham bán và mua hàng online ;\r\n-có thể chọn: \r\n+Gian hàng, thương hiệu sản phẩm, được cung cấp Website', 'Hiện thực và triển khai được các gian hàng online', 'Chức năng Website: người dùng có thể mua hoặc đăng ký bán các mặt hàng trên gian hàng trên web.\r\n Hệ thống phân tích tự động khuyến khích khách hàng chọn mua những sản phẩm cần thiết phù hợp: mặt hàng giảm giá nhiều nhất, mua nhiều nhất, giao dịch thường xuyên, giao dịch thành viên....\r\nSinh viên thực hiện đề tài:\r\n- Phân tích thiết kế hệ thống.\r\n- Nắm vững kiến thức Html, Css,...\r\n- Có kiến thức, kỹ năng triển khai dự án theo qui trình chặt chẽ \r\n- Biết lập kế hoạt và triển khai dự án, theo dõi tiến độ, phân tích các vấn đề phát sinh trong quá trình thực hiện dự án.\r\n - Hoàn thành dự án trên cơ sở phân tích yêu cầu của người dùng và kiểm thử chặt chẽ. \r\nKết quả Sản phẩm:\r\n - Xây dựng được Website theo yêu cầu, tài liệu  thiết kế kiến trúc của dự án.\r\n - Triển khai cài đặt ứng dụng trên internet', 'Người quản trị khởi tạo và cung cấp tài khoản cho\r\nCác hộ kinh doanh theo các gian hàng online. \r\nĐược phân quyền theo các chức năng cập nhật thêm xóa sửa các mặt hàng trên gian hàng\r\nKhác mua hàng có thể đăng ký thành viên qua hệ thống, người mua hàng được chọn các mặt hàng và thanh toán tiền khi đồng ý.', 'REJECTED', '2024-07-31 12:05:54', '2024-07-31 12:27:46', '6cec4b21-9440-43ba-ad41-3cc909d69793'),
	('4d61b6b3-57f7-4789-90f3-8cc469d6d9d1', 'Quản lý đặt bàn trong nhà hàng', 'Chương trình giúp người quản lý quản lý được  việc đặt món ăn, tính tiền của khách... và khách hàng đặt được món ăn', 5, NULL, 'Giúp người quản lý, quản lý được bàn đặt, các món ăn \r\n- Giúp khách hàng xem thông tin về món ăn, đặt bàn...', 'Áp dụng được vào thực tế', 'A. Sinh viên tham gia đề tài\r\n1) Nắm vững kiến thức, kỹ năng lập trình C/C++ hoặc Java\r\n2) Có kiến thức, kỹ năng triển khai dự án phần mềm đầy đủ qui trình từ Requirement => Design => Coding => Unit Testing\r\n3) Có năng lực đầy đủ về Lập kế hoạch, theo dõi tiến độ, phân tích các vấn đề phát sinh trong quá trình thực hiện dự án.\r\n4) Đọc tài liệu tiếng Anh, tìm kiếm tài liệu, Kỹ năng viết báo cáo, tài liệu thuyết trình\r\n5) Có thể thu thập, phân tích được hành vi người dùng trong quá trình thực hiện dự án.\r\nB. Sản phẩm\r\n1) Có tài liệu mô tả Yêu cầu dự án.\r\n2) Có tài liệu mô tả Thiết kế kiến trúc của dự án.\r\n3) Có tài liệu mô tả Thiết kế chi tiết cho chức năng chính của dự án.\r\n4)  Có tài liệu mô tả tình huống test và kết quả test cho chức năng chính của dự án.\r\n5) Có tài liệu mô tả cách biên dịch, đóng gói và hướng dẫn nâng cấp mã nguồn cho dự án.', 'Có kiến thức về quản lý, báo cáo Crystal report.\r\n- Kỹ năng phân tích thiết kế, lập trình tốt.\r\n- Cần cù, chiu khó.\r\n- Có tinh thần ham học hỏi, cầu tiến.', 'PENDING', '2024-07-31 12:05:54', '2024-07-31 12:05:54', 'f3004d76-4935-4713-8e7f-9542af2faffd'),
	('5f873746-583d-4713-97e8-36b8c6f178a0', 'Xây dựng App đặt đồ uống qua Mobile (Android) cho quán cà phê CHB. Backend C# ASP.NET MVC hoặc PHP', '- Tìm hiểu nghiệp vụ hoạt động của Coffe Shop.\r\n- Nghiên cứu công nghệ lập trình Java Mobile kết hợp ASP.NET MVC hoặc PHP phía backend.\r\n- Phát triển các module: - Đặt món\r\n                                       - Thu nhận yêu cầu của Tiếp tân\r\n                                       - Bộ phận Bếp xử lý đơn và trả kết quả.\r\n                                       - Thống kê doanh thu\r\n(Và một số module phụ để phục vụ các chức năng chính trên như: loại đồ uống v.v.)', 5, NULL, '- Lập trình được trên HDH Android.\r\n- Giúp cho Sinh viên cập nhật những kiến thực về Thương mại Online.\r\n- Triển khai được một App bán hàng.\r\n- Giúp cho một Đơn vị nhỏ có thể phân phối Sản phẩm của mình qua Mobile', '- Triển khai được App ứng dụng cho một quán Cà phê cụ thể.', 'A.Sinh viên tham gia đề tài\r\n1) Nắm vững kiến thức, kỹ năng lập trình  Java\r\n2) Có kiến thức, kỹ năng triển khai dự án phần mềm đầy đủ qui trình từ Requirement => Design => Coding => Unit Testing\r\n3) Có kỹ năng lập trình sử dụng thư viện ngoài.\r\nB.Sản phẩm\r\n1) Có tài liệu mô tả Yêu cầu dự án.\r\n2) Có tài liệu mô tả Thiết kế chi tiết cho chức năng chính của dự án.\r\n3) Có mã nguồn được lưu vết (tracking) định kỳ trên hệ thống quản lý phiên bản (version control) như Subversion hoặc Git; Mã nguồn trình bày rõ ràng.\r\n4) Có tài liệu mô tả tình huống test và kết quả test cho chức năng chính của dự án.\r\n5) Có tài liệu mô tả cách biên dịch, đóng gói và hướng dẫn nâng cấp mã nguồn cho dự án.', '- Đam mê nghiên cứu công nghệ.\r\n- Kiến thức lập trình Java Mobile.\r\n- Có kiến thức cơ bản về Git để quản lý mã nguồn theo phiên bản.\r\n- Có tinh thần học hỏi và mong muốn làm sản phẩm.', 'PENDING', '2024-07-31 12:05:54', '2024-07-31 12:05:54', '1369d846-4aac-402e-8e99-ee9b6a57e55b'),
	('64bf1ff2-8407-42dc-9223-accf54b47b66', 'Website kinh doanh bất động sản', '- Khảo sát các website\r\n- Tạo sản phẩm hỗ trợ cho việc kinh doanh', 5, NULL, '- Giới Thiệu được công ty, dịch vụ và sản phẩm\r\n- Hỗ trợ cho việc kinh doanh bất động sản', 'Tương tự website thực tế', 'A.Sinh viên tham gia đề tài.\r\n1) Có khả năng phát triển ứng dụng web.\r\n3) Thực hiện theo qui trình từ Requirement => Design => Coding => Unit Testing.\r\nB.Sản phẩm\r\n1) Có thể sử dụng được, có thể phát triển tiếp\r\n2) Có chức năng trung gian mua bán, tìm kiếm nâng cao, quản lý đối tác\r\n3) Tài liệu Thực hiện theo mẫu đồ án quy định', '- Có suy nghĩ thực tế\r\n- Lập trình web', 'PENDING', '2024-07-31 12:05:54', '2024-07-31 12:05:54', '4aba9496-c996-492f-9c63-251dad468ea1'),
	('69e80e86-82b6-48f6-92f6-9abf8dddf4e1', 'Xây dựng ứng dụng quản lý tài chính cá nhân của sinh viên trên thiết bị di động', '-Đơn giản hóa công việc quản lý tài chính : Thay vì Sv phải viết ra giấy chi tiêu của mình  thì Sv có thể nhập chi tiêu hằng ngày vào phần mềm này,phần mềm sẽ tự động tính tổng chi tiêu cuối ngày và cuối tháng cho Sv.\r\n- Nhắc nhớ chi tiêu hằng ngày\r\n- Lập kế hoạch tiết kiệm cho sự kiện sắp tới.', 5, NULL, '- Lập trình được trên HDH Androi, ứng dụng được các công cụ (thư viện, các gói mã nguồn mở...) vào thực hiện trong đề tài \r\n- Phân tích, thiết kế ứng dụng . \r\n- Hiện thực được ứng dụng, triễn khai được thành các App trên nền tảng android', 'Hiện thực và triễn khai được thành các App trên nền tảng android.', 'A.Sinh viên tham gia đề tài \r\n1) Nắm vững kiến thức, kỹ năng lập trình Java, lập trình TBDĐ trên Android \r\n2) Đọc tài liệu tiếng Anh, tìm kiếm tài liệu, Kỹ năng viết báo cáo, tài liệu thuyết trình\r\n3) Có năng lực đầy đủ về Lập kế hoạch, theo dõi tiến độ, phân tích các vấn đề phát sinh trong quá trình thực hiện đề tài. \r\n4) Có kỹ năng sử dụng tích hợp công nghệ mới và đề tài. \r\nB.Sản phẩm \r\n1) Có tài liệu mô tả Yêu cầu dự án. \r\n2) Có tài liệu mô tả Thiết kế kiến trúc của dự án. \r\n3) Có tài liệu mô tả Thiết kế chi tiết cho chức năng chính của dự án.\r\n 4) Có mã nguồn được lưu vết (tracking) định kỳ trên hệ thống quản lý phiên bản (version control) như Subversion hoặc Git; Mã nguồn trình bày rõ ràng, dễ hiểu theo tiêu chuẩn đã được thống nhất. \r\n5) Có tài liệu mô tả tình huống test và kết quả test cho chức năng chính của dự án. \r\n6) Có tài liệu mô tả cách biên dịch, đóng gói và hướng dẫn nâng cấp mã nguồn cho dự án.', '- Có kiến thức lập trình trên thiết bị di động.\r\n - Có tinh thần học hỏi và mong muốn làm sản phẩm theo quy trình công nghiệp: tuân thủ tiêu chuẩn khi viết mã nguồn, Có hoạt động đảm bảo chất lượng mã nguồn.\r\n - Biết cách tìm hiểu nhu cầu thực tế của người dùng.\r\n - Có khả năng viết mô tả yêu cầu ứng dụng.', 'PENDING', '2024-07-31 12:05:54', '2024-07-31 12:05:54', '45d71fdc-b443-490a-9e62-972ee650ca3f'),
	('6b68a95f-6eb2-4f3a-b9c5-7e7f916c6a27', 'Tìm hiểu công nghệ WPF và ứng dụng xây dựng game ghép hình cho trẻ em', '- Tìm hiểu cách thức lập trình với WPF. \r\n - Tìm hiểu các control, các layout.\r\n - Tìm hiểu style, template.\r\n - Tìm hiểu đồ họa 2D, 3D.\r\n - Tìm hiểu khả năng tạo hiệu ứng, âm thanh, hình ảnh, hoạt họa của WPF.\r\n - Mô tả rõ ràng yêu cầu của game ghép hình cho trẻ em, phân tích, thiết kế, cài đặt game.\r\n Tham khảo:\r\n https://www.youtube.com/watch?v=NJs96fs56Ho\r\n https://www.youtube.com/watch?v=gy5qxtsvzxE\r\n https://www.youtube.com/watch?v=vTXPPozt6ao\r\n https://www.youtube.com/watch?v=W40CCYU4ZBM\r\n https://9mobi.vn/game-xep-hinh-cho-be-tren-ios-706n.aspx', 5, NULL, '- Hiểu được cách thức lập trình với WPF.\r\n - Vận dụng được năng lực lập trình C# để xây dựng sản phẩm theo tiêu chuẩn công nghiệp.', 'Game ghép hình cho trẻ em', 'A.Sinh viên tham gia đề tài\r\n1) Nắm vững kiến thức, kỹ năng lập trình C#.\r\n2) Có kiến thức, kỹ năng triển khai dự án phần mềm đầy đủ qui trình từ Requirement => Design => Coding => Unit Testing.\r\n3) Có năng lực đầy đủ về lập kế hoạch, theo dõi tiến độ, phân tích các vấn đề phát sinh trong quá trình thực hiện dự án.\r\nB.Sản phẩm\r\n1) Tài liệu mô tả yêu cầu.\r\n2) Tài liệu mô tả thiết kế.\r\n3) Tài liệu mô tả thiết kế chi tiết cho chức năng chính.\r\n4) Mã nguồn (được lưu vết định kỳ trên hệ thống quản lý phiên bản như SubVersion hoặc Git; mã nguồn trình bày rõ ràng, dễ hiểu theo tiêu chuẩn đã được thống nhất).\r\n5) Tài liệu mô tả tình huống test và kết quả test cho chức năng chính của dự án.\r\n6) Tài liệu mô tả cách biên dịch, đóng gói và hướng dẫn nâng cấp mã nguồn cho dự án.', '- Đam mê nghiên cứu công nghệ, lập trình.\r\n - Có kiến thức lập trình C#.\r\n - Có tinh thần học hỏi và mong muốn làm sản phẩm theo quy trình công nghiệp: tuân thủ tiêu chuẩn khi viết mã nguồn, có hoạt động đảm bảo chất lượng mã nguồn.\r\n - Có khả năng viết mô tả yêu cầu ứng dụng.', 'PENDING', '2024-07-31 12:05:54', '2024-07-31 12:05:54', '10dff8f5-fb4f-4bae-a97c-5445bb623a49'),
	('6c80d232-0d83-48da-8989-69804a08560b', 'Sàn giao dịch hàng hóa online', '- Khảo sát các website\r\n- Lựa chọn các chức năng cho loại giao dịch\r\n- Tạo sản phẩm với vai trò trung gian giao dịch', 5, NULL, '- Hiểu được vai trò trung gian của sàn giao dịch\r\n- Bảo đảm an toàn giao dịch\r\n- Website cho phép người dùng giao dịch online thuận lợi', 'Tương tự các sàn giao dịch trong thực tế', 'A.Sinh viên tham gia đề tài.\r\n1) Có khả năng phát triển ứng dụng web.\r\n3) Thực hiện theo qui trình từ Requirement => Design => Coding => Unit Testing.\r\nB.Sản phẩm\r\n1) Có thể sử dụng được, có thể phát triển tiếp\r\n2) Tất cả các giao dịch mua bán đều qua trung gian, tài khoản của sàn\r\n3) Tài liệu Thực hiện theo mẫu đồ án quy định', '- Phân tích nghiệp vụ tốt\r\n- Lập trình web', 'PENDING', '2024-07-31 12:05:54', '2024-07-31 12:05:54', '4aba9496-c996-492f-9c63-251dad468ea1'),
	('707fa961-bcdf-464b-b2e0-4b88ef144889', 'Website giới thiệu phim mới', '- Tìm hiểu cách thức lập trình với WPF. \r\n - Tìm hiểu các control, các layout.\r\n - Tìm hiểu style, template.\r\n - Tìm hiểu đồ họa 2D, 3D.\r\n - Tìm hiểu khả năng tạo hiệu ứng, âm thanh, hình ảnh, hoạt họa của WPF.\r\n - Mô tả rõ ràng yêu cầu của game ghép hình cho trẻ em, phân tích, thiết kế, cài đặt game.\r\n Tham khảo:\r\n https://www.youtube.com/watch?v=NJs96fs56Ho\r\n https://www.youtube.com/watch?v=gy5qxtsvzxE\r\n https://www.youtube.com/watch?v=vTXPPozt6ao\r\n https://www.youtube.com/watch?v=W40CCYU4ZBM\r\n https://9mobi.vn/game-xep-hinh-cho-be-tren-ios-706n.aspx', 5, NULL, 'Hiểu được cách thức lập trình với Mern stack.', 'Sử dụng để quản lý khóa luận cho toàn khoa', 'A.Sinh viên tham gia đề tài\r\n1) Nắm vững kiến thức, kỹ năng lập trình C#.\r\n2) Có kiến thức, kỹ năng triển khai dự án phần mềm đầy đủ qui trình từ Requirement => Design => Coding => Unit Testing.\r\n3) Có năng lực đầy đủ về lập kế hoạch, theo dõi tiến độ, phân tích các vấn đề phát sinh trong quá trình thực hiện dự án.\r\nB.Sản phẩm\r\n1) Tài liệu mô tả yêu cầu.\r\n2) Tài liệu mô tả thiết kế.\r\n3) Tài liệu mô tả thiết kế chi tiết cho chức năng chính.\r\n4) Mã nguồn (được lưu vết định kỳ trên hệ thống quản lý phiên bản như SubVersion hoặc Git; mã nguồn trình bày rõ ràng, dễ hiểu theo tiêu chuẩn đã được thống nhất).\r\n5) Tài liệu mô tả tình huống test và kết quả test cho chức năng chính của dự án.\r\n6) Tài liệu mô tả cách biên dịch, đóng gói và hướng dẫn nâng cấp mã nguồn cho dự án.', '- Đam mê nghiên cứu công nghệ, lập trình.\r\n - Có kiến thức lập trình C#.\r\n - Có tinh thần học hỏi và mong muốn làm sản phẩm theo quy trình công nghiệp: tuân thủ tiêu chuẩn khi viết mã nguồn, có hoạt động đảm bảo chất lượng mã nguồn.\r\n - Có khả năng viết mô tả yêu cầu ứng dụng.', 'PENDING', '2024-08-19 15:59:25', '2024-08-19 15:59:25', 'ab9ec7bb-683f-4c85-a5d3-b9889d4c0a79'),
	('8cb5c30e-ad71-4a3d-901f-22fae3f846dd', 'Xây dựng Website là một diễn đàn chia sẻ các kinh nghiệm \r\nchăm sóc con của cha mẹ', '- Tìm hiểu rõ ràng và đưa ra các yêu cầu về nhu câu cần trao đổi và chia sẻ của các cha mẹ \r\nvề con cái của họ như tính tình, cách dạy dỗ, giáo dục giới tính ....\r\n- Từ đó dẫn đến việc phân tích CSDL hiện thực đúng đắn\r\n- Áp dụng được các kiến thức đã học để thiết kế và xây dựng website. \r\n- SV có thể tìm hiểu thêm các kiến thức khác áp dụng cho việc tạo 1 Website', 5, NULL, '- Phân tích công việc và các thông tin cần trao đổi trên website\r\n- Sử dụng được các công nghệ lập trình Node JS, HTML5, CSS3, jQuery, Ajax \r\n- Thực thi được kết nối với các trang mạng xã hội khác trong diễn đàn như \r\nfacebook, twitter, instagram ...', 'Website sau khi hoàn thành phải có tính thực tế \r\nvà áp dụng trên đa nền tảng khác nhau', 'A.Sinh viên tham gia đề tài\r\n1) Nắm vững kiến thức, kỹ năng thiết kế Web và lập trình C#.\r\n2) Có kiến thức, kỹ năng triển khai dự ánwebsite đầy đủ qui trình từ Requirement => Design => Coding => Unit Testing=>Maintaining.\r\n3) Có năng lực đầy đủ về lập kế hoạch, theo dõi tiến độ, phân tích các vấn đề phát sinh trong quá trình thực hiện dự án.\r\nB.Sản phẩm\r\n1) Tài liệu Báo cáo khóa luận theo mẫu quy định của FIT IUH.\r\n2) Tài liệu mô tả yêu cầu.\r\n3) Tài liệu mô tả thiết kế.\r\n4) Tài liệu mô tả thiết kế chi tiết cho chức năng chính.\r\n5) Mã nguồn (được lưu vết định kỳ trên hệ thống quản lý phiên bản như SubVersion hoặc Git; mã nguồn trình bày rõ ràng, dễ hiểu theo tiêu chuẩn đã được thống nhất).\r\n7) Tài liệu mô tả tình huống test và kết quả test cho chức năng chính của dự án.\r\n8) Tài liệu mô tả cách triển khai Website\r\n9) Tài liệu hướng dẫn nâng cấp mới theo nhu cầu', '- SV có đam mê về lập trình và phân tích hệ thống \r\n-SV có kiến thức về lập trình Web\r\n- SV phải chịu khó học hỏi và có tinh thần làm việc tự giác', 'PENDING', '2024-07-31 12:05:54', '2024-07-31 12:05:54', 'f22a0d72-1275-4f29-ab0f-0aa314f4ec1a'),
	('9116b966-0f03-413a-94fe-0dfc90f714fb', 'Xây dựng Website bán vé tàu online', '- Tìm hiểu rõ ràng và đưa ra các yêu cầu về nghiệp vụ bán vé tàu online. \r\n- Từ đó dẫn đến việc phân tích CSDL hiện thực đúng đắn\r\n- Áp dụng được các kiến thức đã học để thiết kế và xây dựng website. \r\n- SV có thể tìm hiểu thêm các kiến thức khác áp dụng cho việc tạo 1 Website', 5, NULL, '- Phân tích nghiệp vụ thực tế của việc bán vé tàu online\r\n- Sử dụng được các công nghệ lập trình Node JS, HTML5, CSS3, jQuery, Ajax \r\n- Thực thi được việc thanh toán trực tuyến qua các cổng thanh toán\r\n điện tử với các loại thẻ ATM', 'Website sau khi hoàn thành phải có tính thực tế \r\nvà áp dụng trên đa nền tảng khác nhau', 'A.Sinh viên tham gia đề tài\r\n1) Nắm vững kiến thức, kỹ năng thiết kế Web và lập trình C#.\r\n2) Có kiến thức, kỹ năng triển khai dự ánwebsite đầy đủ qui trình từ Requirement => Design => Coding => Unit Testing=>Maintaining.\r\n3) Có năng lực đầy đủ về lập kế hoạch, theo dõi tiến độ, phân tích các vấn đề phát sinh trong quá trình thực hiện dự án.\r\nB.Sản phẩm\r\n1) Tài liệu Báo cáo khóa luận theo mẫu quy định của FIT IUH.\r\n2) Tài liệu mô tả yêu cầu.\r\n3) Tài liệu mô tả thiết kế.\r\n4) Tài liệu mô tả thiết kế chi tiết cho chức năng chính.\r\n5) Mã nguồn (được lưu vết định kỳ trên hệ thống quản lý phiên bản như SubVersion hoặc Git; mã nguồn trình bày rõ ràng, dễ hiểu theo tiêu chuẩn đã được thống nhất).\r\n7) Tài liệu mô tả tình huống test và kết quả test cho chức năng chính của dự án.\r\n8) Tài liệu mô tả cách triển khai Website\r\n9) Tài liệu hướng dẫn nâng cấp mới theo nhu cầu', '- SV có đam mê về lập trình và phân tích hệ thống \r\n-SV có kiến thức về lập trình Web\r\n- SV phải chịu khó học hỏi và có tinh thần làm việc tự giác', 'PENDING', '2024-07-31 12:05:54', '2024-07-31 12:05:54', 'f22a0d72-1275-4f29-ab0f-0aa314f4ec1a'),
	('978ec207-46ff-490d-a5ce-8fbdbcb8f109', 'Xây dựng Website du lịch trực tuyến.', '- Tìm hiểu chi tiết các nghiệp vụ đáp ứng đủ trong ngành du lịch .\r\n- Áp dụng các kiến thức đã học để thiết kế và xây dựng website. \r\n- SV có thể tìm hiểu thêm các kiến thức khác để áp dụng cho việc thiết kế 1 Website', 5, NULL, '-Phân tích nghiệp vụ trong thực tế.\r\n-Hệ thống bán tour trực tuyến là phân hệ danh cho khách hàng public có thể \r\nbook tour giữ chỗ và thanh toán trực tuyến thông qua hình thúc\r\n thanh toán : Visa, ATM, Ví điện tử,...\r\n-Nhờ đó tiết kiệm được rất nhiều thời gian, công sức cho khách \r\nhàng mỗi khi có nhu cầu đi du lịch.', 'Website sau khi hoàn thành phải áp dụng được \r\ntrong thực tế.', 'A.Sinh viên tham gia đề tài\r\n1) Nắm vững kiến thức, kỹ năng lập trình các ngôn ngữ C#, Jquery, HTML, CSS, Javascript, Ajax. Sử dụng hệ quản trị cơ sở dữ liệu Microsoft SQL Server .\r\n2) Có kiến thức, kỹ năng triển khai dự án phần mềm đầy đủ qui trình từ Requirement => Design => Coding => Unit Testing\r\n3) Có năng lực đầy đủ về Lập kế hoạch, theo dõi tiến độ, phân tích các vấn đề phát sinh trong quá trình thực hiện dự án.\r\n4) Có kỹ năng lập trình sử dụng lại thư viện xử lý ảnh.\r\n\r\n\r\nB.Sản phẩm\r\n1) Có tài liệu mô tả Yêu cầu dự án.\r\n2) Có tài liệu mô tả Thiết kế kiến trúc của dự án.\r\n3) Có tài liệu mô tả Thiết kế chi tiết cho chức năng chính của dự án.\r\n4) Có mã nguồn được lưu vết (tracking) định kỳ trên hệ thống quản lý phiên bản (version control) như Subversion hoặc Git; Mã nguồn trình bày rõ ràng, dễ hiểu theo tiêu chuẩn đã được thống nhất.\r\n5) Có tài liệu mô tả tình huống test và kết quả test cho chức năng chính của dự án.\r\n6) Có tài liệu mô tả cách biên dịch, đóng gói và hướng dẫn nâng cấp mã nguồn cho dự án.', '- SV có kiến thức về lập trình Web.\r\n- SV có tinh thần tự giác học hỏi.\r\n- SV có đam mê nghiên cứu về công nghệ', 'PENDING', '2024-07-31 12:05:54', '2024-07-31 12:05:54', '4236feda-ca3b-4fad-bad8-defaa4a78497'),
	('a1a1255f-8f00-4d1b-999a-466e07ee6cfe', 'Xây dựng App bán hàng trên Điện thoại di động Hệ điều hành Android', '- Tìm hiểu Thương mại điện tử.\r\n- Nghiên cứu công nghệ lập trình Java Mobile kết hợp ASP.NET MVC hoặc PHP phía backend.\r\n- Phát triển các module: - Show sản phẩm theo loại\r\n                                       - Đặt hàng.\r\n                                       - Nhận đơn hàng.\r\n                                       - Xử lý đơn hàng\r\n                                       - Thống kê doanh thu', 5, NULL, '- Lập trình được trên HDH Android.\r\n- Giúp cho Sinh viên cập nhật những kiến thực về Thương mại Online.\r\n- Triển khai được một App bán hàng.\r\n- Giúp cho một Đơn vị nhỏ có thể phân phối Sản phẩm của mình qua Mobile', '-Triển khai App bán hàng trên Mobile.', 'A.Sinh viên tham gia đề tài\r\n1) Nắm vững kiến thức, kỹ năng lập trình  Java\r\n2) Có kiến thức, kỹ năng triển khai dự án phần mềm đầy đủ qui trình từ Requirement => Design => Coding => Unit Testing\r\n3) Có kỹ năng lập trình sử dụng thư viện ngoài.\r\nB.Sản phẩm\r\n1) Có tài liệu mô tả Yêu cầu dự án.\r\n2) Có tài liệu mô tả Thiết kế chi tiết cho chức năng chính của dự án.\r\n3) Có mã nguồn được lưu vết (tracking) định kỳ trên hệ thống quản lý phiên bản (version control) như Subversion hoặc Git; Mã nguồn trình bày rõ ràng.\r\n4) Có tài liệu mô tả tình huống test và kết quả test cho chức năng chính của dự án.\r\n5) Có tài liệu mô tả cách biên dịch, đóng gói và hướng dẫn nâng cấp mã nguồn cho dự án.', '- Đam mê nghiên cứu công nghệ.\r\n- Có kiến thức cơ bản về làm API ASP.NET MVC hoặc PHP.\r\n- Kiến thức lập trình Java Mobile.\r\n- Có kiến thức cơ bản về Git để quản lý mã nguồn theo phiên bản.\r\n- Có tinh thần học hỏi và mong muốn làm sản phẩm.', 'PENDING', '2024-07-31 12:05:54', '2024-07-31 12:05:54', '1369d846-4aac-402e-8e99-ee9b6a57e55b'),
	('b971f178-36d6-497b-9b04-5abc5d2932af', 'Xây dựng Website học tập online', '- Giúp người học ở tại nhà nhưng vẫn tham gia các lớp học.\r\n- Tiết kiệm được không gian và thời gian không phải tập trung\r\nđến trường.', 5, NULL, '- Xây dựng website học trực tuyến:\r\n-Giúp người dùng tham gia các lớp học phù hợp;\r\n-có thể chọn: \r\n+Phòng học, giờ học, tài liệu được cung cấp Website', 'Hiện thực và triển khai được các lớp học online', 'Chức năng Website: Khi người học hoàn thành các kiến thức đã học trên các lớp học online\r\n sẽ được đánh giá và cấp bằng dựa trên dữ liệu của các lớp học website\r\nKỹ năng đạt được khi Sinh viên thực hiện đề tài:\r\n- Phân tích thiết kế hệ thống.\r\n- Nắm vững kiến thức Html, Css,....\r\n- Có kiến thức, kỹ năng triển khai dự án theo qui trình chặt chẽ \r\n- Biết lập kế hoạt và triển khai dự án, theo dõi tiến độ, phân tích các vấn đề phát sinh trong quá trình thực hiện dự án.\r\n - Hoàn thành dự án trên cơ sở phân tích yêu cầu của người dùng và kiểm thử chặt chẽ. \r\nKết quả Sản phẩm:\r\n - Xây dựng được Website theo yêu cầu, tài liệu  thiết kế kiến trúc của dự án.\r\n - Triển khai cài đặt ứng dụng trên internet', 'Nguời quản trị khởi tạo tài khoản cho người dùng, Tài khoản giáo viên được tham gia giảng dạy trên lớp học. Người học đăng ký vào các khóa học, lớp học', 'PENDING', '2024-07-31 12:05:54', '2024-07-31 12:05:54', '6cec4b21-9440-43ba-ad41-3cc909d69793'),
	('c250a7e2-03fe-4b91-8a93-81adcbbac9cb', 'Xây dựng Module-Quản lý Kho với ASP.NET MVC (API)', '- Tìm hiểu Nghiệp vụ Kho.\r\n- Nghiên cứu công nghệ lập trình ASP.NET MVC API backend.\r\n- Nghiên cứu HTML5, CSS Jquery hoặc AngularJS\r\n- Phát triển các module: - Nhập Kho (Xóa, Sửa)\r\n                                       - In phiếu nhập Kho.\r\n                                       - Xuất Kho-In phiếu xuất Kho\r\n                                       - Thống kê hàng Tổn Kho.\r\n                                       - In các Report báo cáo Tổng hợp (Nhập, Xuất, Tồn)', 5, NULL, '- Lập trình được trên HDH Android.\r\n- Giúp cho Sinh viên cập nhật những kiến thực về Thương mại Online.\r\n- Triển khai được một App bán hàng.\r\n- Giúp cho một Đơn vị nhỏ có thể phân phối Sản phẩm của mình qua Mobile', '- Triển khai được Web App quản lý Kho online.', 'A.Sinh viên tham gia đề tài\r\n1) Nắm vững kiến thức, kỹ năng lập trình  C# ASP.NET MVC\r\n2) Có kiến thức, kỹ năng triển khai dự án phần mềm đầy đủ qui trình từ Requirement => Design => Coding => Unit Testing\r\n3) Có kỹ năng lập trình sử dụng thư viện ngoài.\r\nB.Sản phẩm\r\n1) Có tài liệu mô tả Yêu cầu dự án.\r\n2) Có tài liệu mô tả Thiết kế chi tiết cho chức năng chính của dự án.\r\n3) Có mã nguồn được lưu vết (tracking) định kỳ trên hệ thống quản lý phiên bản (version control) như Subversion hoặc Git; Mã nguồn trình bày rõ ràng.\r\n4) Có tài liệu mô tả tình huống test và kết quả test cho chức năng chính của dự án.\r\n5) Có tài liệu mô tả cách biên dịch, đóng gói và hướng dẫn nâng cấp mã nguồn cho dự án.', '- Đam mê nghiên cứu công nghệ.\r\n- Có kiến thức cơ bản về làm API ASP.NET MVC.\r\n- Có kiến thức cơ bản về Git để quản lý mã nguồn theo phiên bản.\r\n- Có kiến thức về Web Programming (HTML, CSS và Jquery hoặc AngularJS)\r\n- Có tinh thần học hỏi và mong muốn làm sản phẩm.', 'PENDING', '2024-07-31 12:05:54', '2024-07-31 12:05:54', '1369d846-4aac-402e-8e99-ee9b6a57e55b'),
	('dc3c3bd3-ea45-4179-9d0d-fa4c5021d811', 'Ứng dụng hỗ trợ tìm thợ sửa khóa', '- Tìm hiểu, nghiên cứu ngôn ngữ viết ứng dụng trên HĐH Android, hoặc IOS .\r\n - Tìm hiểu định vị tọa độ kết nối với thiết bị di động của thợ sửa khóa.\r\n - Tìm hiểu service tìm đường đi.\r\n - Nguyên cứu cách viết ứng dụng tích hợp lư trữ data trên server cho thợ sửa khóa dạng như go việt, grap đặt xe.', 5, NULL, '- Hiểu được kiến trúc tổng thể hệ thống vận hành qua thiết bị di động.\r\n - Sử dụng được các công nghệ lập trình trên ngôn ngữ Android, IOS.\r\n - Biết cách viết ứng dụng dựa trên thiết bị đi động', '-Phần mềm cho phép người dùng nắm bắt thông tin người đến sửa khóa căn nhà của gia chủ, tạo sự an tâm cho gia chủ.\r\n - Thông báo được các thợ sửa khóa gần nhà bạn.\r\n - Dự báo được bao nhiêu thời gian thợ sửa khóa đấn căn nhà của gia chủ cần sửa khóa.\r\n - Thu tiền các thợ sửa khóa có kết nối với gia chủ 20% ( kiểu như go việt hoặc grap bike, car)\r\n -Lưu trữ thông tin cá nhân của thợ sửa khóa\r\n - Các báo biểu cần thiết\r\n - Tìm các thợ sửa khóa gần nhất để gia chủ nhờ sửa khóa', 'A.Sinh viên tham gia đề tài\r\n 1) Nắm vững kiến thức, kỹ năng lập trình trên HĐH android hoặc IOS \r\n2) Có kiến thức, kỹ năng triển khai dự án phần mềm đầy đủ qui trình từ Requirement => Design => Coding => Unit Testing \r\n3) Có năng lực đầy đủ về Lập kế hoạch, theo dõi tiến độ, phân tích các vấn đề phát sinh trong quá trình thực hiện dự án.\r\n 4) Có thể thu thập thông tin và phân tích các vấn đề phát sinh. B.Sản phẩm \r\n1) Có tài liệu mô tả Yêu cầu dự án. \r\n2) Có tài liệu mô tả Thiết kế kiến trúc của dự án. \r\n3) Có tài liệu mô tả Thiết kế chi tiết cho chức năng chính của dự án. \r\n4) Có tài liệu mô tả tình huống test và kết quả test cho chức năng chính của dự án.\r\n 5) Có tài liệu mô tả cách biên dịch, đóng gói và hướng dẫn nâng cấp mã nguồn cho dự án.', '- Đam mê nghiên cứu công nghệ, thuật toán.\r\n - Có kiến thức cơ bản về lập trình thiết bị di động như trên HDH Android, IOS,\r\n - Có tinh thần học hỏi và mong muốn làm sản phẩm theo thương mại cộng đồng', 'PENDING', '2024-07-31 12:05:54', '2024-07-31 12:05:54', '81acc68e-b27d-409f-818d-2b9e072d2f69'),
	('dfa42162-c10e-494a-9466-a7372756f7f7', 'Xây dựng website Quản lý nhà hàng.', '- Áp dụng các quy trình nghiệp vụ nhà hàng vào website.\r\n- Áp dụng các kiến thức đã học để thiết kế và xây dựng website. \r\n- SV có thể tìm hiểu thêm các kiến thức khác để áp dụng cho việc thiết kế 1 Website', 5, NULL, '-Phân tích nghiệp vụ trong thực tế.\r\n-Website quản lý nhà hàng là một website online đáp ứng phần lớn \r\ncác chức năng cơ bản của một nhà hàng, cung cấp các chức năng \r\ntiện ích, nhanh chóng, có thể thực hiện các giao dịch đáp ứng nhu cầu \r\ncủa khách hàng như đặt tiệc, quản lý thông tin cá nhân ngay trên trang\r\nwebsite mà không cần phải đến tận nhà hàng.', 'Website sau khi hoàn thành phải áp dụng được trong thực tế.', 'A.Sinh viên tham gia đề tài\r\n1) Nắm vững kiến thức, kỹ năng lập trình các ngôn ngữ C#, Jquery, HTML, CSS, Javascript, Ajax. Sử dụng hệ quản trị cơ sở dữ liệu Microsoft SQL Server .\r\n2) Có kiến thức, kỹ năng triển khai dự án phần mềm đầy đủ qui trình từ Requirement => Design => Coding => Unit Testing\r\n3) Có năng lực đầy đủ về Lập kế hoạch, theo dõi tiến độ, phân tích các vấn đề phát sinh trong quá trình thực hiện dự án.\r\n4) Có kỹ năng lập trình sử dụng lại thư viện xử lý ảnh.\r\n\r\n\r\nB.Sản phẩm\r\n1) Có tài liệu mô tả Yêu cầu dự án.\r\n2) Có tài liệu mô tả Thiết kế kiến trúc của dự án.\r\n3) Có tài liệu mô tả Thiết kế chi tiết cho chức năng chính của dự án.\r\n4) Có mã nguồn được lưu vết (tracking) định kỳ trên hệ thống quản lý phiên bản (version control) như Subversion hoặc Git; Mã nguồn trình bày rõ ràng, dễ hiểu theo tiêu chuẩn đã được thống nhất.\r\n5) Có tài liệu mô tả tình huống test và kết quả test cho chức năng chính của dự án.\r\n6) Có tài liệu mô tả cách biên dịch, đóng gói và hướng dẫn nâng cấp mã nguồn cho dự án.', '- SV có kiến thức về lập trình Web.\r\n- SV có tinh thần tự giác học hỏi.\r\n- SV có đam mê nghiên cứu về công nghệ', 'PENDING', '2024-07-31 12:05:54', '2024-07-31 12:05:54', '4236feda-ca3b-4fad-bad8-defaa4a78497'),
	('e3986cf6-2a1a-49cf-86ad-b192ea4be082', 'Website giới thiệu sách mới', '- Tìm hiểu cách thức lập trình với WPF. \r\n - Tìm hiểu các control, các layout.\r\n - Tìm hiểu style, template.\r\n - Tìm hiểu đồ họa 2D, 3D.\r\n - Tìm hiểu khả năng tạo hiệu ứng, âm thanh, hình ảnh, hoạt họa của WPF.\r\n - Mô tả rõ ràng yêu cầu của game ghép hình cho trẻ em, phân tích, thiết kế, cài đặt game.\r\n Tham khảo:\r\n https://www.youtube.com/watch?v=NJs96fs56Ho\r\n https://www.youtube.com/watch?v=gy5qxtsvzxE\r\n https://www.youtube.com/watch?v=vTXPPozt6ao\r\n https://www.youtube.com/watch?v=W40CCYU4ZBM\r\n https://9mobi.vn/game-xep-hinh-cho-be-tren-ios-706n.aspx', 5, NULL, 'Hiểu được cách thức lập trình với Mern stack.', 'Sử dụng để quản lý khóa luận cho toàn khoa', 'A.Sinh viên tham gia đề tài\r\n1) Nắm vững kiến thức, kỹ năng lập trình C#.\r\n2) Có kiến thức, kỹ năng triển khai dự án phần mềm đầy đủ qui trình từ Requirement => Design => Coding => Unit Testing.\r\n3) Có năng lực đầy đủ về lập kế hoạch, theo dõi tiến độ, phân tích các vấn đề phát sinh trong quá trình thực hiện dự án.\r\nB.Sản phẩm\r\n1) Tài liệu mô tả yêu cầu.\r\n2) Tài liệu mô tả thiết kế.\r\n3) Tài liệu mô tả thiết kế chi tiết cho chức năng chính.\r\n4) Mã nguồn (được lưu vết định kỳ trên hệ thống quản lý phiên bản như SubVersion hoặc Git; mã nguồn trình bày rõ ràng, dễ hiểu theo tiêu chuẩn đã được thống nhất).\r\n5) Tài liệu mô tả tình huống test và kết quả test cho chức năng chính của dự án.\r\n6) Tài liệu mô tả cách biên dịch, đóng gói và hướng dẫn nâng cấp mã nguồn cho dự án.', '- Đam mê nghiên cứu công nghệ, lập trình.\r\n - Có kiến thức lập trình C#.\r\n - Có tinh thần học hỏi và mong muốn làm sản phẩm theo quy trình công nghiệp: tuân thủ tiêu chuẩn khi viết mã nguồn, có hoạt động đảm bảo chất lượng mã nguồn.\r\n - Có khả năng viết mô tả yêu cầu ứng dụng.', 'PENDING', '2024-08-19 15:59:25', '2024-08-19 15:59:25', 'ab9ec7bb-683f-4c85-a5d3-b9889d4c0a79'),
	('e699ba39-81a2-4db6-aa02-59082b91c817', 'Ứng dụng quản lý thời gian và công việc trên thiết bị di động', '- Tìm hiểu cách thức lập trình trên thiết bị di động.\r\n - Tìm hiểu khả năng tạo hiệu ứng, âm thanh.\r\n - Đóng gói và phân phối ứng dụng trên thiết bị di động.\r\n - Mô tả yêu cầu rõ ràng cho ứng dụng, phân tích, thiết kế, cài đặt ứng dụng.\r\n - Ứng dụng phải cho phép người dùng quản lý thời gian biểu dễ dàng, tiện lợi, có nhắc nhở.', 5, NULL, '- Hiểu được cách thức lập trình trên thiết bị di động.\r\n - Vận dụng được năng lực lập trình trên thiết bị di động để xây dựng sản phẩm theo tiêu chuẩn công nghiệp.', 'Ứng dụng quản lý thời gian và công việc trên thiết bị di động', 'A.Sinh viên tham gia đề tài\r\n1) Nắm vững kiến thức, kỹ năng lập trình C#.\r\n2) Có kiến thức, kỹ năng triển khai dự án phần mềm đầy đủ qui trình từ Requirement => Design => Coding => Unit Testing.\r\n3) Có năng lực đầy đủ về lập kế hoạch, theo dõi tiến độ, phân tích các vấn đề phát sinh trong quá trình thực hiện dự án.\r\nB.Sản phẩm\r\n1) Tài liệu mô tả yêu cầu.\r\n2) Tài liệu mô tả thiết kế.\r\n3) Tài liệu mô tả thiết kế chi tiết cho chức năng chính.\r\n4) Mã nguồn (được lưu vết định kỳ trên hệ thống quản lý phiên bản như SubVersion hoặc Git; mã nguồn trình bày rõ ràng, dễ hiểu theo tiêu chuẩn đã được thống nhất).\r\n5) Tài liệu mô tả tình huống test và kết quả test cho chức năng chính của dự án.\r\n6) Tài liệu mô tả cách biên dịch, đóng gói và hướng dẫn nâng cấp mã nguồn cho dự án.', '- Đam mê nghiên cứu công nghệ, lập trình trên thiết bị di động.\r\n - Có kiến thức lập trình trên thiết bị di động.\r\n - Có tinh thần học hỏi và mong muốn làm sản phẩm theo quy trình công nghiệp: tuân thủ tiêu chuẩn khi viết mã nguồn, có hoạt động đảm bảo chất lượng mã nguồn.\r\n - Biết cách tìm hiểu nhu cầu thực tế của người dùng.\r\n - Có khả năng viết mô tả yêu cầu ứng dụng.', 'PENDING', '2024-07-31 12:05:54', '2024-07-31 12:05:54', '10dff8f5-fb4f-4bae-a97c-5445bb623a49'),
	('f060fd94-bdaf-4be9-a41c-de690257f840', 'Website giới thiệu sách mới', '- Quản lý nội dung sách, thể loại sách mới\r\n- Thống kế lượng truy cập, đánh giá khảo sát sách\r\n- Quản lý thông tin người dùng', 5, NULL, '- Hiểu được kiến trúc tổng thể hệ thống giới thiệu sách mới\r\n- Sử dụng được các công nghệ lập trình Node JS, HTML5, CSS3, jQuery, Ajax \r\n- Biết cách khai thác và triển khai ứng dụng trên nền tảng điện toán đám mây', 'Hiện thực ứng dụng trực tuyến trên nền tảng đám mây (AWS), Các chức năng ứng dụng gần giống thực tế', 'A.Sinh viên tham gia đề tài.\r\n1) Có khả năng triển khai ứng dụng web trên nền tảng điện toán đám mây\r\n2) Có kiến thức và kỹ năng lập trình web và khai thác các dịch vụ điện toán đám mây\r\n3) Thực hiện theo qui trình từ Requirement => Design => Coding => Unit Testing. \r\n4) Kế hoạch thực hiện đề tài\r\nB.Sản phẩm\r\n1) Có thể sử dụng được, có thể phát triển tiếp\r\n2) Tài liệu thực hiện theo mẫu đồ án quy định \r\n3) Mả nguồn chương trình\r\n4) Tài liệu mô tả qui trình testing', '- Hiểu nền tảng kiến trúc và khai thác dịch vụ điện toán đám mây (AWS) \r\n- Hiểu và có kỹ năng lập trình Node.js và các công nghệ web có liên quan', 'PENDING', '2024-07-31 12:05:54', '2024-07-31 12:05:54', '5eb744e0-3c2a-4167-8e6e-c629dda38ee2');


INSERT INTO `evaluations` (`id`, `name`, `score_max`, `description`, `type`, `created_at`, `updated_at`, `term_id`) VALUES
	('1c849a22-78cb-4a5d-806a-da7257d87a89', 'Evaluate the implemented results.', 10, '[0 - 2) - Failure to design and execute tests. ; [2 - 5) - Create incorrect test cases tables or do not test. ; [5 - 8) - Create a table of test cases for at least 3 main functions of the program.\r\n- Execute test cases. ; [8 - 10] - Create test cases for a business process.', 'ADVISOR', '2024-07-26 15:21:17', '2024-07-26 15:21:17', '71e2da71-ddc1-4da6-aede-08cdd36b2eab'),
	('39ea6368-e864-4d81-b5a0-7d497520ac9d', 'Determine the techniques and technologies to address the identified requirements.', 10, '[0 - 2) - Failure to provide techniques and technologies to address identified requirements. ; [2 - 5) - Provide less than 40% of the techniques and technologies to address the identified requirements. ; [5 - 8) - Provide adequate techniques and technologies to address identified requirements.\r\n- Reasonably explain the reasons for choosing that technique and technology to solve the requirements. ; [8 - 10] - Provide adequate techniques and technologies to address identified requirements.\r\n- Reasonably explain the reasons for choosing that technique and technology to solve the requirements.\r\n- The techniques and technologies used to solve the identified requirements are new and follow future trends.', 'REVIEWER', '2024-08-19 16:17:21', '2024-08-19 16:17:21', '71e2da71-ddc1-4da6-aede-08cdd36b2eab'),
	('3ca5b92d-046c-4e04-a3d6-a817dacac225', 'Analyze and model the requirements of the project.', 10, '[0 - 2) - Unable to identify and analyze basic functional requirements of the system to be built in the project.\r\n- Do not model the current status and operations included in the requirements of the topic to be implemented. ; [2 - 5) - Identify and analyze up to 30% of the basic functional requirements of the system to be built in the project. ; [5 - 8) - Identify and analyze up to 60% of the basic functional requirements of the system to be built in the project.\r\n- Identify and analyze up to 60% of the main business processes of the system that need to be built in the project.\r\n- Model the basic functional requirements and main operations identified in the system to be built in the project. ; [8 - 10] - Identify and analyze over 60% of the basic functional requirements of the system to be built in the project.\r\n- Identify and analyze over 60% of the main business processes of the system that need to be built in the project.\r\n- Model the basic functional requirements and main operations identified in the system to be built in the project.', 'REVIEWER', '2024-08-19 16:17:21', '2024-08-19 16:17:21', '71e2da71-ddc1-4da6-aede-08cdd36b2eab'),
	('3ce5c982-a719-44b9-9c03-e865897661dc', 'Determine the techniques and technologies to address the identified requirements.', 10, '[0 - 2) Failure to provide techniques and technologies to address identified requirements. ; [2 - 5) Provide less than 40% of the techniques and technologies to address the identified requirements. ; [5 - 8) - Provide adequate techniques and technologies to address identified requirements.\r\n- Reasonably explain the reasons for choosing that technique and technology to solve the requirements. ; [8 - 10] - Provide adequate techniques and technologies to address identified requirements.\r\n- Reasonably explain the reasons for choosing that technique and technology to solve the requirements.\r\n- The techniques and technologies used to solve the identified requirements are new and follow future trends.', 'ADVISOR', '2024-07-26 15:21:17', '2024-07-26 15:21:17', '71e2da71-ddc1-4da6-aede-08cdd36b2eab'),
	('40ce2503-e30f-4512-9ffd-6c888556c4d2', 'Write the project documentation according to predefined regulations.', 10, '[0 - 2) - Incomplete writing of the required chapters of a graduation thesis report.\r\n- There are no references cited.\r\n- Copy other thesis topics without citing them. ; [2 - 5) - Incomplete writing of the required chapters of a graduation thesis report.\r\n- References are cited but not in the correct format.\r\n- There are more than 3 spelling errors on any page.\r\n- Confusing, confusing sentences, translated verbatim from English on any page. ; [5 - 8) - Can write all the necessary chapters of a graduation thesis report.\r\n- Write citations in the correct format and in the correct location.\r\n- There are no more than 3 spelling errors on any page. ; [8 - 10] - There should not be more than 1 spelling error on any page.\r\n- The layout of the chapters is clear; There are transition sentences between chapters and paragraphs.\r\n- Font, line, and paragraph formatting must be consistent.', 'REVIEWER', '2024-08-19 16:17:21', '2024-08-19 16:17:21', '71e2da71-ddc1-4da6-aede-08cdd36b2eab'),
	('6f83a600-87d5-4e8e-8b42-bea396436e05', 'Analyze and model the requirements of the project.', 20, '[0 - 4) - Unable to identify and analyze basic functional requirements of the system to be built in the project.\r\n- Do not model the current status and operations included in the requirements of the topic to be implemented. ; [4 - 10) - Identify and analyze up to 30% of the basic functional requirements of the system to be built in the project. ; [10 - 16) - Identify and analyze up to 60% of the basic functional requirements of the system to be built in the project.\r\n- Identify and analyze up to 60% of the main business processes of the system that need to be built in the project.\r\n- Model the basic functional requirements and main operations identified in the system to be built in the project. ; [16 - 20] - Identify and analyze over 60% of the basic functional requirements of the system to be built in the project.\r\n- Identify and analyze over 60% of the main business processes of the system that need to be built in the project.\r\n- Model the basic functional requirements and main operations identified in the system to be built in the project.', 'ADVISOR', '2024-07-26 15:21:17', '2024-07-26 15:21:17', '71e2da71-ddc1-4da6-aede-08cdd36b2eab'),
	('766ac9e1-3c0c-422b-a473-12e5c2212205', 'Implement the project according to the designed solution.', 20, '[0 - 4) - Implement less than 10% of the information system as designed. ; [4 - 10) - Implement up to 30% of the information system as designed. ; [10 - 16) - Implement up to 70% of the information system as designed. ; [16 - 20] - Implement over 70% of the information system as designed.', 'REVIEWER', '2024-08-19 16:17:21', '2024-08-19 16:17:21', '71e2da71-ddc1-4da6-aede-08cdd36b2eab'),
	('93ac09ab-1830-45df-b913-f879c7f1336b', 'Design an engineering-based solution to meet the requirements of the project.', 10, '[0 - 2) - Can\'t design anything. ; [2 - 5) - Design a solution that meets less than 30% of the identified requirements of the system in the topic. ; [5 - 8) - Design a solution that meets up to 70% of the identified requirements of the system in the project. ; [8 - 10] - Design a solution that meets over 70% of the identified requirements of the system in the project.', 'REVIEWER', '2024-08-19 16:17:21', '2024-08-19 16:17:21', '71e2da71-ddc1-4da6-aede-08cdd36b2eab'),
	('99451eca-040e-47bf-b9f0-37fe3642999d', 'Design an engineering-based solution to meet the requirements of the project.', 20, '[0 - 4) - Can\'t design anything. ; [4 - 10) - Design a solution that meets less than 30% of the identified requirements of the system in the topic. ; [10 - 16) - Design a solution that meets up to 70% of the identified requirements of the system in the project. ; [16 - 20] - Design a solution that meets over 70% of the identified requirements of the system in the project.', 'ADVISOR', '2024-07-26 15:21:17', '2024-07-26 15:21:17', '71e2da71-ddc1-4da6-aede-08cdd36b2eab'),
	('a25ee3d7-8300-4de4-9fdd-88928602eeea', 'Defend the results of the project before critics.', 20, '[0 - 4) - Present with a low voice, not clear, not logical, not confident.\r\n- Unable to answer or answer correctly up to 1/3 of the total questions asked by the critics. ; [4 - 10) - Just read the slide without any further explanation or presentation that is not complete or clear\r\n- Presentation exceeds the allotted time.\r\n- Correctly answer over 1/3 to 2/3 of the total questions asked by the critics. ; [10 - 16) - Present fully, loudly, clearly, logically and confidently\r\n- At regulation time.\r\n- Correctly answer more than 2/3 of the total questions with reasonable and accurate explanations from the critics. ; [16 - 20] - Present loudly, clearly, logically, confidently and attractively.\r\n- At regulation time.\r\n- Answer the questions of the critics with reasonable and accurate explanations and practical connections.', 'REVIEWER', '2024-08-19 16:17:21', '2024-08-19 16:17:21', '71e2da71-ddc1-4da6-aede-08cdd36b2eab'),
	('bab919b0-fab1-471b-857c-00e9bfe5cda4', 'Identify the requirements of the project.', 10, '[0 - 2) - Identify less than 30% of requirements.\r\n- Failure to state the urgency, goals, and scope of the topic.\r\n- Unable to provide a plan to implement the project. ; [2 - 5) - Identify less than 50% of requirements.\r\n- State the urgency, goals, and scope of the topic but are not clear.\r\n- Unable to provide a plan to implement the project. ; [5 - 8) - Recognized less than 80% of requests.\r\n- State the urgency, goals, and scope of the topic.\r\n- Provide a plan to implement the project. ; [8 - 10]- Identify more than 80% of requests and collect information that needs to be stored.\r\n- State the urgency, goals, and scope of the topic.\r\n- Provide a plan to implement the project.', 'REVIEWER', '2024-08-19 16:17:21', '2024-08-19 16:17:21', '71e2da71-ddc1-4da6-aede-08cdd36b2eab'),
	('d417761f-1522-44c0-9c89-70260b83c4a3', 'Identify the requirements of the project.', 10, '[0 - 2) - Identify less than 30% of requirements.\r\n- Failure to state the urgency, goals, and scope of the topic.\r\n- Unable to provide a plan to implement the project. ; [2 - 5) - Identify less than 50% of requirements.\r\n- State the urgency, goals, and scope of the topic but are not clear.\r\n- Unable to provide a plan to implement the project. ; [5 - 8) - Recognized less than 80% of requests.\r\n- State the urgency, goals, and scope of the topic.\r\n- Provide a plan to implement the project. ; [8 - 10] - Identify more than 80% of requests and collect information that needs to be stored.\r\n- State the urgency, goals, and scope of the topic.\r\n- Provide a plan to implement the project.', 'ADVISOR', '2024-07-26 15:21:17', '2024-07-26 15:21:17', '71e2da71-ddc1-4da6-aede-08cdd36b2eab'),
	('dabf330b-349c-403d-9dd5-3f0676cb056b', 'Implement the project according to the designed solution.', 20, '[0 - 4) - Implement less than 10% of the information system as designed. ; [4 - 10) - Implement up to 30% of the information system as designed. ; [10 - 16) - Implement up to 70% of the information system as designed. ; [16 - 20] - Implement over 70% of the information system as designed.', 'ADVISOR', '2024-07-26 15:21:17', '2024-07-26 15:21:17', '71e2da71-ddc1-4da6-aede-08cdd36b2eab'),
	('e5f65f21-6ccc-41bc-befa-03a0e4f4a86b', 'Evaluate the implemented results.', 10, '[0 - 2) - Failure to design and execute tests. ; [2 - 5) - Create incorrect test cases tables or do not test. ; [5 - 8) - Create a table of test cases for at least 3 main functions of the program.\r\n- Execute test cases. ; [8 - 10] - Create test cases for a business process.', 'REVIEWER', '2024-08-19 16:17:21', '2024-08-19 16:17:21', '71e2da71-ddc1-4da6-aede-08cdd36b2eab'),
	('f38ceff5-75a2-46d3-b42f-eee0ddcb2c58', 'Write the project documentation according to predefined regulations.', 10, '[0 - 2) - Incomplete writing of the required chapters of a graduation thesis report.\r\n- There are no references cited.\r\n- Copy other thesis topics without citing them. ; [2 - 5) - Incomplete writing of the required chapters of a graduation thesis report.\r\n- References are cited but not in the correct format.\r\n- There are more than 3 spelling errors on any page.\r\n- Confusing, confusing sentences, translated verbatim from English on any page. ; [5 - 8) - Can write all the necessary chapters of a graduation thesis report.\r\n- Write citations in the correct format and in the correct location.\r\n- There are no more than 3 spelling errors on any page. ; [8 - 10] - There should not be more than 1 spelling error on any page.\r\n- The layout of the chapters is clear; There are transition sentences between chapters and paragraphs.\r\n- Font, line, and paragraph formatting must be consistent.', 'ADVISOR', '2024-07-26 15:21:17', '2024-07-26 15:21:17', '71e2da71-ddc1-4da6-aede-08cdd36b2eab');

INSERT INTO `group_lecturers` (`id`, `name`, `type`, `created_at`, `updated_at`, `term_id`) VALUES
	('5a5a050a-2722-4184-a78c-35e7a194a8a1', 'Nhóm chấm hội đồng 1', 'REPORT_COUNCIL', '2024-08-19 13:15:25', '2024-08-19 13:15:25', '71e2da71-ddc1-4da6-aede-08cdd36b2eab'),
	('6173f910-ea32-43c8-9c74-f87798024d3e', 'Nhóm chấm hội đồng 2', 'REPORT_COUNCIL', '2024-08-19 13:15:56', '2024-08-19 13:15:56', '71e2da71-ddc1-4da6-aede-08cdd36b2eab');

INSERT INTO `group_lecturer_members` (`id`, `created_at`, `updated_at`, `lecturer_term_id`, `group_lecturer_id`) VALUES
	('2f73574e-2614-47d1-bc0f-6f9b5d65e40b', '2024-08-19 13:15:56', '2024-08-19 13:15:56', 'f3004d76-4935-4713-8e7f-9542af2faffd', '6173f910-ea32-43c8-9c74-f87798024d3e'),
	('42c27d6f-c851-41b4-b320-ec44973c7e77', '2024-08-19 13:15:25', '2024-08-19 13:15:25', '5eb744e0-3c2a-4167-8e6e-c629dda38ee2', '5a5a050a-2722-4184-a78c-35e7a194a8a1'),
	('53554c53-542e-4fbd-92cb-76647e334f48', '2024-08-19 13:15:56', '2024-08-19 13:15:56', '81acc68e-b27d-409f-818d-2b9e072d2f69', '6173f910-ea32-43c8-9c74-f87798024d3e'),
	('bf544c60-bfef-4ade-8578-f481a58e5a82', '2024-08-19 13:15:25', '2024-08-19 13:15:25', 'f22a0d72-1275-4f29-ab0f-0aa314f4ec1a', '5a5a050a-2722-4184-a78c-35e7a194a8a1'),
	('c05fcdf0-2e8a-443c-917d-fe3b96f8a49d', '2024-08-19 13:15:56', '2024-08-19 13:15:56', '1369d846-4aac-402e-8e99-ee9b6a57e55b', '6173f910-ea32-43c8-9c74-f87798024d3e'),
	('e64c15d2-b853-41ef-a025-73a44066278f', '2024-08-19 13:15:25', '2024-08-19 13:15:25', '4236feda-ca3b-4fad-bad8-defaa4a78497', '5a5a050a-2722-4184-a78c-35e7a194a8a1');

INSERT INTO `group_students` (`id`, `name`, `created_at`, `updated_at`, `topic_id`, `term_id`) VALUES
	('037e5c84-df06-406c-a52b-3fda7e0178e8', 'Nhóm số 007', '2024-07-24 13:03:02', '2024-07-24 13:03:02', NULL, '71e2da71-ddc1-4da6-aede-08cdd36b2eab'),
	('1848edd9-8796-43ed-a9a3-be70159b5aa5', 'Nhóm số 023', '2024-07-24 13:03:02', '2024-07-24 13:03:02', NULL, '71e2da71-ddc1-4da6-aede-08cdd36b2eab'),
	('189fa440-4fc3-4085-8484-4bc4835015e1', 'Nhóm số 005', '2024-07-24 13:03:02', '2024-07-24 13:03:02', NULL, '71e2da71-ddc1-4da6-aede-08cdd36b2eab'),
	('1e0a7971-c9c8-4940-8965-7006189a5d84', 'Nhóm số 003', '2024-07-24 13:03:02', '2024-07-24 13:03:02', NULL, '71e2da71-ddc1-4da6-aede-08cdd36b2eab'),
	('1fb1c4de-64f0-4082-bd01-5ecb4802e3b8', 'Nhóm số 021', '2024-07-24 13:03:02', '2024-07-24 13:03:02', NULL, '71e2da71-ddc1-4da6-aede-08cdd36b2eab'),
	('262e98fe-801e-49c9-b47c-eeec59f17924', 'Nhóm số 019', '2024-07-24 13:03:02', '2024-07-24 13:03:02', NULL, '71e2da71-ddc1-4da6-aede-08cdd36b2eab'),
	('2a4821e3-7007-488b-ac49-b36c6e303fbd', 'Nhóm số 020', '2024-07-24 13:03:02', '2024-07-24 13:03:02', NULL, '71e2da71-ddc1-4da6-aede-08cdd36b2eab'),
	('415e01f0-33db-4f59-b288-2c6cfd25aab2', 'Nhóm số 006', '2024-07-24 13:03:02', '2024-07-24 13:03:02', NULL, '71e2da71-ddc1-4da6-aede-08cdd36b2eab'),
	('48a30a4e-5b00-4d89-8098-24248a120148', 'Nhóm số 017', '2024-07-24 13:03:02', '2024-07-24 13:03:02', NULL, '71e2da71-ddc1-4da6-aede-08cdd36b2eab'),
	('53d89dc4-13a3-4fa3-9f81-97696bf47dd6', 'Nhóm số 013', '2024-07-24 13:03:02', '2024-07-24 13:03:02', NULL, '71e2da71-ddc1-4da6-aede-08cdd36b2eab'),
	('62b24e36-98b6-4829-b922-1bce01b26756', 'Nhóm số 004', '2024-07-24 13:03:02', '2024-07-24 13:03:02', NULL, '71e2da71-ddc1-4da6-aede-08cdd36b2eab'),
	('65759611-cb36-4e6b-97ee-5b47ccc48bd7', 'Nhóm số 010', '2024-07-24 13:03:02', '2024-07-24 13:03:02', NULL, '71e2da71-ddc1-4da6-aede-08cdd36b2eab'),
	('77419577-20d2-4f73-ac0c-b5e9c3dfd3ce', 'Nhóm số 022', '2024-07-24 13:03:02', '2024-07-24 13:03:02', NULL, '71e2da71-ddc1-4da6-aede-08cdd36b2eab'),
	('84ff8ecf-d6d7-4eb2-a5df-1c576203d3a5', 'Nhóm số 024', '2024-07-24 13:03:02', '2024-07-24 13:03:02', NULL, '71e2da71-ddc1-4da6-aede-08cdd36b2eab'),
	('8f2b6a94-e6f9-4e40-87af-702138806cf8', 'Nhóm số 018', '2024-07-24 13:03:02', '2024-07-24 13:03:02', NULL, '71e2da71-ddc1-4da6-aede-08cdd36b2eab'),
	('911a35b9-4b56-4449-97da-5084c5a017bd', 'Nhóm số 012', '2024-07-24 13:03:02', '2024-07-24 13:03:02', NULL, '71e2da71-ddc1-4da6-aede-08cdd36b2eab'),
	('b862ed6b-c1b2-4c65-88ea-5077df97143f', 'Nhóm số 009', '2024-07-24 13:03:02', '2024-07-24 13:03:02', NULL, '71e2da71-ddc1-4da6-aede-08cdd36b2eab'),
	('c46f174c-99d1-4328-b7fc-b4639582bd1a', 'Nhóm số 025', '2024-07-24 13:03:02', '2024-07-24 13:03:02', NULL, '71e2da71-ddc1-4da6-aede-08cdd36b2eab'),
	('d2043be0-c114-4c0a-9a6e-dfcb6290b25f', 'Nhóm số 014', '2024-07-24 13:03:02', '2024-07-24 13:03:02', NULL, '71e2da71-ddc1-4da6-aede-08cdd36b2eab'),
	('d4face62-6dcb-4fd4-948c-504dbd4dd046', 'Nhóm số 011', '2024-07-24 13:03:02', '2024-07-24 13:03:02', NULL, '71e2da71-ddc1-4da6-aede-08cdd36b2eab'),
	('e737af2f-bcd6-470d-9e28-bacac57d292c', 'Nhóm số 016', '2024-07-24 13:03:02', '2024-07-24 13:03:02', NULL, '71e2da71-ddc1-4da6-aede-08cdd36b2eab'),
	('f9d6d162-996d-4c7a-897a-9a402ce8a12c', 'Nhóm số 008', '2024-07-24 13:03:02', '2024-07-24 13:03:02', NULL, '71e2da71-ddc1-4da6-aede-08cdd36b2eab'),
	('fa15520a-30d0-4d3d-9d63-4428e3ab4104', 'Nhóm số 001', '2024-07-24 13:03:02', '2024-07-24 13:03:02', 'f060fd94-bdaf-4be9-a41c-de690257f840', '71e2da71-ddc1-4da6-aede-08cdd36b2eab'),
	('fb7770bb-cbae-4631-b14a-3423a35027a9', 'Nhóm số 015', '2024-07-24 13:03:02', '2024-07-24 13:03:02', NULL, '71e2da71-ddc1-4da6-aede-08cdd36b2eab'),
	('ff338826-a4f2-4c68-91c9-d41b3355cc18', 'Nhóm số 002', '2024-07-24 13:03:02', '2024-07-24 13:03:02', '2490ad11-9833-466f-a219-ff1bff6e9fc2', '71e2da71-ddc1-4da6-aede-08cdd36b2eab');

INSERT INTO `roles` (`id`, `name`, `created_at`, `updated_at`, `lecturer_id`) VALUES
	('0880293a-1b95-49e8-91b4-39d18c672c28', 'LECTURER', '2024-07-25 19:04:31', '2024-07-25 19:04:31', '6388a4d9-82cb-4706-9710-c36ad0ed4fbd'),
	('2b611fa7-80e7-49b8-984d-e70c16b615f3', 'LECTURER', '2024-07-25 19:04:31', '2024-07-25 19:04:31', '69dd4fdc-97b3-47bf-a8e4-dba378e9a3d7'),
	('44b3d595-a985-416d-97d9-35352a17e278', 'LECTURER', '2024-07-25 19:04:31', '2024-07-25 19:04:31', '0d16e5ea-4a22-4375-a0b7-b187515743c3'),
	('5b5c6791-ce8d-4e0e-9f96-df95b2b6067c', 'LECTURER', '2024-07-25 19:04:31', '2024-07-25 19:04:31', '53721bd4-6f76-4b3f-b404-2e03acebecf4'),
	('84307fda-23df-4a7f-8c2e-69032cede3e3', 'LECTURER', '2024-07-25 18:37:58', '2024-07-25 18:37:58', '44203a2a-70fb-4b5c-934f-27bdc38bd009'),
	('899dede5-9957-40ad-a6b3-736d82865df7', 'LECTURER', '2024-07-25 19:04:31', '2024-07-25 19:04:31', 'e8669f9b-0fa9-47d2-a9aa-cc51804861a0'),
	('8c362a41-b47d-43b2-b8f5-46213152f102', 'LECTURER', '2024-07-25 19:04:31', '2024-07-25 19:04:31', 'c03e5a93-d31a-4129-bd9f-0ea4c254d7da'),
	('ac6d4789-3218-4119-b9b6-c3d18989580a', 'LECTURER', '2024-07-25 19:04:31', '2024-07-25 19:04:31', 'a33509f3-8213-401a-8a0f-6a41b0427736'),
	('aeda2956-a71f-4603-a7dd-423b17bea41d', 'LECTURER', '2024-07-25 19:04:31', '2024-07-25 19:04:31', 'dfab5a22-1adf-4989-b7dc-60dd7aaf9614'),
	('afa23021-ac99-4273-b1c6-3fe75dd43a03', 'HEAD_LECTURER', '2024-07-25 19:05:38', '2024-07-25 19:05:38', '44203a2a-70fb-4b5c-934f-27bdc38bd009'),
	('b12c1979-f7a5-44e9-9e3f-5eb1dffc5973', 'LECTURER', '2024-07-25 19:04:31', '2024-07-25 19:04:31', '36c2c907-6520-4092-8c3e-b09654bb35cf'),
	('b390172c-a080-41a3-ba66-51832d8e2b80', 'LECTURER', '2024-07-25 19:04:31', '2024-07-25 19:04:31', '1523da66-ef24-4a26-b89b-1b9eb1bd9a3c'),
	('cbd79b6f-9b46-4f03-9a8e-554cd48cf905', 'LECTURER', '2024-07-25 19:04:31', '2024-07-25 19:04:31', 'e1cde3ae-79e7-4b0f-bef5-a019c1912037'),
	('e89672fd-0138-40f4-a9ed-9edb6dfa1468', 'ADMIN', '2024-07-25 18:37:48', '2024-07-25 18:37:48', '44203a2a-70fb-4b5c-934f-27bdc38bd009');

INSERT INTO `students` (`id`, `username`, `password`, `full_name`, `phone`, `email`, `gender`, `date_of_birth`, `clazz_name`, `type_training`, `is_active`, `created_at`, `updated_at`, `major_id`) VALUES
	('06c508d5-7d56-43ba-bcb1-358adf0e6790', '19483821', '$2b$10$N3Xldkj3I0awtJX4hP44gu2or.0GhA267rsOGspjysr6mWF91aDEu', 'Nguyễn Văn Phát', '0798522149', NULL, 'MALE', NULL, 'DHKTPM15A', 'UNIVERSITY', 1, '2024-07-25 19:00:57', '2024-07-25 19:00:57', 'e4fe02cb-f2b0-4afa-885d-d1b93130d350'),
	('079f5bf1-97a0-4fc5-aa8e-7d43c8a069c4', '19508311', '$2b$10$N3Xldkj3I0awtJX4hP44gu2or.0GhA267rsOGspjysr6mWF91aDEu', 'Trần Văn Sỹ', '0822159420', NULL, 'MALE', NULL, 'DHKTPM15B', 'UNIVERSITY', 1, '2024-07-25 19:00:57', '2024-07-25 19:00:57', 'e4fe02cb-f2b0-4afa-885d-d1b93130d350'),
	('0b32e435-55e6-4581-b874-bea8e8909557', '19518901', '$2b$10$N3Xldkj3I0awtJX4hP44gu2or.0GhA267rsOGspjysr6mWF91aDEu', 'Hồ Công Việt', '0983586953', NULL, 'MALE', NULL, 'DHKTPM15B', 'UNIVERSITY', 1, '2024-07-25 19:00:58', '2024-07-25 19:00:58', 'e4fe02cb-f2b0-4afa-885d-d1b93130d350'),
	('10590f42-6fd2-4701-8838-923abd64b76d', '19516911', '$2b$10$N3Xldkj3I0awtJX4hP44gu2or.0GhA267rsOGspjysr6mWF91aDEu', 'Nguyễn Hoàng Quân', '0372253664', NULL, 'MALE', NULL, 'DHKTPM15B', 'UNIVERSITY', 1, '2024-07-25 19:00:57', '2024-07-25 19:00:57', 'e4fe02cb-f2b0-4afa-885d-d1b93130d350'),
	('1290cc7c-0d00-473c-ac68-c42fef6ec6aa', '19485331', '$2b$10$N3Xldkj3I0awtJX4hP44gu2or.0GhA267rsOGspjysr6mWF91aDEu', 'Nguyễn Trọng Quý', '0345634374', NULL, 'MALE', NULL, 'DHKTPM15A', 'UNIVERSITY', 1, '2024-07-25 19:00:57', '2024-07-25 19:00:57', 'e4fe02cb-f2b0-4afa-885d-d1b93130d350'),
	('165272c9-da3f-4042-9dc9-eed05f3c15bf', '19507801', '$2b$10$N3Xldkj3I0awtJX4hP44gu2or.0GhA267rsOGspjysr6mWF91aDEu', 'Đặng Văn Sáng', '0346204298', NULL, 'MALE', NULL, 'DHKTPM15B', 'UNIVERSITY', 1, '2024-07-25 19:00:57', '2024-07-25 19:00:57', 'e4fe02cb-f2b0-4afa-885d-d1b93130d350'),
	('1fbf1187-fa26-4374-8d4c-0f4715c0808a', '19475251', '$2b$10$N3Xldkj3I0awtJX4hP44gu2or.0GhA267rsOGspjysr6mWF91aDEu', 'Tăng Thanh Đức', '0983518610', NULL, 'MALE', NULL, 'DHKTPM15A', 'UNIVERSITY', 1, '2024-07-25 19:00:57', '2024-07-25 19:00:57', 'e4fe02cb-f2b0-4afa-885d-d1b93130d350'),
	('292fb1e2-491b-4eb4-aaa7-ade84c318199', '19524301', '$2b$10$N3Xldkj3I0awtJX4hP44gu2or.0GhA267rsOGspjysr6mWF91aDEu', 'Tô Thị Minh Hồng', '0387267892', NULL, 'FEMALE', NULL, 'DHKTPM15B', 'UNIVERSITY', 1, '2024-07-25 19:00:57', '2024-07-25 19:00:57', 'e4fe02cb-f2b0-4afa-885d-d1b93130d350'),
	('2ce45a55-e562-470b-b52b-43fa6c99f327', '19495921', '$2b$10$N3Xldkj3I0awtJX4hP44gu2or.0GhA267rsOGspjysr6mWF91aDEu', 'Ngô Hữu Nghị', '0378929240', NULL, 'MALE', NULL, 'DHKTPM15B', 'UNIVERSITY', 1, '2024-07-25 19:00:57', '2024-07-25 19:00:57', 'e4fe02cb-f2b0-4afa-885d-d1b93130d350'),
	('30855a3f-7c13-440a-96f5-ab4b4391d82b', '19432121', '$2b$10$N3Xldkj3I0awtJX4hP44gu2or.0GhA267rsOGspjysr6mWF91aDEu', 'Phạm Lê Khánh Duy', '0793464997', NULL, 'MALE', NULL, 'DHKTPM15A', 'UNIVERSITY', 1, '2024-07-25 19:00:57', '2024-07-25 19:00:57', 'e4fe02cb-f2b0-4afa-885d-d1b93130d350'),
	('34cbefed-1c5d-44a0-9654-0b2c79b2256d', '19435491', '$2b$10$N3Xldkj3I0awtJX4hP44gu2or.0GhA267rsOGspjysr6mWF91aDEu', 'Hoàng Tiến Mạnh Đức', '0334548131', NULL, 'MALE', NULL, 'DHKTPM15A', 'UNIVERSITY', 1, '2024-07-25 19:00:57', '2024-07-25 19:00:57', 'e4fe02cb-f2b0-4afa-885d-d1b93130d350'),
	('3e730a46-4fb4-43f2-b98e-6bb303a8ea69', '19476651', '$2b$10$N3Xldkj3I0awtJX4hP44gu2or.0GhA267rsOGspjysr6mWF91aDEu', 'Nguyễn Trọng Phú', '0386267998', NULL, 'MALE', NULL, 'DHKTPM15A', 'UNIVERSITY', 1, '2024-07-25 19:00:57', '2024-07-25 19:00:57', 'e4fe02cb-f2b0-4afa-885d-d1b93130d350'),
	('474a38c9-9453-4310-ae9a-728db84467af', '19481331', '$2b$10$N3Xldkj3I0awtJX4hP44gu2or.0GhA267rsOGspjysr6mWF91aDEu', 'Nguyễn Thành Nhân', '0373523365', NULL, 'MALE', NULL, 'DHKTPM15A', 'UNIVERSITY', 1, '2024-07-25 19:00:57', '2024-07-25 19:00:57', 'e4fe02cb-f2b0-4afa-885d-d1b93130d350'),
	('4757d927-ec64-4019-b417-2d25c70b615d', '19482171', '$2b$10$N3Xldkj3I0awtJX4hP44gu2or.0GhA267rsOGspjysr6mWF91aDEu', 'Võ Phước Lưu', '0333751890', NULL, 'MALE', NULL, 'DHKTPM15A', 'UNIVERSITY', 1, '2024-07-25 19:00:57', '2024-07-25 19:00:57', 'e4fe02cb-f2b0-4afa-885d-d1b93130d350'),
	('4d6e90dc-942b-4ac6-b70c-782e88049fd5', '19476751', '$2b$10$N3Xldkj3I0awtJX4hP44gu2or.0GhA267rsOGspjysr6mWF91aDEu', 'Ngô Trường Giang', '0838607012', NULL, 'MALE', NULL, 'DHKTPM15A', 'UNIVERSITY', 1, '2024-07-25 19:00:57', '2024-07-25 19:00:57', 'e4fe02cb-f2b0-4afa-885d-d1b93130d350'),
	('4ebbeb9f-3a18-419e-9d3c-95be6393cebe', '19509301', '$2b$10$N3Xldkj3I0awtJX4hP44gu2or.0GhA267rsOGspjysr6mWF91aDEu', 'Trần Bảo Dự', '0345136453', NULL, 'MALE', NULL, 'DHKTPM15B', 'UNIVERSITY', 1, '2024-07-25 19:00:57', '2024-07-25 19:00:57', 'e4fe02cb-f2b0-4afa-885d-d1b93130d350'),
	('4ec63443-473d-4e40-a62b-4c4172adac43', '19508981', '$2b$10$N3Xldkj3I0awtJX4hP44gu2or.0GhA267rsOGspjysr6mWF91aDEu', 'Nguyễn Văn Hoàng', '0973704198', NULL, 'MALE', NULL, 'DHKTPM15B', 'UNIVERSITY', 1, '2024-07-25 19:00:57', '2024-07-25 19:00:57', 'e4fe02cb-f2b0-4afa-885d-d1b93130d350'),
	('537ce215-50e1-4093-b992-e04ac65c6dfc', '19501261', '$2b$10$N3Xldkj3I0awtJX4hP44gu2or.0GhA267rsOGspjysr6mWF91aDEu', 'Mã Vũ', '0931866264', NULL, 'MALE', NULL, 'DHKTPM15B', 'UNIVERSITY', 1, '2024-07-25 19:00:58', '2024-07-25 19:00:58', 'e4fe02cb-f2b0-4afa-885d-d1b93130d350'),
	('56121747-47cb-480d-89a6-ab1348c25c2b', '19518101', '$2b$10$N3Xldkj3I0awtJX4hP44gu2or.0GhA267rsOGspjysr6mWF91aDEu', 'Nguyễn Minh Thuận', '0817808173', NULL, 'MALE', NULL, 'DHKTPM15B', 'UNIVERSITY', 1, '2024-07-25 19:00:58', '2024-07-25 19:00:58', 'e4fe02cb-f2b0-4afa-885d-d1b93130d350'),
	('56be75ec-2acf-4f65-bbb2-1bf0518f3548', '19470041', '$2b$10$N3Xldkj3I0awtJX4hP44gu2or.0GhA267rsOGspjysr6mWF91aDEu', 'Nguyễn Huỳnh Chí Bảo', '0338618229', NULL, 'MALE', NULL, 'DHKTPM15B', 'UNIVERSITY', 1, '2024-07-25 19:00:57', '2024-07-25 19:00:57', 'e4fe02cb-f2b0-4afa-885d-d1b93130d350'),
	('598e94e4-9688-4165-904f-c4657825a8b7', '19525741', '$2b$10$N3Xldkj3I0awtJX4hP44gu2or.0GhA267rsOGspjysr6mWF91aDEu', 'Trần Nguyễn Kha Vỹ', '0972211749', NULL, 'MALE', NULL, 'DHKTPM15A', 'UNIVERSITY', 1, '2024-07-25 19:00:58', '2024-07-25 19:00:58', 'e4fe02cb-f2b0-4afa-885d-d1b93130d350'),
	('5a993f0f-9ffc-4611-a954-3fe6285f799a', '19508751', '$2b$10$N3Xldkj3I0awtJX4hP44gu2or.0GhA267rsOGspjysr6mWF91aDEu', 'Lê Chí Sơn', '0378390223', NULL, 'MALE', NULL, 'DHKTPM15B', 'UNIVERSITY', 1, '2024-07-25 19:00:57', '2024-07-25 19:00:57', 'e4fe02cb-f2b0-4afa-885d-d1b93130d350'),
	('5e870472-fe2d-4155-9f6d-a298b8c14acf', '19431331', '$2b$10$N3Xldkj3I0awtJX4hP44gu2or.0GhA267rsOGspjysr6mWF91aDEu', 'Huỳnh Duy Kha', '0833352650', NULL, 'MALE', NULL, 'DHKTPM15A', 'UNIVERSITY', 1, '2024-07-25 19:00:57', '2024-07-25 19:00:57', 'e4fe02cb-f2b0-4afa-885d-d1b93130d350'),
	('61e0fbc6-f806-4c5e-9ee7-beb0b80f1efa', '19446101', '$2b$10$N3Xldkj3I0awtJX4hP44gu2or.0GhA267rsOGspjysr6mWF91aDEu', 'Phạm Thành Đạt', '0339686430', NULL, 'MALE', NULL, 'DHKTPM15B', 'UNIVERSITY', 1, '2024-07-25 19:00:57', '2024-07-25 19:00:57', 'e4fe02cb-f2b0-4afa-885d-d1b93130d350'),
	('650ea246-4284-48b6-a10b-5ee49528d83d', '19520101', '$2b$10$N3Xldkj3I0awtJX4hP44gu2or.0GhA267rsOGspjysr6mWF91aDEu', 'Lê Xuân Hòa', '0356415806', NULL, 'MALE', NULL, 'DHKTPM15B', 'UNIVERSITY', 1, '2024-07-25 19:00:57', '2024-07-25 19:00:57', 'e4fe02cb-f2b0-4afa-885d-d1b93130d350'),
	('68b84bb4-725d-42e0-8406-4906c25977a7', '19487901', '$2b$10$N3Xldkj3I0awtJX4hP44gu2or.0GhA267rsOGspjysr6mWF91aDEu', 'Phạm Hữu Quốc Toàn', '0867981145', NULL, 'MALE', NULL, 'DHKTPM15A', 'UNIVERSITY', 1, '2024-07-25 19:00:58', '2024-07-25 19:00:58', 'e4fe02cb-f2b0-4afa-885d-d1b93130d350'),
	('6a6e4849-a1bd-4ff9-b505-5ffd3deab6ec', '19524231', '$2b$10$N3Xldkj3I0awtJX4hP44gu2or.0GhA267rsOGspjysr6mWF91aDEu', 'Nguyễn Huy Nam', '0932669483', NULL, 'MALE', NULL, 'DHKTPM15A', 'UNIVERSITY', 1, '2024-07-25 19:00:57', '2024-07-25 19:00:57', 'e4fe02cb-f2b0-4afa-885d-d1b93130d350'),
	('76472635-bb5b-48ea-a658-5b47f8fd5da6', '19495701', '$2b$10$N3Xldkj3I0awtJX4hP44gu2or.0GhA267rsOGspjysr6mWF91aDEu', 'Nguyễn Anh Khoa', '0339194695', NULL, 'MALE', NULL, 'DHKTPM15B', 'UNIVERSITY', 1, '2024-07-25 19:00:57', '2024-07-25 19:00:57', 'e4fe02cb-f2b0-4afa-885d-d1b93130d350'),
	('7c69968a-af02-4a8c-aa62-8ffef279cfe0', '19525742', '$2b$10$N3Xldkj3I0awtJX4hP44gu2or.0GhA267rsOGspjysr6mWF91aDEu', 'Trần Nguyễn Kha Hoàng', '0972211750', NULL, 'MALE', NULL, 'DHKTPM15C', 'UNIVERSITY', 1, '2024-07-25 19:00:58', '2024-07-25 19:00:58', 'e4fe02cb-f2b0-4afa-885d-d1b93130d350'),
	('7cfa386c-6e9b-493b-8c18-0b192f2f84d1', '18062811', '$2b$10$N3Xldkj3I0awtJX4hP44gu2or.0GhA267rsOGspjysr6mWF91aDEu', 'Nguyễn Thị Thanh Thúy', '0334838641', NULL, 'FEMALE', NULL, 'DHKTPM14', 'UNIVERSITY', 1, '2024-07-25 19:00:58', '2024-07-25 19:00:58', 'e4fe02cb-f2b0-4afa-885d-d1b93130d350'),
	('8980d4b1-f0c1-4a1b-b301-dc371e778e09', '19522981', '$2b$10$N3Xldkj3I0awtJX4hP44gu2or.0GhA267rsOGspjysr6mWF91aDEu', 'Nguyễn Duy Hiếu', '0368783161', NULL, 'MALE', NULL, 'DHKTPM15B', 'UNIVERSITY', 1, '2024-07-25 19:00:57', '2024-07-25 19:00:57', 'e4fe02cb-f2b0-4afa-885d-d1b93130d350'),
	('8d2abe88-bfb7-4817-bfce-8d17656ba25c', '19439251', '$2b$10$N3Xldkj3I0awtJX4hP44gu2or.0GhA267rsOGspjysr6mWF91aDEu', 'Lê Quang Đạt', '0867490052', NULL, 'MALE', NULL, 'DHKTPM15A', 'UNIVERSITY', 1, '2024-07-25 19:00:57', '2024-07-25 19:00:57', 'e4fe02cb-f2b0-4afa-885d-d1b93130d350'),
	('8dc79f71-65f1-4949-ba18-46b6c1d03f96', '19469221', '$2b$10$N3Xldkj3I0awtJX4hP44gu2or.0GhA267rsOGspjysr6mWF91aDEu', 'Phạm Phước Duyên', '0973087171', NULL, 'FEMALE', NULL, 'DHKTPM15A', 'UNIVERSITY', 1, '2024-07-25 19:00:57', '2024-07-25 19:00:57', 'e4fe02cb-f2b0-4afa-885d-d1b93130d350'),
	('8e076334-4e24-414b-a59a-9c0fdc681267', '19503881', '$2b$10$N3Xldkj3I0awtJX4hP44gu2or.0GhA267rsOGspjysr6mWF91aDEu', 'Lê Khoa Văn', '0963325802', NULL, 'MALE', NULL, 'DHKTPM15B', 'UNIVERSITY', 1, '2024-07-25 19:00:58', '2024-07-25 19:00:58', 'e4fe02cb-f2b0-4afa-885d-d1b93130d350'),
	('99d6fc54-39a0-48f1-a59b-3af76d50beab', '19497751', '$2b$10$N3Xldkj3I0awtJX4hP44gu2or.0GhA267rsOGspjysr6mWF91aDEu', 'Trần Vinh Quang', '0387383927', NULL, 'MALE', NULL, 'DHKTPM15B', 'UNIVERSITY', 1, '2024-07-25 19:00:57', '2024-07-25 19:00:57', 'e4fe02cb-f2b0-4afa-885d-d1b93130d350'),
	('ad9fbd3e-55a9-4d8a-b983-3804706f59de', '19481471', '$2b$10$N3Xldkj3I0awtJX4hP44gu2or.0GhA267rsOGspjysr6mWF91aDEu', 'Nguyễn Dương Minh Huy', '0342409507', NULL, 'MALE', NULL, 'DHKTPM15A', 'UNIVERSITY', 1, '2024-07-25 19:00:57', '2024-07-25 19:00:57', 'e4fe02cb-f2b0-4afa-885d-d1b93130d350'),
	('ae7e987d-08ce-485a-9394-fc09dfb3b011', '19486011', '$2b$10$N3Xldkj3I0awtJX4hP44gu2or.0GhA267rsOGspjysr6mWF91aDEu', 'Phan Võ Trọng', '0394 932 438', NULL, 'MALE', NULL, 'DHKTPM15A', 'UNIVERSITY', 1, '2024-07-25 19:00:58', '2024-07-25 19:00:58', 'e4fe02cb-f2b0-4afa-885d-d1b93130d350'),
	('b62c1883-1622-4d27-bdf0-8024889af300', '19498091', '$2b$10$N3Xldkj3I0awtJX4hP44gu2or.0GhA267rsOGspjysr6mWF91aDEu', 'Phạm Hữu Tài', '0917482790', NULL, 'MALE', NULL, 'DHKTPM15B', 'UNIVERSITY', 1, '2024-07-25 19:00:58', '2024-07-25 19:00:58', 'e4fe02cb-f2b0-4afa-885d-d1b93130d350'),
	('b7ba1c90-be52-47df-85fd-be45853e5e52', '19495741', '$2b$10$N3Xldkj3I0awtJX4hP44gu2or.0GhA267rsOGspjysr6mWF91aDEu', 'Huỳnh Nhật Quang', '0342455466', NULL, 'MALE', NULL, 'DHKTPM15B', 'UNIVERSITY', 1, '2024-07-25 19:00:57', '2024-07-25 19:00:57', 'e4fe02cb-f2b0-4afa-885d-d1b93130d350'),
	('bfed64a2-c2ec-4071-82a6-907d510ba866', '19470491', '$2b$10$N3Xldkj3I0awtJX4hP44gu2or.0GhA267rsOGspjysr6mWF91aDEu', 'Tống Gia Huy', '0902642161', NULL, 'MALE', NULL, 'DHKTPM15B', 'UNIVERSITY', 1, '2024-07-25 19:00:57', '2024-07-25 19:00:57', 'e4fe02cb-f2b0-4afa-885d-d1b93130d350'),
	('ced3e32d-63d5-48da-8281-edb8644285a0', '19520901', '$2b$10$N3Xldkj3I0awtJX4hP44gu2or.0GhA267rsOGspjysr6mWF91aDEu', 'Nguyễn Ngọc Huân', '0974822904', NULL, 'MALE', NULL, 'DHKTPM15A', 'UNIVERSITY', 1, '2024-07-25 19:00:57', '2024-07-25 19:00:57', 'e4fe02cb-f2b0-4afa-885d-d1b93130d350'),
	('d94c7ea3-c724-4f03-bc5e-25b68b36ec38', '19434851', '$2b$10$N3Xldkj3I0awtJX4hP44gu2or.0GhA267rsOGspjysr6mWF91aDEu', 'Trần Minh Hiếu', '0869648453', NULL, 'MALE', NULL, 'DHKTPM15A', 'UNIVERSITY', 1, '2024-07-25 19:00:57', '2024-07-25 19:00:57', 'e4fe02cb-f2b0-4afa-885d-d1b93130d350'),
	('d9ba9cfd-1627-4b39-98f0-a769576f539c', '19473311', '$2b$10$N3Xldkj3I0awtJX4hP44gu2or.0GhA267rsOGspjysr6mWF91aDEu', 'Vũ Quang Huy', '0984218514', NULL, 'MALE', NULL, 'DHKTPM15A', 'UNIVERSITY', 1, '2024-07-25 19:00:57', '2024-07-25 19:00:57', 'e4fe02cb-f2b0-4afa-885d-d1b93130d350'),
	('db3190c2-445d-4ae9-b754-ee1e1fdcb33e', '19525251', '$2b$10$N3Xldkj3I0awtJX4hP44gu2or.0GhA267rsOGspjysr6mWF91aDEu', 'Nguyễn Đình Trường', '0378785836', NULL, 'MALE', NULL, 'DHKTPM15B', 'UNIVERSITY', 1, '2024-07-25 19:00:58', '2024-07-25 19:00:58', 'e4fe02cb-f2b0-4afa-885d-d1b93130d350'),
	('dcbd60c5-4ceb-4072-9c6e-f88c3934e0cb', '19432841', '$2b$10$N3Xldkj3I0awtJX4hP44gu2or.0GhA267rsOGspjysr6mWF91aDEu', 'Phan Thanh Phong', '0375559875', NULL, 'MALE', NULL, 'DHKTPM15A', 'UNIVERSITY', 1, '2024-07-25 19:00:57', '2024-07-25 19:00:57', 'e4fe02cb-f2b0-4afa-885d-d1b93130d350'),
	('dec74f42-60bb-4973-ac95-45ba67f7c73e', '19429061', '$2b$10$N3Xldkj3I0awtJX4hP44gu2or.0GhA267rsOGspjysr6mWF91aDEu', 'Phạm Hoàng Huy', '0964505517', NULL, 'MALE', NULL, 'DHKTPM15A', 'UNIVERSITY', 1, '2024-07-25 19:00:57', '2024-07-25 19:00:57', 'e4fe02cb-f2b0-4afa-885d-d1b93130d350'),
	('e89c4fb3-8a02-432b-a491-596ac547d5de', '19478651', '$2b$10$N3Xldkj3I0awtJX4hP44gu2or.0GhA267rsOGspjysr6mWF91aDEu', 'Nguyễn Hoàng Vũ', '0919602469', NULL, 'MALE', NULL, 'DHKTPM15A', 'UNIVERSITY', 1, '2024-07-25 19:00:58', '2024-07-25 19:00:58', 'e4fe02cb-f2b0-4afa-885d-d1b93130d350'),
	('ecc02f3a-4c5a-4495-91dd-bf4ba06db2a8', '19480271', '$2b$10$N3Xldkj3I0awtJX4hP44gu2or.0GhA267rsOGspjysr6mWF91aDEu', 'Vũ Huy Hoàng', '0917789964', NULL, 'MALE', NULL, 'DHKTPM15A', 'UNIVERSITY', 1, '2024-07-25 19:00:57', '2024-07-25 19:00:57', 'e4fe02cb-f2b0-4afa-885d-d1b93130d350'),
	('f74ebba7-ee63-460f-9a02-c31df6217fea', '19502521', '$2b$10$N3Xldkj3I0awtJX4hP44gu2or.0GhA267rsOGspjysr6mWF91aDEu', 'Tô Đức Hiếu', '0372460109', NULL, 'MALE', NULL, 'DHKTPM15B', 'UNIVERSITY', 1, '2024-07-25 19:00:57', '2024-07-25 19:00:57', 'e4fe02cb-f2b0-4afa-885d-d1b93130d350');

INSERT INTO `student_terms` (`id`, `status`, `is_admin`, `created_at`, `updated_at`, `term_id`, `group_student_id`, `student_id`) VALUES
	('0240b692-1b0e-45f0-93bf-74621199fa15', 'OPEN', 0, '2024-07-25 19:00:57', '2024-07-25 19:00:57', '71e2da71-ddc1-4da6-aede-08cdd36b2eab', NULL, 'f74ebba7-ee63-460f-9a02-c31df6217fea'),
	('1e28bfca-e0b2-4581-a05a-7973c2b3d771', 'OPEN', 0, '2024-07-25 19:00:57', '2024-07-25 19:00:57', '71e2da71-ddc1-4da6-aede-08cdd36b2eab', NULL, '5a993f0f-9ffc-4611-a954-3fe6285f799a'),
	('28306242-8e2d-4dae-a913-981ce4c0751d', 'OPEN', 0, '2024-07-25 19:00:57', '2024-07-25 19:00:57', '71e2da71-ddc1-4da6-aede-08cdd36b2eab', NULL, '292fb1e2-491b-4eb4-aaa7-ade84c318199'),
	('3063a9c2-530c-4476-abb1-d6596281818a', 'OPEN', 0, '2024-07-25 19:00:57', '2024-07-25 19:00:57', '71e2da71-ddc1-4da6-aede-08cdd36b2eab', NULL, '4ebbeb9f-3a18-419e-9d3c-95be6393cebe'),
	('33225c10-7f44-4dfe-8c43-aa807514693f', 'OPEN', 0, '2024-07-25 19:00:58', '2024-07-25 19:00:58', '71e2da71-ddc1-4da6-aede-08cdd36b2eab', NULL, 'e89c4fb3-8a02-432b-a491-596ac547d5de'),
	('3324639f-1c8e-4b16-8dd9-c0f025e5e58f', 'OPEN', 0, '2024-07-25 19:00:58', '2024-07-25 19:00:58', '71e2da71-ddc1-4da6-aede-08cdd36b2eab', NULL, 'b62c1883-1622-4d27-bdf0-8024889af300'),
	('3b0a7c81-e536-4378-be96-6aa7346d6b9f', 'OPEN', 0, '2024-07-25 19:00:58', '2024-07-25 19:00:58', '71e2da71-ddc1-4da6-aede-08cdd36b2eab', NULL, '537ce215-50e1-4093-b992-e04ac65c6dfc'),
	('3e966545-b1a9-482e-b546-5f513f6b7a69', 'OPEN', 0, '2024-07-25 19:00:58', '2024-07-25 19:00:58', '71e2da71-ddc1-4da6-aede-08cdd36b2eab', NULL, 'db3190c2-445d-4ae9-b754-ee1e1fdcb33e'),
	('4a163c29-0954-4cb4-aa52-e7f415a11389', 'OPEN', 0, '2024-07-25 19:00:57', '2024-07-25 19:00:57', '71e2da71-ddc1-4da6-aede-08cdd36b2eab', NULL, '4d6e90dc-942b-4ac6-b70c-782e88049fd5'),
	('510c672d-acc1-4962-ac8c-c69b3f554044', 'OPEN', 0, '2024-07-25 19:00:57', '2024-07-25 19:00:57', '71e2da71-ddc1-4da6-aede-08cdd36b2eab', NULL, '3e730a46-4fb4-43f2-b98e-6bb303a8ea69'),
	('5228d9cd-97e0-42ea-8c58-1cfece95eacc', 'OPEN', 0, '2024-07-25 19:00:57', '2024-07-25 19:00:57', '71e2da71-ddc1-4da6-aede-08cdd36b2eab', NULL, 'bfed64a2-c2ec-4071-82a6-907d510ba866'),
	('52654746-c111-4bfb-8eb6-631c2b67fbb7', 'OPEN', 0, '2024-07-25 19:00:57', '2024-07-25 19:00:57', '71e2da71-ddc1-4da6-aede-08cdd36b2eab', NULL, '4ec63443-473d-4e40-a62b-4c4172adac43'),
	('5304dc65-2a23-49d7-8757-64dabd95dabd', 'OPEN', 0, '2024-07-25 19:00:57', '2024-07-25 19:00:57', '71e2da71-ddc1-4da6-aede-08cdd36b2eab', NULL, '5e870472-fe2d-4155-9f6d-a298b8c14acf'),
	('574191c6-c972-4c72-aa20-8615c536c529', 'OPEN', 0, '2024-07-25 19:00:57', '2024-07-25 19:00:57', '71e2da71-ddc1-4da6-aede-08cdd36b2eab', NULL, 'ad9fbd3e-55a9-4d8a-b983-3804706f59de'),
	('5f9ae4f1-bad1-4338-818b-1e5ec37a44c4', 'OPEN', 0, '2024-07-25 19:00:58', '2024-07-25 19:00:58', '71e2da71-ddc1-4da6-aede-08cdd36b2eab', NULL, 'ae7e987d-08ce-485a-9394-fc09dfb3b011'),
	('60152672-4702-4918-8bf9-5565701edb10', 'OPEN', 0, '2024-07-25 19:00:57', '2024-07-25 19:00:57', '71e2da71-ddc1-4da6-aede-08cdd36b2eab', NULL, '8dc79f71-65f1-4949-ba18-46b6c1d03f96'),
	('61b195df-aae0-412f-94ef-cd3b28ea3de8', 'OPEN', 0, '2024-07-25 19:00:57', '2024-07-25 19:00:57', '71e2da71-ddc1-4da6-aede-08cdd36b2eab', NULL, '1290cc7c-0d00-473c-ac68-c42fef6ec6aa'),
	('6973d6ed-8426-4a0b-9adb-5ff9b47e16b3', 'OPEN', 0, '2024-07-25 19:00:58', '2024-07-25 19:00:58', '71e2da71-ddc1-4da6-aede-08cdd36b2eab', NULL, '56121747-47cb-480d-89a6-ab1348c25c2b'),
	('6b16bf64-6a7e-463a-ba87-be455f9d6226', 'OPEN', 0, '2024-07-25 19:00:58', '2024-07-25 19:00:58', '71e2da71-ddc1-4da6-aede-08cdd36b2eab', NULL, '7c69968a-af02-4a8c-aa62-8ffef279cfe0'),
	('70420bea-c616-4770-86eb-58ed6418fc23', 'OPEN', 0, '2024-07-25 19:00:57', '2024-07-25 19:00:57', '71e2da71-ddc1-4da6-aede-08cdd36b2eab', NULL, '30855a3f-7c13-440a-96f5-ab4b4391d82b'),
	('71e426e2-0b9b-4fc6-b5b8-232ddafa83f2', 'OPEN', 0, '2024-07-25 19:00:57', '2024-07-25 19:00:57', '71e2da71-ddc1-4da6-aede-08cdd36b2eab', NULL, 'd94c7ea3-c724-4f03-bc5e-25b68b36ec38'),
	('7ac455a9-5cae-40c8-a423-936d00c45396', 'OPEN', 0, '2024-07-25 19:00:57', '2024-07-25 19:00:57', '71e2da71-ddc1-4da6-aede-08cdd36b2eab', NULL, 'b7ba1c90-be52-47df-85fd-be45853e5e52'),
	('7b585a29-8309-49de-947e-364de608c27d', 'OPEN', 0, '2024-07-25 19:00:57', '2024-07-25 19:00:57', '71e2da71-ddc1-4da6-aede-08cdd36b2eab', NULL, '1fbf1187-fa26-4374-8d4c-0f4715c0808a'),
	('7ef33480-f01e-44f8-acbb-7b9123d798b6', 'OPEN', 0, '2024-07-25 19:00:57', '2024-07-25 19:00:57', '71e2da71-ddc1-4da6-aede-08cdd36b2eab', NULL, 'ecc02f3a-4c5a-4495-91dd-bf4ba06db2a8'),
	('80812915-237f-4b51-a4ef-758d047641d0', 'OPEN', 0, '2024-07-25 19:00:57', '2024-07-25 19:00:57', '71e2da71-ddc1-4da6-aede-08cdd36b2eab', NULL, 'd9ba9cfd-1627-4b39-98f0-a769576f539c'),
	('860ca58a-b205-490b-beeb-b96d29615fe3', 'OPEN', 0, '2024-07-25 19:00:57', '2024-07-25 19:00:57', '71e2da71-ddc1-4da6-aede-08cdd36b2eab', NULL, '165272c9-da3f-4042-9dc9-eed05f3c15bf'),
	('9637868a-7015-4e33-805e-6d5957e98500', 'OPEN', 0, '2024-07-25 19:00:58', '2024-07-25 19:00:58', '71e2da71-ddc1-4da6-aede-08cdd36b2eab', NULL, '68b84bb4-725d-42e0-8406-4906c25977a7'),
	('995b4edb-5925-45a5-989c-1745e54f92c0', 'OPEN', 0, '2024-07-25 19:00:57', '2024-07-25 19:00:57', '71e2da71-ddc1-4da6-aede-08cdd36b2eab', NULL, '650ea246-4284-48b6-a10b-5ee49528d83d'),
	('9f4fb07b-21e9-4a02-a4be-95e6ac85f554', 'OPEN', 0, '2024-07-25 19:00:57', '2024-07-25 19:00:57', '71e2da71-ddc1-4da6-aede-08cdd36b2eab', NULL, '8d2abe88-bfb7-4817-bfce-8d17656ba25c'),
	('a4f006ed-ceb1-46cc-a87b-d1d206863ee6', 'OPEN', 0, '2024-07-25 19:00:57', '2024-07-25 19:00:57', '71e2da71-ddc1-4da6-aede-08cdd36b2eab', NULL, '99d6fc54-39a0-48f1-a59b-3af76d50beab'),
	('a9aa46f6-59a0-4f92-9893-c9f89a4ec45d', 'OPEN', 0, '2024-07-25 19:00:57', '2024-07-25 19:00:57', '71e2da71-ddc1-4da6-aede-08cdd36b2eab', NULL, '56be75ec-2acf-4f65-bbb2-1bf0518f3548'),
	('ac827d06-cb3b-44d5-a6ee-9863918ffe69', 'OPEN', 0, '2024-07-25 19:00:57', '2024-07-25 19:00:57', '71e2da71-ddc1-4da6-aede-08cdd36b2eab', NULL, '61e0fbc6-f806-4c5e-9ee7-beb0b80f1efa'),
	('b929390b-f3c8-4f23-be2b-be86cf6f6479', 'OPEN', 0, '2024-07-25 19:00:58', '2024-07-25 19:00:58', '71e2da71-ddc1-4da6-aede-08cdd36b2eab', NULL, '7cfa386c-6e9b-493b-8c18-0b192f2f84d1'),
	('b9c76c43-379b-4cd7-b259-c4a89e77c40e', 'OPEN', 0, '2024-07-25 19:00:58', '2024-07-25 19:00:58', '71e2da71-ddc1-4da6-aede-08cdd36b2eab', 'ff338826-a4f2-4c68-91c9-d41b3355cc18', '0b32e435-55e6-4581-b874-bea8e8909557'),
	('bb57b04a-3721-4a81-891c-cb60b5bfb579', 'OPEN', 0, '2024-07-25 19:00:58', '2024-07-25 19:00:58', '71e2da71-ddc1-4da6-aede-08cdd36b2eab', NULL, '8e076334-4e24-414b-a59a-9c0fdc681267'),
	('bbbee57e-3e78-4496-9f60-13f8a744fcea', 'OPEN', 0, '2024-07-25 19:00:58', '2024-07-25 19:00:58', '71e2da71-ddc1-4da6-aede-08cdd36b2eab', 'fa15520a-30d0-4d3d-9d63-4428e3ab4104', '079f5bf1-97a0-4fc5-aa8e-7d43c8a069c4'),
	('cc283a9a-fae9-405b-b96d-7c447c918273', 'OPEN', 0, '2024-07-25 19:00:57', '2024-07-25 19:00:57', '71e2da71-ddc1-4da6-aede-08cdd36b2eab', 'fa15520a-30d0-4d3d-9d63-4428e3ab4104', '06c508d5-7d56-43ba-bcb1-358adf0e6790'),
	('d9a6b2d2-d642-4256-9261-485a5d7265a8', 'OPEN', 0, '2024-07-25 19:00:57', '2024-07-25 19:00:57', '71e2da71-ddc1-4da6-aede-08cdd36b2eab', NULL, '474a38c9-9453-4310-ae9a-728db84467af'),
	('e67ba48e-b46c-41ff-8d9f-bf3e5b6513eb', 'OPEN', 0, '2024-07-25 19:00:58', '2024-07-25 19:00:58', '71e2da71-ddc1-4da6-aede-08cdd36b2eab', NULL, '598e94e4-9688-4165-904f-c4657825a8b7'),
	('ea9188f9-b47a-4f46-8f21-378814128557', 'OPEN', 0, '2024-07-25 19:00:57', '2024-07-25 19:00:57', '71e2da71-ddc1-4da6-aede-08cdd36b2eab', NULL, '76472635-bb5b-48ea-a658-5b47f8fd5da6'),
	('ebc6d331-0c7b-48b2-a822-6ddb9ca0ccdc', 'OPEN', 0, '2024-07-25 19:00:57', '2024-07-25 19:00:57', '71e2da71-ddc1-4da6-aede-08cdd36b2eab', NULL, '6a6e4849-a1bd-4ff9-b505-5ffd3deab6ec'),
	('ee4e7a54-9fa5-439f-87e9-d3574a9dadc4', 'OPEN', 0, '2024-07-25 19:00:57', '2024-07-25 19:00:57', '71e2da71-ddc1-4da6-aede-08cdd36b2eab', NULL, '34cbefed-1c5d-44a0-9654-0b2c79b2256d'),
	('ef709ba7-51e4-4c29-8e58-df97b316ba21', 'OPEN', 0, '2024-07-25 19:00:57', '2024-07-25 19:00:57', '71e2da71-ddc1-4da6-aede-08cdd36b2eab', NULL, '2ce45a55-e562-470b-b52b-43fa6c99f327'),
	('f537cfda-e663-4450-bb1b-c9762fb61e4a', 'OPEN', 0, '2024-07-25 19:00:57', '2024-07-25 19:00:57', '71e2da71-ddc1-4da6-aede-08cdd36b2eab', 'ff338826-a4f2-4c68-91c9-d41b3355cc18', '10590f42-6fd2-4701-8838-923abd64b76d'),
	('f63cff2c-62b4-4753-98e5-19b3ffb764d5', 'OPEN', 0, '2024-07-25 19:00:57', '2024-07-25 19:00:57', '71e2da71-ddc1-4da6-aede-08cdd36b2eab', NULL, '4757d927-ec64-4019-b417-2d25c70b615d'),
	('f9b442b4-ee18-43c4-9d88-99cf4cc36fea', 'OPEN', 0, '2024-07-25 19:00:57', '2024-07-25 19:00:57', '71e2da71-ddc1-4da6-aede-08cdd36b2eab', NULL, 'dcbd60c5-4ceb-4072-9c6e-f88c3934e0cb'),
	('fbb1e7c2-44f6-4849-8ac4-9739a73f173c', 'OPEN', 0, '2024-07-25 19:00:57', '2024-07-25 19:00:57', '71e2da71-ddc1-4da6-aede-08cdd36b2eab', NULL, 'ced3e32d-63d5-48da-8281-edb8644285a0'),
	('fc201317-e451-488f-82f7-1313d685e97b', 'OPEN', 0, '2024-07-25 19:00:57', '2024-07-25 19:00:57', '71e2da71-ddc1-4da6-aede-08cdd36b2eab', NULL, '8980d4b1-f0c1-4a1b-b301-dc371e778e09'),
	('ff6152ed-dfa4-43a1-934e-c2e74dbc3186', 'OPEN', 0, '2024-07-25 19:00:57', '2024-07-25 19:00:57', '71e2da71-ddc1-4da6-aede-08cdd36b2eab', NULL, 'dec74f42-60bb-4973-ac95-45ba67f7c73e');

INSERT INTO `transcripts` (`id`, `score`, `created_at`, `updated_at`, `student_term_id`, `evaluation_id`, `lecturer_term_id`) VALUES
	('13e887cf-4a23-44be-a28e-dc1554b6de21', 10, '2024-07-26 15:24:47', '2024-07-26 15:25:32', 'cc283a9a-fae9-405b-b96d-7c447c918273', 'dabf330b-349c-403d-9dd5-3f0676cb056b', '5eb744e0-3c2a-4167-8e6e-c629dda38ee2'),
	('1d4794f2-7e30-4745-a785-8e9fd79a07db', 7, '2024-07-26 15:24:47', '2024-07-26 15:24:47', 'cc283a9a-fae9-405b-b96d-7c447c918273', '6f83a600-87d5-4e8e-8b42-bea396436e05', '5eb744e0-3c2a-4167-8e6e-c629dda38ee2'),
	('20a7fdea-421a-4b02-9fd4-48b46578754b', 8, '2024-07-26 15:24:47', '2024-07-26 15:25:32', 'cc283a9a-fae9-405b-b96d-7c447c918273', '99451eca-040e-47bf-b9f0-37fe3642999d', '5eb744e0-3c2a-4167-8e6e-c629dda38ee2'),
	('7d79c006-14da-4809-a63a-44169d7ff3e4', 5, '2024-07-26 15:24:47', '2024-07-26 15:25:32', 'cc283a9a-fae9-405b-b96d-7c447c918273', 'f38ceff5-75a2-46d3-b42f-eee0ddcb2c58', '5eb744e0-3c2a-4167-8e6e-c629dda38ee2'),
	('b73b1b34-363b-4d28-842d-d82247bbf84c', 5, '2024-07-26 15:24:47', '2024-07-26 15:25:32', 'cc283a9a-fae9-405b-b96d-7c447c918273', '1c849a22-78cb-4a5d-806a-da7257d87a89', '5eb744e0-3c2a-4167-8e6e-c629dda38ee2'),
	('beb21f42-0668-407d-a5a6-03a47c186d5f', 6, '2024-07-26 15:24:47', '2024-07-26 15:25:32', 'cc283a9a-fae9-405b-b96d-7c447c918273', '3ce5c982-a719-44b9-9c03-e865897661dc', '5eb744e0-3c2a-4167-8e6e-c629dda38ee2'),
	('e607c27f-190a-46c1-a83f-5eeaf4991f10', 9, '2024-07-26 15:24:47', '2024-07-26 15:25:32', 'cc283a9a-fae9-405b-b96d-7c447c918273', 'd417761f-1522-44c0-9c89-70260b83c4a3', '5eb744e0-3c2a-4167-8e6e-c629dda38ee2');


INSERT INTO `notifications` (`id`, `title`, `content`, `type`, `created_at`, `updated_at`, `created_by`) VALUES
	('0f46f3ac-06c8-466a-a761-9aa4c4e462a6', 'title 6', 'content 1234567890', 'GROUP_STUDENT', '2024-08-19 14:23:50', '2024-08-19 14:23:50', '44203a2a-70fb-4b5c-934f-27bdc38bd009'),
	('3150d1e3-e271-4587-9133-55f10edaa508', 'title 5', 'content 1234567890', 'GROUP_STUDENT', '2024-08-19 14:14:18', '2024-08-19 14:14:18', '44203a2a-70fb-4b5c-934f-27bdc38bd009'),
	('69b3a1cb-e233-42ce-8084-91f55d2622c8', 'title 2', 'content 1234567890', 'LECTURER', '2024-08-19 12:52:55', '2024-08-19 12:52:55', '44203a2a-70fb-4b5c-934f-27bdc38bd009'),
	('73eaeb66-0ca7-4e8f-ab81-e17db8349ee5', 'title 3', 'content 1234567890', 'GROUP_LECTURER', '2024-08-19 13:29:59', '2024-08-19 13:29:59', '44203a2a-70fb-4b5c-934f-27bdc38bd009'),
	('804979f7-5fa1-4e93-8807-3936beabd45d', 'title 4', 'content 1234567890', 'STUDENT', '2024-08-19 14:08:17', '2024-08-19 14:08:17', '44203a2a-70fb-4b5c-934f-27bdc38bd009'),
	('c09a1f98-b2ac-4ece-b692-00ea8d707817', 'title 1', 'content 1234567890', 'LECTURER', '2024-08-19 12:52:14', '2024-08-19 12:52:14', '44203a2a-70fb-4b5c-934f-27bdc38bd009');

INSERT INTO `notification_lecturers` (`id`, `is_read`, `created_at`, `updated_at`, `lecturer_id`, `notification_id`) VALUES
	('0be5e856-259f-4cab-8a6b-622d4f454164', 0, '2024-08-19 13:29:59', '2024-08-19 13:29:59', '44203a2a-70fb-4b5c-934f-27bdc38bd009', '73eaeb66-0ca7-4e8f-ab81-e17db8349ee5'),
	('247f0f54-99c5-4e95-80ee-0fb9110889f3', 0, '2024-08-19 13:29:59', '2024-08-19 13:29:59', '0d16e5ea-4a22-4375-a0b7-b187515743c3', '73eaeb66-0ca7-4e8f-ab81-e17db8349ee5'),
	('24f886cd-a7c1-4a47-80f4-b1ae43441679', 0, '2024-08-19 13:29:59', '2024-08-19 13:29:59', '1523da66-ef24-4a26-b89b-1b9eb1bd9a3c', '73eaeb66-0ca7-4e8f-ab81-e17db8349ee5'),
	('3a2dcc8f-5245-40db-9698-2aabb416085f', 0, '2024-08-19 13:29:59', '2024-08-19 13:29:59', '53721bd4-6f76-4b3f-b404-2e03acebecf4', '73eaeb66-0ca7-4e8f-ab81-e17db8349ee5'),
	('3d0ceaa7-5268-4b1d-917b-c8239514833a', 0, '2024-08-19 12:52:55', '2024-08-19 12:52:55', '1523da66-ef24-4a26-b89b-1b9eb1bd9a3c', '69b3a1cb-e233-42ce-8084-91f55d2622c8'),
	('76145fec-29c6-4527-b069-fec917ca701f', 0, '2024-08-19 13:29:59', '2024-08-19 13:29:59', '36c2c907-6520-4092-8c3e-b09654bb35cf', '73eaeb66-0ca7-4e8f-ab81-e17db8349ee5'),
	('961af1ee-ebf3-47af-b09d-07a28639b505', 0, '2024-08-19 12:52:14', '2024-08-19 12:52:14', '0d16e5ea-4a22-4375-a0b7-b187515743c3', 'c09a1f98-b2ac-4ece-b692-00ea8d707817'),
	('b0a34934-f330-424d-813b-236f2f601e01', 0, '2024-08-19 12:52:55', '2024-08-19 12:52:55', '0d16e5ea-4a22-4375-a0b7-b187515743c3', '69b3a1cb-e233-42ce-8084-91f55d2622c8'),
	('cce18751-ebf7-42c3-a3bc-1681bae165bf', 0, '2024-08-19 12:52:55', '2024-08-19 12:52:55', '36c2c907-6520-4092-8c3e-b09654bb35cf', '69b3a1cb-e233-42ce-8084-91f55d2622c8'),
	('fa05675a-c4fc-42b8-995b-66a64dcb19ae', 0, '2024-08-19 13:29:59', '2024-08-19 13:29:59', '6388a4d9-82cb-4706-9710-c36ad0ed4fbd', '73eaeb66-0ca7-4e8f-ab81-e17db8349ee5');

INSERT INTO `notification_students` (`id`, `is_read`, `created_at`, `updated_at`, `student_id`, `notification_id`) VALUES
	('090f5ceb-d485-4d22-aa0d-bd1723288169', 0, '2024-08-19 14:14:18', '2024-08-19 14:14:18', '10590f42-6fd2-4701-8838-923abd64b76d', '3150d1e3-e271-4587-9133-55f10edaa508'),
	('18539d22-fe8a-4619-8b49-761c7a0eca20', 0, '2024-08-19 14:14:18', '2024-08-19 14:14:18', '079f5bf1-97a0-4fc5-aa8e-7d43c8a069c4', '3150d1e3-e271-4587-9133-55f10edaa508'),
	('1d3d7431-eb53-4830-a820-7d3681afa60b', 0, '2024-08-19 14:08:17', '2024-08-19 14:08:17', '0b32e435-55e6-4581-b874-bea8e8909557', '804979f7-5fa1-4e93-8807-3936beabd45d'),
	('201d34c0-2c36-4931-b558-1a118ab1ec3a', 0, '2024-08-19 14:23:50', '2024-08-19 14:23:50', '06c508d5-7d56-43ba-bcb1-358adf0e6790', '0f46f3ac-06c8-466a-a761-9aa4c4e462a6'),
	('37e7a932-cdb6-423f-ab69-12c720b0ac7f', 0, '2024-08-19 14:14:18', '2024-08-19 14:14:18', '06c508d5-7d56-43ba-bcb1-358adf0e6790', '3150d1e3-e271-4587-9133-55f10edaa508'),
	('44777af8-794f-4c32-9fa1-d782405bb47e', 0, '2024-08-19 14:14:18', '2024-08-19 14:14:18', '0b32e435-55e6-4581-b874-bea8e8909557', '3150d1e3-e271-4587-9133-55f10edaa508'),
	('864c7c85-531c-472e-987c-dde649f72893', 0, '2024-08-19 14:08:17', '2024-08-19 14:08:17', '06c508d5-7d56-43ba-bcb1-358adf0e6790', '804979f7-5fa1-4e93-8807-3936beabd45d'),
	('acb329ab-c6d4-41fe-bd7b-527aa1d7f3e1', 0, '2024-08-19 14:23:50', '2024-08-19 14:23:50', '0b32e435-55e6-4581-b874-bea8e8909557', '0f46f3ac-06c8-466a-a761-9aa4c4e462a6'),
	('b1ec795e-09b9-4f54-b4b8-699505fd9381', 0, '2024-08-19 14:23:50', '2024-08-19 14:23:50', '079f5bf1-97a0-4fc5-aa8e-7d43c8a069c4', '0f46f3ac-06c8-466a-a761-9aa4c4e462a6'),
	('e9407cf5-ed5e-4e93-a673-6b28b614d99a', 0, '2024-08-19 14:08:17', '2024-08-19 14:08:17', '079f5bf1-97a0-4fc5-aa8e-7d43c8a069c4', '804979f7-5fa1-4e93-8807-3936beabd45d'),
	('f15e9db4-ef20-428d-9a72-9fd952645aa8', 0, '2024-08-19 14:23:50', '2024-08-19 14:23:50', '10590f42-6fd2-4701-8838-923abd64b76d', '0f46f3ac-06c8-466a-a761-9aa4c4e462a6');

